country,year,mean_act,du_obs,num_obs,sum_data
Angola,2000,0.055,0,3,1.039
Angola,2001,0.05164876033075625,0,3,1.039
Angola,2002,0.046621900826705226,0,3,1.039
Angola,2003,0.041595041322580045,0,3,1.039
Angola,2004,0.038243801653113814,0,3,1.039
Angola,2005,0.03824380165303965,0,3,1.039
Angola,2006,0.0432706611570907,0,3,1.039
Angola,2007,0.055,1,3,1.039
Angola,2008,0.07510743801650073,0,3,1.039
Angola,2009,0.10672314049583774,0,3,1.039
Angola,2010,0.15297727272725586,0,3,1.039
Angola,2011,0.217,1,3,1.039
Angola,2012,0.301921487603315,0,3,1.039
Angola,2013,0.4035619834710866,0,3,1.039
Angola,2014,0.5177417355372008,0,3,1.039
Angola,2015,0.6402809917355433,0,3,1.039
Angola,2016,0.767,1,3,1.039
Angola,2017,0.8937190082644567,0,3,1.039
Angola,2018,1,0,3,1.039
Angola,2019,1,0,3,1.039
Angola,2020,1,0,3,1.039
Angola,2021,1,0,3,1.039
Angola,2022,1,0,3,1.039
Bangladesh,2000,5.733331120242821e-4,0,3,0.0036641160000000002
Bangladesh,2001,6.198145689158691e-4,0,3,0.0036641160000000002
Bangladesh,2002,6.662960258074558e-4,0,3,0.0036641160000000002
Bangladesh,2003,7.127774826990428e-4,0,3,0.0036641160000000002
Bangladesh,2004,7.592589395906295e-4,0,3,0.0036641160000000002
Bangladesh,2005,8.057403964822165e-4,0,3,0.0036641160000000002
Bangladesh,2006,8.522218533738033e-4,0,3,0.0036641160000000002
Bangladesh,2007,8.987033102653901e-4,0,3,0.0036641160000000002
Bangladesh,2008,9.451847671569771e-4,0,3,0.0036641160000000002
Bangladesh,2009,9.91666224048564e-4,0,3,0.0036641160000000002
Bangladesh,2010,0.0010381476809401507,0,3,0.0036641160000000002
Bangladesh,2011,1.55e-4,1,3,0.0036641160000000002
Bangladesh,2012,0.0011311105947233214,0,3,0.0036641160000000002
Bangladesh,2013,0.0011775920516149084,0,3,0.0036641160000000002
Bangladesh,2014,0.002951116,1,3,0.0036641160000000002
Bangladesh,2015,0.001270554965398083,0,3,0.0036641160000000002
Bangladesh,2016,0.0013170364222896704,0,3,0.0036641160000000002
Bangladesh,2017,5.58e-4,1,3,0.0036641160000000002
Bangladesh,2018,0.0014099993360728454,0,3,0.0036641160000000002
Bangladesh,2019,0.0014564807929644328,0,3,0.0036641160000000002
Bangladesh,2020,0.0015029622498560203,0,3,0.0036641160000000002
Bangladesh,2021,0.0015494437067476077,0,3,0.0036641160000000002
Bangladesh,2022,0.001595925163639195,0,3,0.0036641160000000002
Benin,2000,0.0618440107011503,0,5,0.889134875
Benin,2001,0.07098467915134204,0,5,0.889134875
Benin,2002,0.08012534760153378,0,5,0.889134875
Benin,2003,0.08926601605172546,0,5,0.889134875
Benin,2004,0.09840668450191703,0,5,0.889134875
Benin,2005,0.10754735295210871,0,5,0.889134875
Benin,2006,0.007,1,5,0.889134875
Benin,2007,0.1258286898524925,0,5,0.889134875
Benin,2008,0.1349693583026842,0,5,0.889134875
Benin,2009,0.1441100267528759,0,5,0.889134875
Benin,2010,0.1532506952030676,0,5,0.889134875
Benin,2011,0.16239136365325932,0,5,0.889134875
Benin,2012,0.32,1,5,0.889134875
Benin,2013,0.1806727005536428,0,5,0.889134875
Benin,2014,0.131,1,5,0.889134875
Benin,2015,0.1989540374540262,0,5,0.889134875
Benin,2016,0.2080947059042179,0,5,0.889134875
Benin,2017,0.061134875,1,5,0.889134875
Benin,2018,0.37,1,5,0.889134875
Benin,2019,0.23551671125479304,0,5,0.889134875
Benin,2020,0.24465737970498475,0,5,0.889134875
Benin,2021,0.2537980481551765,0,5,0.889134875
Benin,2022,0.26293871660536816,0,5,0.889134875
Burkina Faso,2000,0.05505432812695088,0,6,2.187997992
Burkina Faso,2001,0.06566491664043017,0,6,2.187997992
Burkina Faso,2002,0.07767914490051475,0,6,2.187997992
Burkina Faso,2003,0.09123367431974305,0,6,2.187997992
Burkina Faso,2004,0.10646516631065417,0,6,2.187997992
Burkina Faso,2005,0.12351028228578498,0,6,2.187997992
Burkina Faso,2006,0,1,6,2.187997992
Burkina Faso,2007,0.16358803183886547,0,6,2.187997992
Burkina Faso,2008,0.1865873169644982,0,6,2.187997992
Burkina Faso,2009,0.21133352916972065,0,6,2.187997992
Burkina Faso,2010,0.247,1,6,2.187997992
Burkina Faso,2011,0.2653866953595182,0,6,2.187997992
Burkina Faso,2012,0.2943737364225619,0,6,2.187997992
Burkina Faso,2013,0.32446787872213256,0,6,2.187997992
Burkina Faso,2014,0.278,1,6,2.187997992
Burkina Faso,2015,0.38737785480414577,0,6,2.187997992
Burkina Faso,2016,0.4197270616323744,0,6,2.187997992
Burkina Faso,2017,0.383997992,1,6,2.187997992
Burkina Faso,2018,0.794,1,6,2.187997992
Burkina Faso,2019,0.5164039923819489,0,6,2.187997992
Burkina Faso,2020,0.5477733723346171,0,6,2.187997992
Burkina Faso,2021,0.485,1,6,2.187997992
Burkina Faso,2022,0.6101078131862646,0,6,2.187997992
Burundi,2000,0.026685445996362023,0,4,1.4624211539999998
Burundi,2001,0.004602617127358065,0,4,1.4624211539999998
Burundi,2002,0,0,4,1.4624211539999998
Burundi,2003,0,0,4,1.4624211539999998
Burundi,2004,0,0,4,1.4624211539999998
Burundi,2005,0.026685446,1,4,1.4624211539999998
Burundi,2006,0.14262029758192488,0,4,1.4624211539999998
Burundi,2007,0.29335105366841774,0,4,1.4624211539999998
Burundi,2008,0.4529458393639481,0,4,1.4624211539999998
Burundi,2009,0.5954727797729856,0,4,1.4624211539999998
Burundi,2010,0.695,1,4,1.4624211539999998
Burundi,2011,0.7255956251494604,0,4,1.4624211539999998
Burundi,2012,0.689,1,4,1.4624211539999998
Burundi,2013,0.5869534693302518,0,4,1.4624211539999998
Burundi,2014,0.4358187595202878,0,4,1.4624211539999998
Burundi,2015,0.25195859695017986,0,4,1.4624211539999998
Burundi,2016,0.051735708,1,4,1.4624211539999998
Burundi,2017,0,0,4,1.4624211539999998
Burundi,2018,0,0,4,1.4624211539999998
Burundi,2019,0,0,4,1.4624211539999998
Burundi,2020,0,0,4,1.4624211539999998
Burundi,2021,0,0,4,1.4624211539999998
Burundi,2022,0,0,4,1.4624211539999998
Cambodia,2000,1.4100000002842172e-4,0,3,0.010288144
Cambodia,2001,1.6002170610491506e-4,0,3,0.010288144
Cambodia,2002,1.8379883878939595e-4,0,3,0.010288144
Cambodia,2003,1.9806511840773426e-4,0,3,0.010288144
Cambodia,2004,1.885542653484342e-4,0,3,0.010288144
Cambodia,2005,1.41e-4,1,3,0.010288144
Cambodia,2006,4.1136042750935666e-5,0,3,0.010288144
Cambodia,2007,0,0,3,0.010288144
Cambodia,2008,0,0,3,0.010288144
Cambodia,2009,0,0,3,0.010288144
Cambodia,2010,0,0,3,0.010288144
Cambodia,2011,0,0,3,0.010288144
Cambodia,2012,1.8746880386638143e-5,0,3,0.010288144
Cambodia,2013,3.9036413535482477e-4,0,3,0.010288144
Cambodia,2014,9.49e-4,1,3,0.010288144
Cambodia,2015,0.0017245705120193626,0,3,0.010288144
Cambodia,2016,0.002686085007502316,0,3,0.010288144
Cambodia,2017,0.003802552822538262,0,3,0.010288144
Cambodia,2018,0.005042983293216602,0,3,0.010288144
Cambodia,2019,0.006376385755626737,0,3,0.010288144
Cambodia,2020,0.007771769545858068,0,3,0.010288144
Cambodia,2021,0.009198144,1,3,0.010288144
Cambodia,2022,0.01062451845414193,0,3,0.010288144
Cameroon,2000,0.08246613530262797,0,4,0.633823415
Cameroon,2001,0.08916092805741244,0,4,0.633823415
Cameroon,2002,0.0958557208121969,0,4,0.633823415
Cameroon,2003,0.10255051356698114,0,4,0.633823415
Cameroon,2004,0.1092453063217656,0,4,0.633823415
Cameroon,2005,0.11594009907654984,0,4,0.633823415
Cameroon,2006,0.008823415,1,4,0.633823415
Cameroon,2007,0.12932968458611752,0,4,0.633823415
Cameroon,2008,0.1360244773409019,0,4,0.633823415
Cameroon,2009,0.14271927009568625,0,4,0.633823415
Cameroon,2010,0.14941406285047057,0,4,0.633823415
Cameroon,2011,0.262,1,4,0.633823415
Cameroon,2012,0.1628036483600393,0,4,0.633823415
Cameroon,2013,0.16949844111482365,0,4,0.633823415
Cameroon,2014,0.151,1,4,0.633823415
Cameroon,2015,0.18288802662439232,0,4,0.633823415
Cameroon,2016,0.1895828193791767,0,4,0.633823415
Cameroon,2017,0.19627761213396105,0,4,0.633823415
Cameroon,2018,0.212,1,4,0.633823415
Cameroon,2019,0.20966719764352976,0,4,0.633823415
Cameroon,2020,0.2163619903983141,0,4,0.633823415
Cameroon,2021,0.22305678315309846,0,4,0.633823415
Cameroon,2022,0.2297515759078828,0,4,0.633823415
Chad,2000,0,0,4,0.34187002
Chad,2001,0,0,4,0.34187002
Chad,2002,0,0,4,0.34187002
Chad,2003,0,0,4,0.34187002
Chad,2004,0,0,4,0.34187002
Chad,2005,0,0,4,0.34187002
Chad,2006,0,0,4,0.34187002
Chad,2007,0,0,4,0.34187002
Chad,2008,0,0,4,0.34187002
Chad,2009,0,0,4,0.34187002
Chad,2010,0.013,1,4,0.34187002
Chad,2011,0.015133848556020981,0,4,0.34187002
Chad,2012,0.02716992128062564,0,4,0.34187002
Chad,2013,0.04226175164052592,0,4,0.34187002
Chad,2014,0.02087002,1,4,0.34187002
Chad,2015,0.1,1,4,0.34187002
Chad,2016,0.1092000485304787,0,4,0.34187002
Chad,2017,0.13663645404501645,0,4,0.34187002
Chad,2018,0.16539606854804081,0,4,0.34187002
Chad,2019,0.208,1,4,0.34187002
Chad,2020,0.22423850654257613,0,4,0.34187002
Chad,2021,0.2536597255398438,0,4,0.34187002
Chad,2022,0.28308094453711147,0,4,0.34187002
Congo,2000,0.10150711387877501,0,4,0.658648343
Congo,2001,0.09926127565457576,0,4,0.658648343
Congo,2002,0.09755081059509203,0,4,0.658648343
Congo,2003,0.09654495116669594,0,4,0.658648343
Congo,2004,0.09641292983557054,0,4,0.658648343
Congo,2005,0.10140006100000001,1,4,0.658648343
Congo,2006,0.08137390725238916,0,4,0.658648343
Congo,2007,0.06733220110348143,0,4,0.658648343
Congo,2008,0.0558949232581408,0,4,0.658648343
Congo,2009,0.0477581363533324,0,4,0.658648343
Congo,2010,0.043617903026021365,0,4,0.658648343
Congo,2011,0.020248282,1,4,0.658648343
Congo,2012,0.167,1,4,0.658648343
Congo,2013,0.22321910712586396,0,4,0.658648343
Congo,2014,0.29225147894041226,0,4,0.658648343
Congo,2015,0.37,1,4,0.658648343
Congo,2016,0.3980873210563588,0,4,0.658648343
Congo,2017,0.43389317717510745,0,4,0.658648343
Congo,2018,0.4696990332938561,0,4,0.658648343
Congo,2019,0.5055048894126047,0,4,0.658648343
Congo,2020,0.5413107455313534,0,4,0.658648343
Congo,2021,0.577116601650102,0,4,0.658648343
Congo,2022,0.6129224577688507,0,4,0.658648343
Cote d'Ivoire,2000,0.1359767685224515,0,3,1.048860536
Cote d'Ivoire,2001,0.1502412975877579,0,3,1.048860536
Cote d'Ivoire,2002,0.1645058266530644,0,3,1.048860536
Cote d'Ivoire,2003,0.1787703557183707,0,3,1.048860536
Cote d'Ivoire,2004,0.19303488478367697,0,3,1.048860536
Cote d'Ivoire,2005,0.20729941384898348,0,3,1.048860536
Cote d'Ivoire,2006,0.22156394291428977,0,3,1.048860536
Cote d'Ivoire,2007,0.23582847197959583,0,3,1.048860536
Cote d'Ivoire,2008,0.25009300104490234,0,3,1.048860536
Cote d'Ivoire,2009,0.2643575301102084,0,3,1.048860536
Cote d'Ivoire,2010,0.27862205917551447,0,3,1.048860536
Cote d'Ivoire,2011,0.021860536,1,3,1.048860536
Cote d'Ivoire,2012,0.3071511173061292,0,3,1.048860536
Cote d'Ivoire,2013,0.3214156463714356,0,3,1.048860536
Cote d'Ivoire,2014,0.33568017543674206,0,3,1.048860536
Cote d'Ivoire,2015,0.3499447045020486,0,3,1.048860536
Cote d'Ivoire,2016,0.641,1,3,1.048860536
Cote d'Ivoire,2017,0.37847376263266147,0,3,1.048860536
Cote d'Ivoire,2018,0.392738291697968,0,3,1.048860536
Cote d'Ivoire,2019,0.40700282076327443,0,3,1.048860536
Cote d'Ivoire,2020,0.42126734982858094,0,3,1.048860536
Cote d'Ivoire,2021,0.386,1,3,1.048860536
Cote d'Ivoire,2022,0.44979640795919384,0,3,1.048860536
Democratic Republic of the Congo,2000,0.009793786466041003,0,5,0.6911718335
Democratic Republic of the Congo,2001,0.008207912911258691,0,5,0.6911718335
Democratic Republic of the Congo,2002,0.006591434423972354,0,5,0.6911718335
Democratic Republic of the Congo,2003,0.005219214108667757,0,5,0.6911718335
Democratic Republic of the Congo,2004,0.00436611507006234,0,5,0.6911718335
Democratic Republic of the Congo,2005,0.00430700041287355,0,5,0.6911718335
Democratic Republic of the Congo,2006,0.005316733241818812,0,5,0.6911718335
Democratic Republic of the Congo,2007,0.012354597500000002,1,5,0.6911718335
Democratic Republic of the Congo,2008,0.011642193776981285,0,5,0.6911718335
Democratic Republic of the Congo,2009,0.018289838219797544,0,5,0.6911718335
Democratic Republic of the Congo,2010,0.041,1,5,0.6911718335
Democratic Republic of the Congo,2011,0.04384022361530831,0,5,0.6911718335
Democratic Republic of the Congo,2012,0.06691587089127253,0,5,0.6911718335
Democratic Republic of the Congo,2013,0.048817236,1,5,0.6911718335
Democratic Republic of the Congo,2014,0.17,1,5,0.6911718335
Democratic Republic of the Congo,2015,0.20601937835710643,0,5,0.6911718335
Democratic Republic of the Congo,2016,0.26919466394656466,0,5,0.6911718335
Democratic Republic of the Congo,2017,0.3366387797286302,0,5,0.6911718335
Democratic Republic of the Congo,2018,0.419,1,5,0.6911718335
Democratic Republic of the Congo,2019,0.4757958414853688,0,5,0.6911718335
Democratic Republic of the Congo,2020,0.5453743723637381,0,5,0.6911718335
Democratic Republic of the Congo,2021,0.6149529032421074,0,5,0.6911718335
Democratic Republic of the Congo,2022,0.6845314341204767,0,5,0.6911718335
Ethiopia,2000,0.46799999999636205,0,3,0.752432921
Ethiopia,2001,0.4751255748046001,0,3,0.752432921
Ethiopia,2002,0.48382713831914703,0,3,0.752432921
Ethiopia,2003,0.4917339823567527,0,3,0.752432921
Ethiopia,2004,0.496475398730529,0,3,0.752432921
Ethiopia,2005,0.4956806792535877,0,3,0.752432921
Ethiopia,2006,0.4869791157390408,0,3,0.752432921
Ethiopia,2007,0.468,1,3,0.752432921
Ethiopia,2008,0.43117473026941555,0,3,0.752432921
Ethiopia,2009,0.38482026426651206,0,3,0.752432921
Ethiopia,2010,0.3320556661303526,0,3,0.752432921
Ethiopia,2011,0.276,1,3,0.752432921
Ethiopia,2012,0.2226929888261561,0,3,0.752432921
Ethiopia,2013,0.1692483745682081,0,3,0.752432921
Ethiopia,2014,0.1157005579971821,0,3,0.752432921
Ethiopia,2015,0.06208393988410405,0,3,0.752432921
Ethiopia,2016,0.008432921,1,3,0.752432921
Ethiopia,2017,0,0,3,0.752432921
Ethiopia,2018,0,0,3,0.752432921
Ethiopia,2019,0,0,3,0.752432921
Ethiopia,2020,0,0,3,0.752432921
Ethiopia,2021,0,0,3,0.752432921
Ethiopia,2022,0,0,3,0.752432921
Gambia,2000,0.027623211167338013,0,7,1.464425567
Gambia,2001,0.04143481675200228,0,7,1.464425567
Gambia,2002,0.055246422336003076,0,7,1.464425567
Gambia,2003,0.06905802792000382,0,7,1.464425567
Gambia,2004,0.08286963350400456,0,7,1.464425567
Gambia,2005,0,1,7,1.464425567
Gambia,2006,0.002,1,7,1.464425567
Gambia,2007,0.12430445025600673,0,7,1.464425567
Gambia,2008,0.1381160558400075,0,7,1.464425567
Gambia,2009,0.15192766142400824,0,7,1.464425567
Gambia,2010,0.16573926700800903,0,7,1.464425567
Gambia,2011,0.17955087259200977,0,7,1.464425567
Gambia,2012,0.19336247817601054,0,7,1.464425567
Gambia,2013,0.379,1,7,1.464425567
Gambia,2014,0.22098568934401205,0,7,1.464425567
Gambia,2015,0.23479729492801282,0,7,1.464425567
Gambia,2016,0.24860890051201356,0,7,1.464425567
Gambia,2017,0.31,1,7,1.464425567
Gambia,2018,0.29,1,7,1.464425567
Gambia,2019,0.016425567,1,7,1.464425567
Gambia,2020,0.467,1,7,1.464425567
Gambia,2021,0.3176669284320174,0,7,1.464425567
Gambia,2022,0.3314785340160181,0,7,1.464425567
Ghana,2000,0.2274385098408535,0,6,2.6229999999999998
Ghana,2001,0.2447094553787263,0,6,2.6229999999999998
Ghana,2002,0.26198040091659863,0,6,2.6229999999999998
Ghana,2003,0.2792513464544712,0,6,2.6229999999999998
Ghana,2004,0.296522291992344,0,6,2.6229999999999998
Ghana,2005,0.31379323753021676,0,6,2.6229999999999998
Ghana,2006,0.072,1,6,2.6229999999999998
Ghana,2007,0.3483351286059597,0,6,2.6229999999999998
Ghana,2008,0.477,1,6,2.6229999999999998
Ghana,2009,0.3828770196817047,0,6,2.6229999999999998
Ghana,2010,0.4001479652195772,0,6,2.6229999999999998
Ghana,2011,0.346,1,6,2.6229999999999998
Ghana,2012,0.4346898562953222,0,6,2.6229999999999998
Ghana,2013,0.4519608018331947,0,6,2.6229999999999998
Ghana,2014,0.782,1,6,2.6229999999999998
Ghana,2015,0.48650269290893977,0,6,2.6229999999999998
Ghana,2016,0.5037736384468123,0,6,2.6229999999999998
Ghana,2017,0.5210445839846849,0,6,2.6229999999999998
Ghana,2018,0.101,1,6,2.6229999999999998
Ghana,2019,0.845,1,6,2.6229999999999998
Ghana,2020,0.5728574205983022,0,6,2.6229999999999998
Ghana,2021,0.5901283661361747,0,6,2.6229999999999998
Ghana,2022,0.6073993116740471,0,6,2.6229999999999998
Guinea,2000,0.04472575965967288,0,4,0.476777662
Guinea,2001,0.038995839064073,0,4,0.476777662
Guinea,2002,0.03162879829828962,0,4,0.476777662
Guinea,2003,0.023443197447412002,0,4,0.476777662
Guinea,2004,0.015257596596529394,0,4,0.476777662
Guinea,2005,0.007890555830731068,0,4,0.476777662
Guinea,2006,0.0021606352351062758,0,4,0.476777662
Guinea,2007,0,0,4,0.476777662
Guinea,2008,0,0,4,0.476777662
Guinea,2009,0.0029791953201656757,0,4,0.476777662
Guinea,2010,0.011983356256127523,0,4,0.476777662
Guinea,2011,0.026717437787709256,0,4,0.476777662
Guinea,2012,0.048,1,4,0.476777662
Guinea,2013,0.07664960297808907,0,4,0.476777662
Guinea,2014,0.1084861810712619,0,4,0.476777662
Guinea,2015,0.13932966862880375,0,4,0.476777662
Guinea,2016,0.165,1,4,0.476777662
Guinea,2017,0.18131710953413605,0,4,0.476777662
Guinea,2018,0.182,1,4,0.476777662
Guinea,2019,0.16076767416637996,0,4,0.476777662
Guinea,2020,0.12492520413310398,0,4,0.476777662
Guinea,2021,0.081777662,1,4,0.476777662
Guinea,2022,0.038630119866896004,0,4,0.476777662
Guinea-Bissau,2000,0.03799999999954525,0,3,0.702
Guinea-Bissau,2001,0.03799999999999999,0,3,0.702
Guinea-Bissau,2002,0.03799999999999999,0,3,0.702
Guinea-Bissau,2003,0.037999999999999985,0,3,0.702
Guinea-Bissau,2004,0.037999999999999985,0,3,0.702
Guinea-Bissau,2005,0.037999999999999985,0,3,0.702
Guinea-Bissau,2006,0.038,1,3,0.702
Guinea-Bissau,2007,0.092,0,3,0.702
Guinea-Bissau,2008,0.14600000000000002,0,3,0.702
Guinea-Bissau,2009,0.2,0,3,0.702
Guinea-Bissau,2010,0.25399999999999995,0,3,0.702
Guinea-Bissau,2011,0.30799999999999994,0,3,0.702
Guinea-Bissau,2012,0.36199999999999993,0,3,0.702
Guinea-Bissau,2013,0.41599999999999987,0,3,0.702
Guinea-Bissau,2014,0.47,1,3,0.702
Guinea-Bissau,2015,0.41480000000000006,0,3,0.702
Guinea-Bissau,2016,0.35960000000000003,0,3,0.702
Guinea-Bissau,2017,0.30440000000000006,0,3,0.702
Guinea-Bissau,2018,0.2492000000000001,0,3,0.702
Guinea-Bissau,2019,0.194,1,3,0.702
Guinea-Bissau,2020,0.20078259981375823,0,3,0.702
Guinea-Bissau,2021,0.20756519962751646,0,3,0.702
Guinea-Bissau,2022,0.2143477994412747,0,3,0.702
India,2000,0.017947332543685357,0,6,0.227151568
India,2001,0.019365145798053887,0,6,0.227151568
India,2002,0.02078295905242243,0,6,0.227151568
India,2003,0.022200772306790975,0,6,0.227151568
India,2004,0.023618585561159505,0,6,0.227151568
India,2005,0.0037692,1,6,0.227151568
India,2006,0.056,1,6,0.227151568
India,2007,0.02787202532426536,0,6,0.227151568
India,2008,0.029289838578633903,0,6,0.227151568
India,2009,0.03070765183300245,0,6,0.227151568
India,2010,0.032125465087371,0,6,0.227151568
India,2011,0.03354327834173954,0,6,0.227151568
India,2012,0.034961091596108086,0,6,0.227151568
India,2013,0.03637890485047664,0,6,0.227151568
India,2014,0.03779671810484518,0,6,0.227151568
India,2015,0.01232155,1,6,0.227151568
India,2016,0.085,1,6,0.227151568
India,2017,0.04205015786795081,0,6,0.227151568
India,2018,0.04346797112231936,0,6,0.227151568
India,2019,0.010060818,1,6,0.227151568
India,2020,0.046303597631056445,0,6,0.227151568
India,2021,0.06,1,6,0.227151568
India,2022,0.049139224139793526,0,6,0.227151568
Kenya,2000,0,0,7,3.724941489
Kenya,2001,0,0,7,3.724941489
Kenya,2002,0,0,7,3.724941489
Kenya,2003,0,0,7,3.724941489
Kenya,2004,0,0,7,3.724941489
Kenya,2005,0,0,7,3.724941489
Kenya,2006,0,0,7,3.724941489
Kenya,2007,0,0,7,3.724941489
Kenya,2008,0.076894618,1,7,3.724941489
Kenya,2009,0.335,1,7,3.724941489
Kenya,2010,0.513,1,7,3.724941489
Kenya,2011,0.6418,0,7,3.724941489
Kenya,2012,0.7339,0,7,3.724941489
Kenya,2013,0.8018,0,7,3.724941489
Kenya,2014,0.858,1,7,3.724941489
Kenya,2015,0.915,1,7,3.724941489
Kenya,2016,1,0,7,3.724941489
Kenya,2017,1,0,7,3.724941489
Kenya,2018,1,0,7,3.724941489
Kenya,2019,1,0,7,3.724941489
Kenya,2020,0.91,1,7,3.724941489
Kenya,2021,0.5568733534947368,0,7,3.724941489
Kenya,2022,0.117046871,1,7,3.724941489
Lao People's Democratic Republic,2000,0.01800000000002842,0,3,0.162
Lao People's Democratic Republic,2001,0.018,0,3,0.162
Lao People's Democratic Republic,2002,0.018,0,3,0.162
Lao People's Democratic Republic,2003,0.018,0,3,0.162
Lao People's Democratic Republic,2004,0.018000000000000002,0,3,0.162
Lao People's Democratic Republic,2005,0.018,0,3,0.162
Lao People's Democratic Republic,2006,0.018,1,3,0.162
Lao People's Democratic Republic,2007,0.0325,0,3,0.162
Lao People's Democratic Republic,2008,0.047,0,3,0.162
Lao People's Democratic Republic,2009,0.0615,0,3,0.162
Lao People's Democratic Republic,2010,0.076,0,3,0.162
Lao People's Democratic Republic,2011,0.09050000000000001,0,3,0.162
Lao People's Democratic Republic,2012,0.105,1,3,0.162
Lao People's Democratic Republic,2013,0.09179999999999999,0,3,0.162
Lao People's Democratic Republic,2014,0.07859999999999998,0,3,0.162
Lao People's Democratic Republic,2015,0.06539999999999997,0,3,0.162
Lao People's Democratic Republic,2016,0.05219999999999998,0,3,0.162
Lao People's Democratic Republic,2017,0.039,1,3,0.162
Lao People's Democratic Republic,2018,0.03999999802597361,0,3,0.162
Lao People's Democratic Republic,2019,0.04099999605194721,0,3,0.162
Lao People's Democratic Republic,2020,0.04199999407792081,0,3,0.162
Lao People's Democratic Republic,2021,0.04299999210389441,0,3,0.162
Lao People's Democratic Republic,2022,0.04399999012986801,0,3,0.162
Liberia,2000,0.45526178628671915,0,6,2.982478346
Liberia,2001,0.46028785683760987,0,6,2.982478346
Liberia,2002,0.4651498546401749,0,6,2.982478346
Liberia,2003,0.46978852953916456,0,6,2.982478346
Liberia,2004,0.4741446313791777,0,6,2.982478346
Liberia,2005,0.47815891000481353,0,6,2.982478346
Liberia,2006,0.4817721152606706,0,6,2.982478346
Liberia,2007,0.48492499699134844,0,6,2.982478346
Liberia,2008,0.4875583050414464,0,6,2.982478346
Liberia,2009,0.445,1,6,2.982478346
Liberia,2010,0.49102919947829754,0,6,2.982478346
Liberia,2011,0.695,1,6,2.982478346
Liberia,2012,0.49159187336838617,0,6,2.982478346
Liberia,2013,0.429,1,6,2.982478346
Liberia,2014,0.48907636329129067,0,6,2.982478346
Liberia,2015,0.486739399591485,0,6,2.982478346
Liberia,2016,0.811,1,6,2.982478346
Liberia,2017,0.47993392932501555,0,6,2.982478346
Liberia,2018,0.4756942993738569,0,6,2.982478346
Liberia,2019,0.190478346,1,6,2.982478346
Liberia,2020,0.412,1,6,2.982478346
Liberia,2021,0.46212277507186994,0,6,2.982478346
Liberia,2022,0.4575867916861816,0,6,2.982478346
Madagascar,2000,0,0,7,1.162513812
Madagascar,2001,0,0,7,1.162513812
Madagascar,2002,0,0,7,1.162513812
Madagascar,2003,0,0,7,1.162513812
Madagascar,2004,0,0,7,1.162513812
Madagascar,2005,0,0,7,1.162513812
Madagascar,2006,0,0,7,1.162513812
Madagascar,2007,0.0029104113042690127,0,7,1.162513812
Madagascar,2008,0.009911136,1,7,1.162513812
Madagascar,2009,0.052,1,7,1.162513812
Madagascar,2010,0.12158557486355359,0,7,1.162513812
Madagascar,2011,0.192,1,7,1.162513812
Madagascar,2012,0.12595074376858978,0,7,1.162513812
Madagascar,2013,0.061,1,7,1.162513812
Madagascar,2014,0.04374668615232445,0,7,1.162513812
Madagascar,2015,0.028515400692416558,0,7,1.162513812
Madagascar,2016,0.015602676,1,7,1.162513812
Madagascar,2017,0.14936327821311318,0,7,1.162513812
Madagascar,2018,0.285,1,7,1.162513812
Madagascar,2019,0.371701585555371,0,7,1.162513812
Madagascar,2020,0.45916126844429683,0,7,1.162513812
Madagascar,2021,0.547,1,7,1.162513812
Madagascar,2022,0.5821059768308328,0,7,1.162513812
Malawi,2000,0,0,7,5.01
Malawi,2001,0,0,7,5.01
Malawi,2002,0,0,7,5.01
Malawi,2003,0,0,7,5.01
Malawi,2004,0,0,7,5.01
Malawi,2005,0,0,7,5.01
Malawi,2006,0.007,1,7,5.01
Malawi,2007,0.22377103390388298,0,7,5.01
Malawi,2008,0.4567678688169344,0,7,5.01
Malawi,2009,0.6718807693215186,0,7,5.01
Malawi,2010,0.835,1,7,5.01
Malawi,2011,0.8994435929761923,0,7,5.01
Malawi,2012,0.909,1,7,5.01
Malawi,2013,0.8965487849693832,0,7,5.01
Malawi,2014,0.883,1,7,5.01
Malawi,2015,0.897467397530196,0,7,5.01
Malawi,2016,0.922,1,7,5.01
Malawi,2017,0.964,1,7,5.01
Malawi,2018,0.8673935402955215,0,7,5.01
Malawi,2019,0.6971148322364172,0,7,5.01
Malawi,2020,0.49,1,7,5.01
Malawi,2021,0.2899744222274824,0,7,5.01
Malawi,2022,0.0899488444549649,0,7,5.01
Mali,2000,0.20633153693941172,0,6,0.9853987790000001
Mali,2001,0.20380747078789915,0,6,0.9853987790000001
Mali,2002,0.20128340463638653,0,6,0.9853987790000001
Mali,2003,0.19875933848487395,0,6,0.9853987790000001
Mali,2004,0.19623527233336138,0,6,0.9853987790000001
Mali,2005,0.1937112061818486,0,6,0.9853987790000001
Mali,2006,0.19118714003033602,0,6,0.9853987790000001
Mali,2007,0.18866307387882333,0,6,0.9853987790000001
Mali,2008,0.18613900772731043,0,6,0.9853987790000001
Mali,2009,0.18361494157579797,0,6,0.9853987790000001
Mali,2010,0.224,1,6,0.9853987790000001
Mali,2011,0.17856680927277255,0,6,0.9853987790000001
Mali,2012,0.030398779,1,6,0.9853987790000001
Mali,2013,0.19,1,6,0.9853987790000001
Mali,2014,0.1709946108182347,0,6,0.9853987790000001
Mali,2015,0.083,1,6,0.9853987790000001
Mali,2016,0.16594647851520944,0,6,0.9853987790000001
Mali,2017,0.1634224123636968,0,6,0.9853987790000001
Mali,2018,0.31,1,6,0.9853987790000001
Mali,2019,0.15837428006067156,0,6,0.9853987790000001
Mali,2020,0.1558502139091589,0,6,0.9853987790000001
Mali,2021,0.148,1,6,0.9853987790000001
Mali,2022,0.15080208160613365,0,6,0.9853987790000001
Mauritania,2000,0.057228091368077,0,5,0.413978633
Mauritania,2001,0.05934213705240662,0,5,0.413978633
Mauritania,2002,0.06145618273654215,0,5,0.413978633
Mauritania,2003,0.0635702284206777,0,5,0.413978633
Mauritania,2004,0.0656842741048132,0,5,0.413978633
Mauritania,2005,0.06779831978894874,0,5,0.413978633
Mauritania,2006,0.06991236547308427,0,5,0.413978633
Mauritania,2007,0.053,1,5,0.413978633
Mauritania,2008,0.07414045684135534,0,5,0.413978633
Mauritania,2009,0.07625450252549089,0,5,0.413978633
Mauritania,2010,0.07836854820962641,0,5,0.413978633
Mauritania,2011,0.064,1,5,0.413978633
Mauritania,2012,0.08259663957789748,0,5,0.413978633
Mauritania,2013,0.08471068526203301,0,5,0.413978633
Mauritania,2014,0.08682473094616855,0,5,0.413978633
Mauritania,2015,0.082,1,5,0.413978633
Mauritania,2016,0.09105282231443958,0,5,0.413978633
Mauritania,2017,0.09316686799857508,0,5,0.413978633
Mauritania,2018,0.09528091368271059,0,5,0.413978633
Mauritania,2019,0.024978633,1,5,0.413978633
Mauritania,2020,0.0995090050509816,0,5,0.413978633
Mauritania,2021,0.19,1,5,0.413978633
Mauritania,2022,0.10373709641925262,0,5,0.413978633
Mozambique,2000,0.1678733757949573,0,4,2.728
Mozambique,2001,0.14681910827901357,0,4,2.728
Mozambique,2002,0.12927388534918627,0,4,2.728
Mozambique,2003,0.11874675159142406,0,4,2.728
Mozambique,2004,0.11874675159167572,0,4,2.728
Mozambique,2005,0.13278292993588983,0,4,2.728
Mozambique,2006,0.16436433121001517,0,4,2.728
Mozambique,2007,0.217,1,4,2.728
Mozambique,2008,0.29419898089179375,0,4,2.728
Mozambique,2009,0.3885436942675935,0,4,2.728
Mozambique,2010,0.49261656050959646,0,4,2.728
Mozambique,2011,0.599,1,4,2.728
Mozambique,2012,0.7002764331210014,0,4,2.728
Mozambique,2013,0.7916994904458415,0,4,2.728
Mozambique,2014,0.8685228025477608,0,4,2.728
Mozambique,2015,0.926,1,4,2.728
Mozambique,2016,0.9593847133757998,0,4,2.728
Mozambique,2017,0.9767077707006397,0,4,2.728
Mozambique,2018,0.986,1,4,2.728
Mozambique,2019,0.9952922292993602,0,4,2.728
Mozambique,2020,1,0,4,2.728
Mozambique,2021,1,0,4,2.728
Mozambique,2022,1,0,4,2.728
Nigeria,2000,0.054398490889025417,0,9,1.73148914
Nigeria,2001,0.05783344942265316,0,9,1.73148914
Nigeria,2002,0.06126840795628068,0,9,1.73148914
Nigeria,2003,0.06470336648990864,0,9,1.73148914
Nigeria,2004,0.06813832502353638,0,9,1.73148914
Nigeria,2005,0.07157328355716412,0,9,1.73148914
Nigeria,2006,0.07500824209079164,0,9,1.73148914
Nigeria,2007,0.01071355,1,9,1.73148914
Nigeria,2008,0.072,1,9,1.73148914
Nigeria,2009,0.11117781616059541,0,9,1.73148914
Nigeria,2010,0.12,1,9,1.73148914
Nigeria,2011,0.109,1,9,1.73148914
Nigeria,2012,0.17516855818464538,0,9,1.73148914
Nigeria,2013,0.183,1,9,1.73148914
Nigeria,2014,0.2306907870146224,0,9,1.73148914
Nigeria,2015,0.376,1,9,1.73148914
Nigeria,2016,0.27008264684849975,0,9,1.73148914
Nigeria,2017,0.206,1,9,1.73148914
Nigeria,2018,0.52,1,9,1.73148914
Nigeria,2019,0.2890018254746319,0,9,1.73148914
Nigeria,2020,0.27544186840477647,0,9,1.73148914
Nigeria,2021,0.13477559,1,9,1.73148914
Nigeria,2022,0.2693248729710416,0,9,1.73148914
Pakistan,2000,0.00976641988812974,0,3,0.041521648
Pakistan,2001,0.010064983378807213,0,3,0.041521648
Pakistan,2002,0.010363546869484685,0,3,0.041521648
Pakistan,2003,0.010662110360162144,0,3,0.041521648
Pakistan,2004,0.010960673850839616,0,3,0.041521648
Pakistan,2005,0.011259237341517089,0,3,0.041521648
Pakistan,2006,0.011557800832194562,0,3,0.041521648
Pakistan,2007,0.011856364322872006,0,3,0.041521648
Pakistan,2008,0.012154927813549479,0,3,0.041521648
Pakistan,2009,0.012453491304226924,0,3,0.041521648
Pakistan,2010,0.012752054794904396,0,3,0.041521648
Pakistan,2011,0.013050618285581869,0,3,0.041521648
Pakistan,2012,0.006183658,1,3,0.041521648
Pakistan,2013,0.013647745266936854,0,3,0.041521648
Pakistan,2014,0.013946308757614326,0,3,0.041521648
Pakistan,2015,0.014244872248291799,0,3,0.041521648
Pakistan,2016,0.014543435738969272,0,3,0.041521648
Pakistan,2017,0.00233799,1,3,0.041521648
Pakistan,2018,0.033,1,3,0.041521648
Pakistan,2019,0.015439126211001693,0,3,0.041521648
Pakistan,2020,0.015737689701679165,0,3,0.041521648
Pakistan,2021,0.016036253192356638,0,3,0.041521648
Pakistan,2022,0.01633481668303411,0,3,0.041521648
Rwanda,2000,0.255993975996844,0,5,2.944080918
Rwanda,2001,0.2774962875965287,0,5,2.944080918
Rwanda,2002,0.29899859919621313,0,5,2.944080918
Rwanda,2003,0.32050091079589776,0,5,2.944080918
Rwanda,2004,0.34200322239558195,0,5,2.944080918
Rwanda,2005,0.3635055339952666,0,5,2.944080918
Rwanda,2006,0.385007845594951,0,5,2.944080918
Rwanda,2007,0.4065101571946356,0,5,2.944080918
Rwanda,2008,0.42801246879432026,0,5,2.944080918
Rwanda,2009,0.4495147803940049,0,5,2.944080918
Rwanda,2010,0.04097086,1,5,2.944080918
Rwanda,2011,0.49251940359337365,0,5,2.944080918
Rwanda,2012,0.514021715193058,0,5,2.944080918
Rwanda,2013,0.917,1,5,2.944080918
Rwanda,2014,0.5570263383924265,0,5,2.944080918
Rwanda,2015,0.578528649992111,0,5,2.944080918
Rwanda,2016,0.6000309615917953,0,5,2.944080918
Rwanda,2017,0.987,1,5,2.944080918
Rwanda,2018,0.643035584791164,0,5,2.944080918
Rwanda,2019,0.075110058,1,5,2.944080918
Rwanda,2020,0.924,1,5,2.944080918
Rwanda,2021,0.7075425195902171,0,5,2.944080918
Rwanda,2022,0.7290448311899014,0,5,2.944080918
Senegal,2000,0.08728591229225677,0,13,2.007923886
Senegal,2001,0.09189754965050265,0,13,2.007923886
Senegal,2002,0.09644208265272111,0,13,2.007923886
Senegal,2003,0.10091331071550144,0,13,2.007923886
Senegal,2004,0.10530503325543425,0,13,2.007923886
Senegal,2005,0.10961104968910881,0,13,2.007923886
Senegal,2006,0.11382515943311841,0,13,2.007923886
Senegal,2007,0.11794116190405188,0,13,2.007923886
Senegal,2008,0.038848026,1,13,2.007923886
Senegal,2009,0.444,1,13,2.007923886
Senegal,2010,0.12963388177191107,0,13,2.007923886
Senegal,2011,0.261,1,13,2.007923886
Senegal,2012,0.008665704,1,13,2.007923886
Senegal,2013,0.212,1,13,2.007923886
Senegal,2014,0.106,1,13,2.007923886
Senegal,2015,0.004174295,1,13,2.007923886
Senegal,2016,0.015,1,13,2.007923886
Senegal,2017,0.655,1,13,2.007923886
Senegal,2018,0.24,1,13,2.007923886
Senegal,2019,0.005911861,1,13,2.007923886
Senegal,2020,3.24e-4,1,13,2.007923886
Senegal,2021,0.017,1,13,2.007923886
Senegal,2022,0.16858802577889115,0,13,2.007923886
Sierra Leone,2000,0.023000000000113686,0,6,1.62606629
Sierra Leone,2001,0.023,0,6,1.62606629
Sierra Leone,2002,0.023000000000000003,0,6,1.62606629
Sierra Leone,2003,0.023,0,6,1.62606629
Sierra Leone,2004,0.023,0,6,1.62606629
Sierra Leone,2005,0.023,1,6,1.62606629
Sierra Leone,2006,0.08666666666666667,0,6,1.62606629
Sierra Leone,2007,0.15033333333333335,0,6,1.62606629
Sierra Leone,2008,0.214,1,6,1.62606629
Sierra Leone,2009,0.262,0,6,1.62606629
Sierra Leone,2010,0.31,1,6,1.62606629
Sierra Leone,2011,0.46366666666666667,0,6,1.62606629
Sierra Leone,2012,0.6173333333333333,0,6,1.62606629
Sierra Leone,2013,0.771,1,6,1.62606629
Sierra Leone,2014,0.61775,0,6,1.62606629
Sierra Leone,2015,0.4645000000000001,0,6,1.62606629
Sierra Leone,2016,0.31125,0,6,1.62606629
Sierra Leone,2017,0.158,1,6,1.62606629
Sierra Leone,2018,0.154033145,0,6,1.62606629
Sierra Leone,2019,0.15006629,1,6,1.62606629
Sierra Leone,2020,0.15559090034356196,0,6,1.62606629
Sierra Leone,2021,0.16111551068712393,0,6,1.62606629
Sierra Leone,2022,0.1666401210306859,0,6,1.62606629
Tanzania,2000,0.20926122799999983,0,7,3.114281811
Tanzania,2001,0.20926122799999977,0,7,3.114281811
Tanzania,2002,0.20926122799999966,0,7,3.114281811
Tanzania,2003,0.20926122799999977,0,7,3.114281811
Tanzania,2004,0.20926122799999977,0,7,3.114281811
Tanzania,2005,0.20926122799999988,0,7,3.114281811
Tanzania,2006,0.209261228,0,7,3.114281811
Tanzania,2007,0.209261228,1,7,3.114281811
Tanzania,2008,0.376,1,7,3.114281811
Tanzania,2009,0.433573293,0,7,3.114281811
Tanzania,2010,0.491146586,1,7,3.114281811
Tanzania,2011,0.552073293,0,7,3.114281811
Tanzania,2012,0.613,1,7,3.114281811
Tanzania,2013,0.5360346463333333,0,7,3.114281811
Tanzania,2014,0.45906929266666663,0,7,3.114281811
Tanzania,2015,0.382103939,1,7,3.114281811
Tanzania,2016,0.434,1,7,3.114281811
Tanzania,2017,0.608770058,1,7,3.114281811
Tanzania,2018,0.6220869961635114,0,7,3.114281811
Tanzania,2019,0.6354039343270228,0,7,3.114281811
Tanzania,2020,0.6487208724905342,0,7,3.114281811
Tanzania,2021,0.6620378106540457,0,7,3.114281811
Tanzania,2022,0.6753547488175571,0,7,3.114281811
Timor-Leste,2000,0.0033017291439940326,0,3,0.172722564
Timor-Leste,2001,0.004347977142562285,0,3,0.172722564
Timor-Leste,2002,0.005754704465402519,0,3,0.172722564
Timor-Leste,2003,0.007625725011248659,0,3,0.172722564
Timor-Leste,2004,0.010064852678544279,0,3,0.172722564
Timor-Leste,2005,0.013175901365732979,0,3,0.172722564
Timor-Leste,2006,0.017062684971258364,0,3,0.172722564
Timor-Leste,2007,0.02182901739356401,0,3,0.172722564
Timor-Leste,2008,0.027578712531093497,0,3,0.172722564
Timor-Leste,2009,0.001722564,1,3,0.172722564
Timor-Leste,2010,0.06,1,3,0.172722564
Timor-Leste,2011,0.051258509934642246,0,3,0.172722564
Timor-Leste,2012,0.06072957426179924,0,3,0.172722564
Timor-Leste,2013,0.07072543933944678,0,3,0.172722564
Timor-Leste,2014,0.08111490497996224,0,3,0.172722564
Timor-Leste,2015,0.09176677099572297,0,3,0.172722564
Timor-Leste,2016,0.111,1,3,0.172722564
Timor-Leste,2017,0.11333290340248971,0,3,0.172722564
Timor-Leste,2018,0.12411596960587308,0,3,0.172722564
Timor-Leste,2019,0.13489903580925644,0,3,0.172722564
Timor-Leste,2020,0.1456821020126398,0,3,0.172722564
Timor-Leste,2021,0.1564651682160232,0,3,0.172722564
Timor-Leste,2022,0.16724823441940656,0,3,0.172722564
Togo,2000,0.07591894148759906,0,5,1.074974267
Togo,2001,0.08789867685949881,0,5,1.074974267
Togo,2002,0.09987841223139857,0,5,1.074974267
Togo,2003,0.1118581476032984,0,5,1.074974267
Togo,2004,0.12383788297519813,0,5,1.074974267
Togo,2005,0.13581761834709802,0,5,1.074974267
Togo,2006,0.028,1,5,1.074974267
Togo,2007,0.15977708909089738,0,5,1.074974267
Togo,2008,0.17175682446279714,0,5,1.074974267
Togo,2009,0.18373655983469686,0,5,1.074974267
Togo,2010,0.282,1,5,1.074974267
Togo,2011,0.20769603057849637,0,5,1.074974267
Togo,2012,0.21967576595039612,0,5,1.074974267
Togo,2013,0.085974267,1,5,1.074974267
Togo,2014,0.496,1,5,1.074974267
Togo,2015,0.2556149720660954,0,5,1.074974267
Togo,2016,0.2675947074379952,0,5,1.074974267
Togo,2017,0.183,1,5,1.074974267
Togo,2018,0.29155417818179463,0,5,1.074974267
Togo,2019,0.30353391355369436,0,5,1.074974267
Togo,2020,0.3155136489255941,0,5,1.074974267
Togo,2021,0.3274933842974938,0,5,1.074974267
Togo,2022,0.33947311966939353,0,5,1.074974267
Uganda,2000,0.048999999999999835,0,7,3.705532103
Uganda,2001,0.04899999999999989,0,7,3.705532103
Uganda,2002,0.04899999999999989,0,7,3.705532103
Uganda,2003,0.04899999999999989,0,7,3.705532103
Uganda,2004,0.049,0,7,3.705532103
Uganda,2005,0.049,0,7,3.705532103
Uganda,2006,0.049,1,7,3.705532103
Uganda,2007,0.16300000000000003,0,7,3.705532103
Uganda,2008,0.277,0,7,3.705532103
Uganda,2009,0.391,1,7,3.705532103
Uganda,2010,0.19549999999999998,0,7,3.705532103
Uganda,2011,0,1,7,3.705532103
Uganda,2012,0.214510701,0,7,3.705532103
Uganda,2013,0.42902140199999994,0,7,3.705532103
Uganda,2014,0.643532103,1,7,3.705532103
Uganda,2015,0.867,1,7,3.705532103
Uganda,2016,0.878,1,7,3.705532103
Uganda,2017,0.8775,0,7,3.705532103
Uganda,2018,0.877,1,7,3.705532103
Uganda,2019,0.907666637985146,0,7,3.705532103
Uganda,2020,0.938333275970292,0,7,3.705532103
Uganda,2021,0.968999913955438,0,7,3.705532103
Uganda,2022,0.9996665519405841,0,7,3.705532103
Zambia,2000,0.22763098337787008,0,9,4.308510821
Zambia,2001,0.23409744896788698,0,9,4.308510821
Zambia,2002,0.2405639145579039,0,9,4.308510821
Zambia,2003,0.2470303801479208,0,9,4.308510821
Zambia,2004,0.25349684573793774,0,9,4.308510821
Zambia,2005,0.2599633113279546,0,9,4.308510821
Zambia,2006,0.166,1,9,4.308510821
Zambia,2007,0.288,1,9,4.308510821
Zambia,2008,0.293,1,9,4.308510821
Zambia,2009,0.49039159204193505,0,9,4.308510821
Zambia,2010,0.762,1,9,4.308510821
Zambia,2011,0.6289633501051952,0,9,4.308510821
Zambia,2012,0.856,1,9,4.308510821
Zambia,2013,0.364260371,1,9,4.308510821
Zambia,2014,0.904,1,9,4.308510821
Zambia,2015,0.5984983111069482,0,9,4.308510821
Zambia,2016,0.5396152535243954,0,9,4.308510821
Zambia,2017,0.4807321959418427,0,9,4.308510821
Zambia,2018,0.33725045,1,9,4.308510821
Zambia,2019,0.338,1,9,4.308510821
Zambia,2020,0.40910292689336497,0,9,4.308510821
Zambia,2021,0.4170092400767394,0,9,4.308510821
Zambia,2022,0.4249155532601138,0,9,4.308510821
Zimbabwe,2000,0.11491108195428823,0,5,1.290563359
Zimbabwe,2001,0.12927496719857423,0,5,1.290563359
Zimbabwe,2002,0.14363885244286023,0,5,1.290563359
Zimbabwe,2003,0.15800273768714623,0,5,1.290563359
Zimbabwe,2004,0.172366622931432,0,5,1.290563359
Zimbabwe,2005,0,1,5,1.290563359
Zimbabwe,2006,0.20109439342000363,0,5,1.290563359
Zimbabwe,2007,0.2154582786642896,0,5,1.290563359
Zimbabwe,2008,0.22982216390857557,0,5,1.290563359
Zimbabwe,2009,0.24418604915286157,0,5,1.290563359
Zimbabwe,2010,0.011225359,1,5,1.290563359
Zimbabwe,2011,0.491,1,5,1.290563359
Zimbabwe,2012,0.28727770488571946,0,5,1.290563359
Zimbabwe,2013,0.30164159013000547,0,5,1.290563359
Zimbabwe,2014,0.788,1,5,1.290563359
Zimbabwe,2015,3.38e-4,1,5,1.290563359
Zimbabwe,2016,0.34473324586286347,0,5,1.290563359
Zimbabwe,2017,0.35909713110714947,0,5,1.290563359
Zimbabwe,2018,0.37346101635143547,0,5,1.290563359
Zimbabwe,2019,0.38782490159572147,0,5,1.290563359
Zimbabwe,2020,0.4021887868400075,0,5,1.290563359
Zimbabwe,2021,0.4165526720842935,0,5,1.290563359
Zimbabwe,2022,0.4309165573285795,0,5,1.290563359
