country,year,Type,CQ_use,PR,Prev_DR
Burkina Faso,2000,I,47.4137439,86.50988340377808,20.47619047619047
Burkina Faso,2000,I,,72.72407412528992,39.473684210526315
Burkina Faso,2001,I,47.36258530008512,NA,NA
Burkina Faso,2002,I,47.33700600012822,NA,NA
Burkina Faso,2003,O,47.4137439,,
Burkina Faso,2004,I,47.669536899571156,,
Burkina Faso,2005,I,46.847891774388785,,
Burkina Faso,2006,O,43.6923153,,
Burkina Faso,2007,I,36.94631425,,
Burkina Faso,2008,I,27.507494773659314,,
Burkina Faso,2009,I,16.273463008537075,,
Burkina Faso,2010,O,4.1418251,,
Burkina Faso,2011,I,-7.989812809,,
Burkina Faso,2012,I,-20.12145072,,
Burkina Faso,2013,I,-32.25308863,,
Burkina Faso,2014,I,-44.38472653,,
Burkina Faso,2015,I,-56.51636444,,
Burkina Faso,2016,I,-68.64800235,,
Burkina Faso,2017,I,-80.77964026,,
Burkina Faso,2018,I,-92.91127817,,
Ghana,2000,I,60.15081920093132,,
Ghana,2001,I,60.6786047,,
Ghana,2002,I,60.72692712434455,,
Ghana,2003,O,60.1508192,,
Ghana,2004,I,53.59734145292741,,
Ghana,2005,I,46.49999818460965,,
Ghana,2006,O,39.0843215,,
Ghana,2007,I,34.58300534355325,,
Ghana,2008,I,30.000488039685205,,
Ghana,2009,I,25.348369752313186,,
Ghana,2010,I,20.63825064535452,,
Ghana,2011,I,15.881730882726542,,
Ghana,2012,I,11.090410628346575,,
Ghana,2013,I,6.275890046131952,,
Ghana,2014,O,1.4497693,,
Ghana,2015,I,-3.21329225,,
Ghana,2016,I,-7.876353801,,
Ghana,2017,I,-12.53941535,,
Ghana,2018,I,-17.2024769,,
Indonesia,2000,O,6.7987852,,
Indonesia,2001,I,4.429912925219616,,
Indonesia,2002,O,0.527875,,
Indonesia,2003,I,2.850664742032693,,
Indonesia,2004,I,2.0610406504392316,,
Indonesia,2005,I,1.2714165588457704,,
Indonesia,2006,I,0.48179246725230884,,
Indonesia,2007,O,0.7245148,,
Indonesia,2008,I,-1.097455716,,
Indonesia,2009,I,-1.887079808,,
Indonesia,2010,I,-2.676703899,,
Indonesia,2011,I,-3.466327991,,
Indonesia,2012,I,-4.255952082,,
Indonesia,2013,I,-5.045576174,,
Indonesia,2014,I,-5.835200265,,
Indonesia,2015,I,-6.624824357,,
Indonesia,2016,I,-7.414448449,,
Indonesia,2017,I,-8.20407254,,
Indonesia,2018,I,-8.993696632,,
Kenya,2000,O,40.3274333,,
Kenya,2001,I,27.961752966666673,,
Kenya,2002,I,15.596072633333339,,
Kenya,2003,O,3.2303923,,
Kenya,2004,I,2.814852479999998,,
Kenya,2005,I,2.3993126599999997,,
Kenya,2006,I,1.9837728400000003,,
Kenya,2007,I,1.568233020000001,,
Kenya,2008,O,1.1526932,,
Kenya,2009,I,1.0241865666666685,,
Kenya,2010,I,0.8956799333333354,,
Kenya,2011,I,0.7671733000000032,,
Kenya,2012,I,0.6386666666666692,,
Kenya,2013,I,0.51016003333333515,,
Kenya,2014,O,0.3816534,,
Kenya,2015,O,0.2009671,,
Kenya,2016,I,-1.910948779,,
Kenya,2017,I,-4.022864659,,
Kenya,2018,I,-6.134780538,,
Malawi,2000,I,0.6866029,,
Malawi,2001,I,0.6945956919846165,,
Malawi,2002,I,0.7012537220146358,,
Malawi,2003,I,0.7005863410373372,,
Malawi,2004,O,0.6866029,,
Malawi,2005,I,0.648937652,,
Malawi,2006,I,0.595355645,,
Malawi,2007,I,0.5292468296119186,,
Malawi,2008,I,0.4540011569209531,,
Malawi,2009,I,0.37300857711486846,,
Malawi,2010,I,0.28965904069307474,,
Malawi,2011,I,0.20734249815498185,,
Malawi,2012,O,0.1294489,,
Malawi,2013,I,0.062771226,,
Malawi,2014,O,0,,
Malawi,2015,I,-0.064593188,,
Malawi,2016,I,-0.129186376,,
Malawi,2017,I,-0.193779563,,
Malawi,2018,I,-0.258372751,,
Mali,2000,I,21.279756,,
Mali,2001,I,21.72982006224631,,
Mali,2002,I,22.214495964051537,,
Mali,2003,I,22.572805607072596,,
Mali,2004,I,22.64377089296641,,
Mali,2005,I,22.266413723389903,,
Mali,2006,O,21.279756,,
Mali,2007,I,19.102498287346904,,
Mali,2008,I,16.340640607059214,,
Mali,2009,I,13.179861643658802,,
Mali,2010,I,9.805840081667544,,
Mali,2011,I,6.404254605607317,,
Mali,2012,O,3.1607839,,
Mali,2015,O,0.9030916,,
Mali,2016,I,-1.771450252,,
Mali,2017,I,-4.445992104,,
Mali,2018,I,-7.120533956,,
Mozambique,2000,I,4.1795754,,
Mozambique,2001,I,4.179575400014887,,
Mozambique,2002,I,4.179575400007444,,
Mozambique,2003,O,4.1795754,,
Mozambique,2004,I,3.47167236,,
Mozambique,2005,I,2.7637693199999998,,
Mozambique,2006,I,2.0558662799999996,,
Mozambique,2007,I,1.34796324,,
Mozambique,2008,O,0.6400602,,
Mozambique,2009,I,0.5645024857142855,,
Mozambique,2010,I,0.4889447714285713,,
Mozambique,2011,I,0.41338705714285706,,
Mozambique,2012,I,0.33782934285714283,,
Mozambique,2013,I,0.2622716285714286,,
Mozambique,2014,I,0.18671391428571416,,
Mozambique,2015,O,0.1111562,,
Mozambique,2016,I,-0.102970997,,
Mozambique,2017,I,-0.317098194,,
Mozambique,2018,I,-0.531225391,,
Nigeria,2000,I,33.10812487074939,,
Nigeria,2001,I,32.539468727355974,,
Nigeria,2002,I,31.87676284107062,,
Nigeria,2003,O,34.1073033,,
Nigeria,2004,I,30.169270583741913,,
Nigeria,2005,I,29.103311281896286,,
Nigeria,2006,I,27.900956375581153,,
Nigeria,2007,O,30.2476966,,
Nigeria,2008,O,18.5407374,,
Nigeria,2009,I,23.548808000107716,,
Nigeria,2010,O,27.2340746,,
Nigeria,2011,I,20.077631798844862,,
Nigeria,2012,I,18.16367146545041,,
Nigeria,2013,I,16.16738548616533,,
Nigeria,2014,I,14.116215742953166,,
Nigeria,2015,O,9.1666469,,
Nigeria,2016,I,9.958992492601753,,
Nigeria,2017,I,7.880380867426046,,
Nigeria,2018,I,5.801769242250339,,
Senegal,2000,O,61.3333446,,
Senegal,2001,I,56.986332404780605,,
Senegal,2002,I,49.332271545736724,,
Senegal,2003,I,39.41112555430254,,
Senegal,2004,I,28.262857961912225,,
Senegal,2005,O,16.9274323,,
Senegal,2006,O,6.4448121,,
Senegal,2007,I,2.3164944599999977,,
Senegal,2008,O,1.3653281,,
Senegal,2009,I,0.4141617399999973,,
Senegal,2010,I,-0.53700462,,
Senegal,2011,I,-1.48817098,,
Senegal,2012,I,-2.43933734,,
Senegal,2013,I,-3.3905037,,
Senegal,2014,I,-4.34167006,,
Senegal,2015,I,-5.29283642,,
Senegal,2016,I,-6.24400278,,
Senegal,2017,I,-7.19516914,,
Senegal,2018,I,-8.1463355,,
Tanzania,2000,I,1.7386842,,
Tanzania,2001,I,1.7386842,,
Tanzania,2002,I,1.7386842,,
Tanzania,2003,I,1.7386842,,
Tanzania,2004,O,1.7386842,,
Tanzania,2005,I,1.3164697333333333,,
Tanzania,2006,I,0.8942552666666665,,
Tanzania,2007,O,0.4720408,,
Tanzania,2008,I,0.34408943333333336,,
Tanzania,2009,I,0.21613806666666674,,
Tanzania,2010,O,0.0881867,,
Tanzania,2011,O,0.2791802,,
Tanzania,2012,I,0.20938515,,
Tanzania,2013,I,0.1395901,,
Tanzania,2014,I,0.06979505,,
Tanzania,2015,O,0,,
Tanzania,2016,I,-0.091509623,,
Tanzania,2017,I,-0.183019247,,
Tanzania,2018,I,-0.27452887,,
Uganda,2000,I,23.3948935,,
Uganda,2001,I,24.01282895025104,,
Uganda,2002,I,24.87793858061807,,
Uganda,2003,I,25.619461120938784,,
Uganda,2004,I,25.866635301050877,,
Uganda,2005,I,25.248699850792043,,
Uganda,2006,O,23.3948935,,
Uganda,2007,I,19.934454978512406,,
Uganda,2008,I,15.513619505466627,,
Uganda,2009,O,10.7786223,,
Uganda,2010,I,6.375698581249875,,
Uganda,2011,O,3.0743677,,
Uganda,2012,I,1.644149007034129,,
Uganda,2013,I,1.3054675308636616,,
Uganda,2014,O,1.2787483,,
Uganda,2015,I,0.7844163429545414,,
Uganda,2016,O,0.3403941,,
Uganda,2017,I,0.4646040114090916,,
Uganda,2018,O,0.87293,,