country,year,mean_cq,du_obs,num_obs,drug_1yr_ago,drug_2yr_ago,drug_3yr_ago,drug_4yr_ago,drug_5yr_ago
Bangladesh,2000,0.00167080475075065,0,4,NA,NA,NA,NA,NA
Bangladesh,2001,0.0016607847000479662,0,4,0.00167080475075065,NA,NA,NA,NA
Bangladesh,2002,0.00167080475075065,1,4,0.0016607847000479662,0.00167080475075065,NA,NA,NA
Bangladesh,2003,0.0017614371337962241,0,4,0.00167080475075065,0.0016607847000479662,0.00167080475075065,NA,NA
Bangladesh,2004,0.00187106434179622,1,4,0.0017614371337962241,0.00167080475075065,0.0016607847000479662,0.00167080475075065,NA
Bangladesh,2005,0.001965339582772654,0,4,0.00187106434179622,0.0017614371337962241,0.00167080475075065,0.0016607847000479662,0.00167080475075065
Bangladesh,2006,0.0020646738907299997,0,4,0.001965339582772654,0.00187106434179622,0.0017614371337962241,0.00167080475075065,0.0016607847000479662
Bangladesh,2007,0.0021673332197432406,0,4,0.0020646738907299997,0.001965339582772654,0.00187106434179622,0.0017614371337962241,0.00167080475075065
Bangladesh,2008,0.00227158352388736,1,4,0.0021673332197432406,0.0020646738907299997,0.001965339582772654,0.00187106434179622,0.0017614371337962241
Bangladesh,2009,0.002371979022313545,0,4,0.00227158352388736,0.0021673332197432406,0.0020646738907299997,0.001965339582772654,0.00187106434179622
Bangladesh,2010,0.0024722518886304687,0,4,0.002371979022313545,0.00227158352388736,0.0021673332197432406,0.0020646738907299997,0.001965339582772654
Bangladesh,2011,0.0025724225615230078,0,4,0.0024722518886304687,0.002371979022313545,0.00227158352388736,0.0021673332197432406,0.0020646738907299997
Bangladesh,2012,0.00267251147967604,0,4,0.0025724225615230078,0.0024722518886304687,0.002371979022313545,0.00227158352388736,0.0021673332197432406
Bangladesh,2013,0.0027725390817744415,0,4,0.00267251147967604,0.0025724225615230078,0.0024722518886304687,0.002371979022313545,0.00227158352388736
Bangladesh,2014,0.002872525806503089,0,4,0.0027725390817744415,0.00267251147967604,0.0025724225615230078,0.0024722518886304687,0.002371979022313545
Bangladesh,2015,0.00297249209254686,1,4,0.002872525806503089,0.0027725390817744415,0.00267251147967604,0.0025724225615230078,0.0024722518886304687
Bangladesh,2016,0.0030725016180582366,0,4,0.00297249209254686,0.002872525806503089,0.0027725390817744415,0.00267251147967604,0.0025724225615230078
Bangladesh,2017,0.003172511143569613,0,4,0.0030725016180582366,0.00297249209254686,0.002872525806503089,0.0027725390817744415,0.00267251147967604
Bangladesh,2018,0.0032725206690809895,0,4,0.003172511143569613,0.0030725016180582366,0.00297249209254686,0.002872525806503089,0.0027725390817744415
Bangladesh,2019,0.003372530194592366,0,4,0.0032725206690809895,0.003172511143569613,0.0030725016180582366,0.00297249209254686,0.002872525806503089
Bangladesh,2020,0.0034725397201037424,0,4,0.003372530194592366,0.0032725206690809895,0.003172511143569613,0.0030725016180582366,0.00297249209254686
Bangladesh,2021,0.003572549245615119,0,4,0.0034725397201037424,0.003372530194592366,0.0032725206690809895,0.003172511143569613,0.0030725016180582366
Bangladesh,2022,0.0036725587711264954,0,4,0.003572549245615119,0.0034725397201037424,0.003372530194592366,0.0032725206690809895,0.003172511143569613
Benin,2000,0.5666171395218562,0,6,NA,NA,NA,NA,NA
Benin,2001,0.564408159,1,6,0.5666171395218562,NA,NA,NA,NA
Benin,2002,0.5588857077002197,0,6,0.564408159,0.5666171395218562,NA,NA,NA
Benin,2003,0.5497341675928099,0,6,0.5588857077002197,0.564408159,0.5666171395218562,NA,NA
Benin,2004,0.5366379206480649,0,6,0.5497341675928099,0.5588857077002197,0.564408159,0.5666171395218562,NA
Benin,2005,0.519281348836279,1,6,0.5366379206480649,0.5497341675928099,0.5588857077002197,0.564408159,0.5666171395218562
Benin,2006,0.49734883412774655,0,6,0.519281348836279,0.5366379206480649,0.5497341675928099,0.5588857077002197,0.564408159
Benin,2007,0.470818101363701,1,6,0.49734883412774655,0.519281348836279,0.5366379206480649,0.5497341675928099,0.5588857077002197
Benin,2008,0.4396668753853756,0,6,0.470818101363701,0.49734883412774655,0.519281348836279,0.5366379206480649,0.5497341675928099
Benin,2009,0.4043826962763139,0,6,0.4396668753853756,0.470818101363701,0.49734883412774655,0.519281348836279,0.5366379206480649
Benin,2010,0.3654531041200595,0,6,0.4043826962763139,0.4396668753853756,0.470818101363701,0.49734883412774655,0.519281348836279
Benin,2011,0.323365639000156,1,6,0.3654531041200595,0.4043826962763139,0.4396668753853756,0.470818101363701,0.49734883412774655
Benin,2012,0.278607841000147,1,6,0.323365639000156,0.3654531041200595,0.4043826962763139,0.4396668753853756,0.470818101363701
Benin,2013,0.2313237446292184,0,6,0.278607841000147,0.323365639000156,0.3654531041200595,0.4043826962763139,0.4396668753853756
Benin,2014,0.18277649907283,1,6,0.2313237446292184,0.278607841000147,0.323365639000156,0.3654531041200595,0.4043826962763139
Benin,2015,0.1342292535164416,0,6,0.18277649907283,0.2313237446292184,0.278607841000147,0.323365639000156,0.3654531041200595
Benin,2016,0.08568200796005321,0,6,0.1342292535164416,0.18277649907283,0.2313237446292184,0.278607841000147,0.323365639000156
Benin,2017,0.03713476240366481,0,6,0.08568200796005321,0.1342292535164416,0.18277649907283,0.2313237446292184,0.278607841000147
Benin,2018,0,0,6,0.03713476240366481,0.08568200796005321,0.1342292535164416,0.18277649907283,0.2313237446292184
Benin,2019,0,0,6,0,0.03713476240366481,0.08568200796005321,0.1342292535164416,0.18277649907283
Benin,2020,0,0,6,0,0,0.03713476240366481,0.08568200796005321,0.1342292535164416
Benin,2021,0,0,6,0,0,0,0.03713476240366481,0.08568200796005321
Benin,2022,0,0,6,0,0,0,0,0.03713476240366481
Burkina Faso,2000,0.474137439,1,13,NA,NA,NA,NA,NA
Burkina Faso,2001,0.474137439,1,13,0.474137439,NA,NA,NA,NA
Burkina Faso,2002,0.474137439,1,13,0.474137439,0.474137439,NA,NA,NA
Burkina Faso,2003,0.474137439,1,13,0.474137439,0.474137439,0.474137439,NA,NA
Burkina Faso,2004,0.4670772498250214,0,13,0.474137439,0.474137439,0.474137439,0.474137439,NA
Burkina Faso,2005,0.449327915,1,13,0.4670772498250214,0.474137439,0.474137439,0.474137439,0.474137439
Burkina Faso,2006,0.436923153,1,13,0.449327915,0.4670772498250214,0.474137439,0.474137439,0.474137439
Burkina Faso,2007,0.3380469275,1,13,0.436923153,0.449327915,0.4670772498250214,0.474137439,0.474137439
Burkina Faso,2008,0.23897588882130097,0,13,0.3380469275,0.436923153,0.449327915,0.4670772498250214,0.474137439
Burkina Faso,2009,0.1402944765,1,13,0.23897588882130097,0.3380469275,0.436923153,0.449327915,0.4670772498250214
Burkina Faso,2010,0.041418251,1,13,0.1402944765,0.23897588882130097,0.3380469275,0.436923153,0.449327915
Burkina Faso,2011,0.03300508975,1,13,0.041418251,0.1402944765,0.23897588882130097,0.3380469275,0.436923153
Burkina Faso,2012,0.0245919285,1,13,0.03300508975,0.041418251,0.1402944765,0.23897588882130097,0.3380469275
Burkina Faso,2013,0.015044174881609374,0,13,0.0245919285,0.03300508975,0.041418251,0.1402944765,0.23897588882130097
Burkina Faso,2014,0.007765606,1,13,0.015044174881609374,0.0245919285,0.03300508975,0.041418251,0.1402944765
Burkina Faso,2015,0.00724270399999999,1,13,0.007765606,0.015044174881609374,0.0245919285,0.03300508975,0.041418251
Burkina Faso,2016,0.005507811847454043,0,13,0.00724270399999999,0.007765606,0.015044174881609374,0.0245919285,0.03300508975
Burkina Faso,2017,0.004103186222754923,0,13,0.005507811847454043,0.00724270399999999,0.007765606,0.015044174881609374,0.0245919285
Burkina Faso,2018,0.002698560598055803,0,13,0.004103186222754923,0.005507811847454043,0.00724270399999999,0.007765606,0.015044174881609374
Burkina Faso,2019,0.0012939349733566826,0,13,0.002698560598055803,0.004103186222754923,0.005507811847454043,0.00724270399999999,0.007765606
Burkina Faso,2020,0,0,13,0.0012939349733566826,0.002698560598055803,0.004103186222754923,0.005507811847454043,0.00724270399999999
Burkina Faso,2021,0,0,13,0,0.0012939349733566826,0.002698560598055803,0.004103186222754923,0.005507811847454043
Burkina Faso,2022,0,0,13,0,0,0.0012939349733566826,0.002698560598055803,0.004103186222754923
Cambodia,2000,0,0,6,NA,NA,NA,NA,NA
Cambodia,2001,0,1,6,0,NA,NA,NA,NA
Cambodia,2002,0,0,6,0,0,NA,NA,NA
Cambodia,2003,0,0,6,0,0,0,NA,NA
Cambodia,2004,0,1,6,0,0,0,0,NA
Cambodia,2005,4.0224773435019785e-6,0,6,0,0,0,0,0
Cambodia,2006,9.405526596066122e-6,0,6,4.0224773435019785e-6,0,0,0,0
Cambodia,2007,1.46939855263032e-5,1,6,9.405526596066122e-6,4.0224773435019785e-6,0,0,0
Cambodia,2008,1.8432691902824e-5,1,6,1.46939855263032e-5,9.405526596066122e-6,4.0224773435019785e-6,0,0
Cambodia,2009,1.47809321862299e-5,1,6,1.8432691902824e-5,1.46939855263032e-5,9.405526596066122e-6,4.0224773435019785e-6,0
Cambodia,2010,0,1,6,1.47809321862299e-5,1.8432691902824e-5,1.46939855263032e-5,9.405526596066122e-6,4.0224773435019785e-6
Cambodia,2011,0,0,6,0,1.47809321862299e-5,1.8432691902824e-5,1.46939855263032e-5,9.405526596066122e-6
Cambodia,2012,0,0,6,0,0,1.47809321862299e-5,1.8432691902824e-5,1.46939855263032e-5
Cambodia,2013,0,0,6,0,0,0,1.47809321862299e-5,1.8432691902824e-5
Cambodia,2014,0,0,6,0,0,0,0,1.47809321862299e-5
Cambodia,2015,0,0,6,0,0,0,0,0
Cambodia,2016,0,0,6,0,0,0,0,0
Cambodia,2017,0,0,6,0,0,0,0,0
Cambodia,2018,0,0,6,0,0,0,0,0
Cambodia,2019,0,0,6,0,0,0,0,0
Cambodia,2020,0,0,6,0,0,0,0,0
Cambodia,2021,0,0,6,0,0,0,0,0
Cambodia,2022,0,0,6,0,0,0,0,0
Cameroon,2000,0.518346737498181,0,9,NA,NA,NA,NA,NA
Cameroon,2001,0.5183467375,1,9,0.518346737498181,NA,NA,NA,NA
Cameroon,2002,0.42232770724745866,0,9,0.5183467375,0.518346737498181,NA,NA,NA
Cameroon,2003,0.29526015527705907,0,9,0.42232770724745866,0.5183467375,0.518346737498181,NA,NA
Cameroon,2004,0.17356708,1,9,0.29526015527705907,0.42232770724745866,0.5183467375,0.518346737498181,NA
Cameroon,2005,0.111642142,1,9,0.17356708,0.29526015527705907,0.42232770724745866,0.5183467375,0.518346737498181
Cameroon,2006,0.06778219350759185,0,9,0.111642142,0.17356708,0.29526015527705907,0.42232770724745866,0.5183467375
Cameroon,2007,0.0413272816,1,9,0.06778219350759185,0.111642142,0.17356708,0.29526015527705907,0.42232770724745866
Cameroon,2008,0.026914069714044156,0,9,0.0413272816,0.06778219350759185,0.111642142,0.17356708,0.29526015527705907
Cameroon,2009,0.020072581135281,0,9,0.026914069714044156,0.0413272816,0.06778219350759185,0.111642142,0.17356708
Cameroon,2010,0.0161575144,1,9,0.020072581135281,0.026914069714044156,0.0413272816,0.06778219350759185,0.111642142
Cameroon,2011,0.007767592,1,9,0.0161575144,0.020072581135281,0.026914069714044156,0.0413272816,0.06778219350759185
Cameroon,2012,0.002798703889852118,0,9,0.007767592,0.0161575144,0.020072581135281,0.026914069714044156,0.0413272816
Cameroon,2013,0,1,9,0.002798703889852118,0.007767592,0.0161575144,0.020072581135281,0.026914069714044156
Cameroon,2014,0,1,9,0,0.002798703889852118,0.007767592,0.0161575144,0.020072581135281
Cameroon,2015,0,0,9,0,0,0.002798703889852118,0.007767592,0.0161575144
Cameroon,2016,0,0,9,0,0,0,0.002798703889852118,0.007767592
Cameroon,2017,0,0,9,0,0,0,0,0.002798703889852118
Cameroon,2018,0,0,9,0,0,0,0,0
Cameroon,2019,0,0,9,0,0,0,0,0
Cameroon,2020,0,1,9,0,0,0,0,0
Cameroon,2021,2.220077549760891e-4,0,9,0,0,0,0,0
Cameroon,2022,4.440155099521782e-4,0,9,2.220077549760891e-4,0,0,0,0
Chad,2000,0.5292981097875413,0,4,NA,NA,NA,NA,NA
Chad,2001,0.5364890285682249,0,4,0.5292981097875413,NA,NA,NA,NA
Chad,2002,0.540906382464414,0,4,0.5364890285682249,0.5292981097875413,NA,NA,NA
Chad,2003,0.5412249653072523,0,4,0.540906382464414,0.5364890285682249,0.5292981097875413,NA,NA
Chad,2004,0.5361195709278826,0,4,0.5412249653072523,0.540906382464414,0.5364890285682249,0.5292981097875413,NA
Chad,2005,0.5242649931574486,0,4,0.5361195709278826,0.5412249653072523,0.540906382464414,0.5364890285682249,0.5292981097875413
Chad,2006,0.504336025827093,1,4,0.5242649931574486,0.5361195709278826,0.5412249653072523,0.540906382464414,0.5364890285682249
Chad,2007,0.4675176418427901,0,4,0.504336025827093,0.5242649931574486,0.5361195709278826,0.5412249653072523,0.540906382464414
Chad,2008,0.42288671447337745,0,4,0.4675176418427901,0.504336025827093,0.5242649931574486,0.5361195709278826,0.5412249653072523
Chad,2009,0.3720302960625235,0,4,0.42288671447337745,0.4675176418427901,0.504336025827093,0.5242649931574486,0.5361195709278826
Chad,2010,0.3165354389538967,0,4,0.3720302960625235,0.42288671447337745,0.4675176418427901,0.504336025827093,0.5242649931574486
Chad,2011,0.2579891954911654,0,4,0.3165354389538967,0.3720302960625235,0.42288671447337745,0.4675176418427901,0.504336025827093
Chad,2012,0.19797861801799804,0,4,0.2579891954911654,0.3165354389538967,0.3720302960625235,0.42288671447337745,0.4675176418427901
Chad,2013,0.138090758878063,1,4,0.19797861801799804,0.2579891954911654,0.3165354389538967,0.3720302960625235,0.42288671447337745
Chad,2014,0.068021216,1,4,0.138090758878063,0.19797861801799804,0.2579891954911654,0.3165354389538967,0.3720302960625235
Chad,2015,0.03203046708657854,0,4,0.068021216,0.138090758878063,0.19797861801799804,0.2579891954911654,0.3165354389538967
Chad,2016,0,1,4,0.03203046708657854,0.068021216,0.138090758878063,0.19797861801799804,0.2579891954911654
Chad,2017,0,0,4,0,0.03203046708657854,0.068021216,0.138090758878063,0.19797861801799804
Chad,2018,0,0,4,0,0,0.03203046708657854,0.068021216,0.138090758878063
Chad,2019,0,0,4,0,0,0,0.03203046708657854,0.068021216
Chad,2020,0,0,4,0,0,0,0,0.03203046708657854
Chad,2021,0,0,4,0,0,0,0,0
Chad,2022,0,0,4,0,0,0,0,0
Colombia,2000,7.42883e-4,1,5,NA,NA,NA,NA,NA
Colombia,2001,7.78343e-4,1,5,7.42883e-4,NA,NA,NA,NA
Colombia,2002,8.123689233182583e-4,0,5,7.78343e-4,7.42883e-4,NA,NA,NA
Colombia,2003,8.49263e-4,1,5,8.123689233182583e-4,7.78343e-4,7.42883e-4,NA,NA
Colombia,2004,8.933274600904506e-4,0,5,8.49263e-4,8.123689233182583e-4,7.78343e-4,7.42883e-4,NA
Colombia,2005,9.20183e-4,1,5,8.933274600904506e-4,8.49263e-4,8.123689233182583e-4,7.78343e-4,7.42883e-4
Colombia,2006,9.054503161390378e-4,0,5,9.20183e-4,8.933274600904506e-4,8.49263e-4,8.123689233182583e-4,7.78343e-4
Colombia,2007,8.550705833319229e-4,0,5,9.054503161390378e-4,9.20183e-4,8.933274600904506e-4,8.49263e-4,8.123689233182583e-4
Colombia,2008,7.74984976403014e-4,0,5,8.550705833319229e-4,9.054503161390378e-4,9.20183e-4,8.933274600904506e-4,8.49263e-4
Colombia,2009,6.7113467017667e-4,0,5,7.74984976403014e-4,8.550705833319229e-4,9.054503161390378e-4,9.20183e-4,8.933274600904506e-4
Colombia,2010,5.494608394772496e-4,0,5,6.7113467017667e-4,7.74984976403014e-4,8.550705833319229e-4,9.054503161390378e-4,9.20183e-4
Colombia,2011,4.159046591291117e-4,0,5,5.494608394772496e-4,6.7113467017667e-4,7.74984976403014e-4,8.550705833319229e-4,9.054503161390378e-4
Colombia,2012,2.76407303956615e-4,1,5,4.159046591291117e-4,5.494608394772496e-4,6.7113467017667e-4,7.74984976403014e-4,8.550705833319229e-4
Colombia,2013,1.369099487841182e-4,0,5,2.76407303956615e-4,4.159046591291117e-4,5.494608394772496e-4,6.7113467017667e-4,7.74984976403014e-4
Colombia,2014,0,0,5,1.369099487841182e-4,2.76407303956615e-4,4.159046591291117e-4,5.494608394772496e-4,6.7113467017667e-4
Colombia,2015,0,0,5,0,1.369099487841182e-4,2.76407303956615e-4,4.159046591291117e-4,5.494608394772496e-4
Colombia,2016,0,0,5,0,0,1.369099487841182e-4,2.76407303956615e-4,4.159046591291117e-4
Colombia,2017,0,0,5,0,0,0,1.369099487841182e-4,2.76407303956615e-4
Colombia,2018,0,0,5,0,0,0,0,1.369099487841182e-4
Colombia,2019,0,0,5,0,0,0,0,0
Colombia,2020,0,0,5,0,0,0,0,0
Colombia,2021,0,0,5,0,0,0,0,0
Colombia,2022,0,0,5,0,0,0,0,0
Côte d'Ivoire,2000,0.6650336677531388,0,6,NA,NA,NA,NA,NA
Côte d'Ivoire,2001,0.644835454673549,1,6,0.6650336677531388,NA,NA,NA,NA
Côte d'Ivoire,2002,0.5943399219742471,0,6,0.644835454673549,0.6650336677531388,NA,NA,NA
Côte d'Ivoire,2003,0.5236154673301792,0,6,0.5943399219742471,0.644835454673549,0.6650336677531388,NA,NA
Côte d'Ivoire,2004,0.4427304884162912,0,6,0.5236154673301792,0.5943399219742471,0.644835454673549,0.6650336677531388,NA
Côte d'Ivoire,2005,0.361753382907529,1,6,0.4427304884162912,0.5236154673301792,0.5943399219742471,0.644835454673549,0.6650336677531388
Côte d'Ivoire,2006,0.29075254847883875,0,6,0.361753382907529,0.4427304884162912,0.5236154673301792,0.5943399219742471,0.644835454673549
Côte d'Ivoire,2007,0.227294648712156,1,6,0.29075254847883875,0.361753382907529,0.4427304884162912,0.5236154673301792,0.5943399219742471
Côte d'Ivoire,2008,0.16894634718941637,0,6,0.227294648712156,0.29075254847883875,0.361753382907529,0.4427304884162912,0.5236154673301792
Côte d'Ivoire,2009,0.11702624924676658,0,6,0.16894634718941637,0.227294648712156,0.29075254847883875,0.361753382907529,0.4427304884162912
Côte d'Ivoire,2010,0.07285296022035335,0,6,0.11702624924676658,0.16894634718941637,0.227294648712156,0.29075254847883875,0.361753382907529
Côte d'Ivoire,2011,0.037745085446323406,0,6,0.07285296022035335,0.11702624924676658,0.16894634718941637,0.227294648712156,0.29075254847883875
Côte d'Ivoire,2012,0.013021230260823385,0,6,0.037745085446323406,0.07285296022035335,0.11702624924676658,0.16894634718941637,0.227294648712156
Côte d'Ivoire,2013,0,1,6,0.013021230260823385,0.037745085446323406,0.07285296022035335,0.11702624924676658,0.16894634718941637
Côte d'Ivoire,2014,0,1,6,0,0.013021230260823385,0.037745085446323406,0.07285296022035335,0.11702624924676658
Côte d'Ivoire,2015,0,1,6,0,0,0.013021230260823385,0.037745085446323406,0.07285296022035335
Côte d'Ivoire,2016,0,0,6,0,0,0,0.013021230260823385,0.037745085446323406
Côte d'Ivoire,2017,0,0,6,0,0,0,0,0.013021230260823385
Côte d'Ivoire,2018,0,0,6,0,0,0,0,0
Côte d'Ivoire,2019,0,0,6,0,0,0,0,0
Côte d'Ivoire,2020,0,0,6,0,0,0,0,0
Côte d'Ivoire,2021,0,0,6,0,0,0,0,0
Côte d'Ivoire,2022,0,0,6,0,0,0,0,0
Democratic Republic of the Congo,2000,0.466540023,1,10,NA,NA,NA,NA,NA
Democratic Republic of the Congo,2001,0.466540023,1,10,0.466540023,NA,NA,NA,NA
Democratic Republic of the Congo,2002,0.4308193596233314,0,10,0.466540023,0.466540023,NA,NA,NA
Democratic Republic of the Congo,2003,0.3691872122959954,0,10,0.4308193596233314,0.466540023,0.466540023,NA,NA
Democratic Republic of the Congo,2004,0.291452760443993,1,10,0.3691872122959954,0.4308193596233314,0.466540023,0.466540023,NA
Democratic Republic of the Congo,2005,0.2074251834933256,0,10,0.291452760443993,0.3691872122959954,0.4308193596233314,0.466540023,0.466540023
Democratic Republic of the Congo,2006,0.1269136608699942,0,10,0.2074251834933256,0.291452760443993,0.3691872122959954,0.4308193596233314,0.466540023
Democratic Republic of the Congo,2007,0.059727372,1,10,0.1269136608699942,0.2074251834933256,0.291452760443993,0.3691872122959954,0.4308193596233314
Democratic Republic of the Congo,2008,0.0156754963093442,1,10,0.059727372,0.1269136608699942,0.2074251834933256,0.291452760443993,0.3691872122959954
Democratic Republic of the Congo,2009,6.117496647218904e-4,0,10,0.0156754963093442,0.059727372,0.1269136608699942,0.2074251834933256,0.291452760443993
Democratic Republic of the Congo,2010,0,1,10,6.117496647218904e-4,0.0156754963093442,0.059727372,0.1269136608699942,0.2074251834933256
Democratic Republic of the Congo,2011,0,0,10,0,6.117496647218904e-4,0.0156754963093442,0.059727372,0.1269136608699942
Democratic Republic of the Congo,2012,9.795032897486136e-4,0,10,0,0,6.117496647218904e-4,0.0156754963093442,0.059727372
Democratic Republic of the Congo,2013,0.007481572,1,10,9.795032897486136e-4,0,0,6.117496647218904e-4,0.0156754963093442
Democratic Republic of the Congo,2014,0.02126572925769,1,10,0.007481572,9.795032897486136e-4,0,0,6.117496647218904e-4
Democratic Republic of the Congo,2015,0.035049886515380047,0,10,0.02126572925769,0.007481572,9.795032897486136e-4,0,0
Democratic Republic of the Congo,2016,0.04883404377307012,0,10,0.035049886515380047,0.02126572925769,0.007481572,9.795032897486136e-4,0
Democratic Republic of the Congo,2017,0.0626182010307602,1,10,0.04883404377307012,0.035049886515380047,0.02126572925769,0.007481572,9.795032897486136e-4
Democratic Republic of the Congo,2018,0.07640235828845025,0,10,0.0626182010307602,0.04883404377307012,0.035049886515380047,0.02126572925769,0.007481572
Democratic Republic of the Congo,2019,0.0901865155461403,1,10,0.07640235828845025,0.0626182010307602,0.04883404377307012,0.035049886515380047,0.02126572925769
Democratic Republic of the Congo,2020,0.10397067280383035,0,10,0.0901865155461403,0.07640235828845025,0.0626182010307602,0.04883404377307012,0.035049886515380047
Democratic Republic of the Congo,2021,0.1177548300615204,0,10,0.10397067280383035,0.0901865155461403,0.07640235828845025,0.0626182010307602,0.04883404377307012
Democratic Republic of the Congo,2022,0.13153898731921046,0,10,0.1177548300615204,0.10397067280383035,0.0901865155461403,0.07640235828845025,0.0626182010307602
Ethiopia,2000,0.0113706146443937,0,6,NA,NA,NA,NA,NA
Ethiopia,2001,0.011474283926316317,0,6,0.0113706146443937,NA,NA,NA,NA
Ethiopia,2002,0.011577953208235653,0,6,0.011474283926316317,0.0113706146443937,NA,NA,NA
Ethiopia,2003,0.01157795320823401,0,6,0.011577953208235653,0.011474283926316317,0.0113706146443937,NA,NA
Ethiopia,2004,0.0113706146443937,1,6,0.01157795320823401,0.011577953208235653,0.011474283926316317,0.0113706146443937,NA
Ethiopia,2005,0.010852268234797027,0,6,0.0113706146443937,0.01157795320823401,0.011577953208235653,0.011474283926316317,0.0113706146443937
Ethiopia,2006,0.010124007627029396,0,6,0.010852268234797027,0.0113706146443937,0.01157795320823401,0.011577953208235653,0.011474283926316317
Ethiopia,2007,0.009286926468676206,0,6,0.010124007627029396,0.010852268234797027,0.0113706146443937,0.01157795320823401,0.011577953208235653
Ethiopia,2008,0.00844211840732286,1,6,0.009286926468676206,0.010124007627029396,0.010852268234797027,0.0113706146443937,0.01157795320823401
Ethiopia,2009,0.0076906770905547555,0,6,0.00844211840732286,0.009286926468676206,0.010124007627029396,0.010852268234797027,0.0113706146443937
Ethiopia,2010,0.00697787028878744,1,6,0.0076906770905547555,0.00844211840732286,0.009286926468676206,0.010124007627029396,0.010852268234797027
Ethiopia,2011,0.006248965772436457,0,6,0.00697787028878744,0.0076906770905547555,0.00844211840732286,0.009286926468676206,0.010124007627029396
Ethiopia,2012,0.00551362217025201,1,6,0.006248965772436457,0.00697787028878744,0.0076906770905547555,0.00844211840732286,0.009286926468676206
Ethiopia,2013,0.0047814981109843,1,6,0.00551362217025201,0.006248965772436457,0.00697787028878744,0.0076906770905547555,0.00844211840732286
Ethiopia,2014,0.00404937405171659,1,6,0.0047814981109843,0.00551362217025201,0.006248965772436457,0.00697787028878744,0.0076906770905547555
Ethiopia,2015,0.0033172499924488796,0,6,0.00404937405171659,0.0047814981109843,0.00551362217025201,0.006248965772436457,0.00697787028878744
Ethiopia,2016,0.0025851259331811692,0,6,0.0033172499924488796,0.00404937405171659,0.0047814981109843,0.00551362217025201,0.006248965772436457
Ethiopia,2017,0.001853001873913459,0,6,0.0025851259331811692,0.0033172499924488796,0.00404937405171659,0.0047814981109843,0.00551362217025201
Ethiopia,2018,0.0011208778146457486,0,6,0.001853001873913459,0.0025851259331811692,0.0033172499924488796,0.00404937405171659,0.0047814981109843
Ethiopia,2019,3.8875375537803826e-4,0,6,0.0011208778146457486,0.001853001873913459,0.0025851259331811692,0.0033172499924488796,0.00404937405171659
Ethiopia,2020,0,0,6,3.8875375537803826e-4,0.0011208778146457486,0.001853001873913459,0.0025851259331811692,0.0033172499924488796
Ethiopia,2021,0,0,6,0,3.8875375537803826e-4,0.0011208778146457486,0.001853001873913459,0.0025851259331811692
Ethiopia,2022,0,0,6,0,0,3.8875375537803826e-4,0.0011208778146457486,0.001853001873913459
Gambia,2000,0.734206161,1,3,NA,NA,NA,NA,NA
Gambia,2001,0.63164918292564,1,3,0.734206161,NA,NA,NA,NA
Gambia,2002,0.583851461230769,1,3,0.63164918292564,0.734206161,NA,NA,NA
Gambia,2003,0.5238293803709694,0,3,0.583851461230769,0.63164918292564,0.734206161,NA,NA
Gambia,2004,0.4615326005321598,0,3,0.5238293803709694,0.583851461230769,0.63164918292564,0.734206161,NA
Gambia,2005,0.3992358206933502,0,3,0.4615326005321598,0.5238293803709694,0.583851461230769,0.63164918292564,0.734206161
Gambia,2006,0.3369390408545406,0,3,0.3992358206933502,0.4615326005321598,0.5238293803709694,0.583851461230769,0.63164918292564
Gambia,2007,0.27464226101573097,0,3,0.3369390408545406,0.3992358206933502,0.4615326005321598,0.5238293803709694,0.583851461230769
Gambia,2008,0.21234548117692137,0,3,0.27464226101573097,0.3369390408545406,0.3992358206933502,0.4615326005321598,0.5238293803709694
Gambia,2009,0.15004870133811177,0,3,0.21234548117692137,0.27464226101573097,0.3369390408545406,0.3992358206933502,0.4615326005321598
Gambia,2010,0.08775192149930215,0,3,0.15004870133811177,0.21234548117692137,0.27464226101573097,0.3369390408545406,0.3992358206933502
Gambia,2011,0.025455141660492536,0,3,0.08775192149930215,0.15004870133811177,0.21234548117692137,0.27464226101573097,0.3369390408545406
Gambia,2012,0,0,3,0.025455141660492536,0.08775192149930215,0.15004870133811177,0.21234548117692137,0.27464226101573097
Gambia,2013,0,0,3,0,0.025455141660492536,0.08775192149930215,0.15004870133811177,0.21234548117692137
Gambia,2014,0,0,3,0,0,0.025455141660492536,0.08775192149930215,0.15004870133811177
Gambia,2015,0,0,3,0,0,0,0.025455141660492536,0.08775192149930215
Gambia,2016,0,0,3,0,0,0,0,0.025455141660492536
Gambia,2017,0,0,3,0,0,0,0,0
Gambia,2018,0,0,3,0,0,0,0,0
Gambia,2019,0,0,3,0,0,0,0,0
Gambia,2020,0,0,3,0,0,0,0,0
Gambia,2021,0,0,3,0,0,0,0,0
Gambia,2022,0,0,3,0,0,0,0,0
Ghana,2000,0.601508192,1,16,NA,NA,NA,NA,NA
Ghana,2001,0.601508192,1,16,0.601508192,NA,NA,NA,NA
Ghana,2002,0.601508192,1,16,0.601508192,0.601508192,NA,NA,NA
Ghana,2003,0.5781009723333334,0,16,0.601508192,0.601508192,0.601508192,NA,NA
Ghana,2004,0.531286533,1,16,0.5781009723333334,0.601508192,0.601508192,0.601508192,NA
Ghana,2005,0.461064874,1,16,0.531286533,0.5781009723333334,0.601508192,0.601508192,0.601508192
Ghana,2006,0.390843215,1,16,0.461064874,0.531286533,0.5781009723333334,0.601508192,0.601508192
Ghana,2007,0.34380002475,1,16,0.390843215,0.461064874,0.531286533,0.5781009723333334,0.601508192
Ghana,2008,0.2967568345,1,16,0.34380002475,0.390843215,0.461064874,0.531286533,0.5781009723333334
Ghana,2009,0.24971364425,0,16,0.2967568345,0.34380002475,0.390843215,0.461064874,0.531286533
Ghana,2010,0.202670454,1,16,0.24971364425,0.2967568345,0.34380002475,0.390843215,0.461064874
Ghana,2011,0.15562726375,1,16,0.202670454,0.24971364425,0.2967568345,0.34380002475,0.390843215
Ghana,2012,0.1085840735,1,16,0.15562726375,0.202670454,0.24971364425,0.2967568345,0.34380002475
Ghana,2013,0.06154088325,1,16,0.1085840735,0.15562726375,0.202670454,0.24971364425,0.2967568345
Ghana,2014,0.014497693,1,16,0.06154088325,0.1085840735,0.15562726375,0.202670454,0.24971364425
Ghana,2015,0.0128913656,1,16,0.014497693,0.06154088325,0.1085840735,0.15562726375,0.202670454
Ghana,2016,0.0112850382,1,16,0.0128913656,0.014497693,0.06154088325,0.1085840735,0.15562726375
Ghana,2017,0.00967871079999997,1,16,0.0112850382,0.0128913656,0.014497693,0.06154088325,0.1085840735
Ghana,2018,0.008072383399999938,0,16,0.00967871079999997,0.0112850382,0.0128913656,0.014497693,0.06154088325
Ghana,2019,0.006466055999999908,0,16,0.008072383399999938,0.00967871079999997,0.0112850382,0.0128913656,0.014497693
Ghana,2020,0.004859728599999877,0,16,0.006466055999999908,0.008072383399999938,0.00967871079999997,0.0112850382,0.0128913656
Ghana,2021,0.003253401199999846,0,16,0.004859728599999877,0.006466055999999908,0.008072383399999938,0.00967871079999997,0.0112850382
Ghana,2022,0.0016470737999998153,0,16,0.003253401199999846,0.004859728599999877,0.006466055999999908,0.008072383399999938,0.00967871079999997
Guinea,2000,0.27497878273742177,0,3,NA,NA,NA,NA,NA
Guinea,2001,0.27493792566368463,0,3,0.27497878273742177,NA,NA,NA,NA
Guinea,2002,0.2729922571977048,0,3,0.27493792566368463,0.27497878273742177,NA,NA,NA
Guinea,2003,0.268644569,1,3,0.2729922571977048,0.27493792566368463,0.27497878273742177,NA,NA
Guinea,2004,0.2566628048764807,0,3,0.268644569,0.2729922571977048,0.27493792566368463,0.27497878273742177,NA
Guinea,2005,0.24222603810562995,0,3,0.2566628048764807,0.268644569,0.2729922571977048,0.27493792566368463,0.27497878273742177
Guinea,2006,0.2257784941113237,0,3,0.24222603810562995,0.2566628048764807,0.268644569,0.2729922571977048,0.27493792566368463
Guinea,2007,0.20776439831743782,0,3,0.2257784941113237,0.24222603810562995,0.2566628048764807,0.268644569,0.2729922571977048
Guinea,2008,0.18862797614784815,0,3,0.20776439831743782,0.2257784941113237,0.24222603810562995,0.2566628048764807,0.268644569
Guinea,2009,0.1688134530264307,0,3,0.18862797614784815,0.20776439831743782,0.2257784941113237,0.24222603810562995,0.2566628048764807
Guinea,2010,0.14876505437706122,0,3,0.1688134530264307,0.18862797614784815,0.20776439831743782,0.2257784941113237,0.24222603810562995
Guinea,2011,0.1289270056236157,0,3,0.14876505437706122,0.1688134530264307,0.18862797614784815,0.20776439831743782,0.2257784941113237
Guinea,2012,0.10974353218996999,0,3,0.1289270056236157,0.14876505437706122,0.1688134530264307,0.18862797614784815,0.20776439831743782
Guinea,2013,0.0916588595,1,3,0.10974353218996999,0.1289270056236157,0.14876505437706122,0.1688134530264307,0.18862797614784815
Guinea,2014,0.085111898,1,3,0.0916588595,0.10974353218996999,0.1289270056236157,0.14876505437706122,0.1688134530264307
Guinea,2015,0.07080443924210142,0,3,0.085111898,0.0916588595,0.10974353218996999,0.1289270056236157,0.14876505437706122
Guinea,2016,0.05649698048420283,0,3,0.07080443924210142,0.085111898,0.0916588595,0.10974353218996999,0.1289270056236157
Guinea,2017,0.04218952172630425,0,3,0.05649698048420283,0.07080443924210142,0.085111898,0.0916588595,0.10974353218996999
Guinea,2018,0.027882062968405664,0,3,0.04218952172630425,0.05649698048420283,0.07080443924210142,0.085111898,0.0916588595
Guinea,2019,0.013574604210507081,0,3,0.027882062968405664,0.04218952172630425,0.05649698048420283,0.07080443924210142,0.085111898
Guinea,2020,0,0,3,0.013574604210507081,0.027882062968405664,0.04218952172630425,0.05649698048420283,0.07080443924210142
Guinea,2021,0,0,3,0,0.013574604210507081,0.027882062968405664,0.04218952172630425,0.05649698048420283
Guinea,2022,0,0,3,0,0,0.013574604210507081,0.027882062968405664,0.04218952172630425
India,2000,0.0215151033688221,1,17,NA,NA,NA,NA,NA
India,2001,0.0215151033687606,1,17,0.0215151033688221,NA,NA,NA,NA
India,2002,0.0216271819213192,1,17,0.0215151033687606,0.0215151033688221,NA,NA,NA
India,2003,0.0218737547370263,1,17,0.0216271819213192,0.0215151033687606,0.0215151033688221,NA,NA
India,2004,0.0222772375264104,1,17,0.0218737547370263,0.0216271819213192,0.0215151033687606,0.0215151033688221,NA
India,2005,0.022860046,1,17,0.0222772375264104,0.0218737547370263,0.0216271819213192,0.0215151033687606,0.0215151033688221
India,2006,0.0236445958683234,1,17,0.022860046,0.0222772375264104,0.0218737547370263,0.0216271819213192,0.0215151033687606
India,2007,0.0246568638014033,1,17,0.0236445958683234,0.022860046,0.0222772375264104,0.0218737547370263,0.0216271819213192
India,2008,0.0259228264692625,1,17,0.0246568638014033,0.0236445958683234,0.022860046,0.0222772375264104,0.0218737547370263
India,2009,0.0274684605419236,1,17,0.0259228264692625,0.0246568638014033,0.0236445958683234,0.022860046,0.0222772375264104
India,2010,0.0293197426894092,1,17,0.0274684605419236,0.0259228264692625,0.0246568638014033,0.0236445958683234,0.022860046
India,2011,0.0315026495817421,1,17,0.0293197426894092,0.0274684605419236,0.0259228264692625,0.0246568638014033,0.0236445958683234
India,2012,0.034043157888945,1,17,0.0315026495817421,0.0293197426894092,0.0274684605419236,0.0259228264692625,0.0246568638014033
India,2013,0.0369672442810405,1,17,0.034043157888945,0.0315026495817421,0.0293197426894092,0.0274684605419236,0.0259228264692625
India,2014,0.0403008854280512,1,17,0.0369672442810405,0.034043157888945,0.0315026495817421,0.0293197426894092,0.0274684605419236
India,2015,0.044070058,1,17,0.0403008854280512,0.0369672442810405,0.034043157888945,0.0315026495817421,0.0293197426894092
India,2016,0.0483007386669094,1,17,0.044070058,0.0403008854280512,0.0369672442810405,0.034043157888945,0.0315026495817421
India,2017,0.052531419333818795,0,17,0.0483007386669094,0.044070058,0.0403008854280512,0.0369672442810405,0.034043157888945
India,2018,0.05676210000072819,0,17,0.052531419333818795,0.0483007386669094,0.044070058,0.0403008854280512,0.0369672442810405
India,2019,0.06099278066763759,0,17,0.05676210000072819,0.052531419333818795,0.0483007386669094,0.044070058,0.0403008854280512
India,2020,0.06522346133454698,0,17,0.06099278066763759,0.05676210000072819,0.052531419333818795,0.0483007386669094,0.044070058
India,2021,0.06945414200145639,0,17,0.06522346133454698,0.06099278066763759,0.05676210000072819,0.052531419333818795,0.0483007386669094
India,2022,0.07368482266836579,0,17,0.06945414200145639,0.06522346133454698,0.06099278066763759,0.05676210000072819,0.052531419333818795
Indonesia,2000,0.067987852,1,6,NA,NA,NA,NA,NA
Indonesia,2001,0.04108163215521398,0,6,0.067987852,NA,NA,NA,NA
Indonesia,2002,0.00527875,1,6,0.04108163215521398,0.067987852,NA,NA,NA
Indonesia,2003,0.03031914421729958,0,6,0.00527875,0.04108163215521398,0.067987852,NA,NA
Indonesia,2004,0.024937900248342373,0,6,0.03031914421729958,0.00527875,0.04108163215521398,0.067987852,NA
Indonesia,2005,0.017107228057325,1,6,0.024937900248342373,0.03031914421729958,0.00527875,0.04108163215521398,0.067987852
Indonesia,2006,0.0127565472923513,1,6,0.017107228057325,0.024937900248342373,0.03031914421729958,0.00527875,0.04108163215521398
Indonesia,2007,0.007245148,1,6,0.0127565472923513,0.017107228057325,0.024937900248342373,0.03031914421729958,0.00527875
Indonesia,2008,0.0034129243725135533,0,6,0.007245148,0.0127565472923513,0.017107228057325,0.024937900248342373,0.03031914421729958
Indonesia,2009,0,0,6,0.0034129243725135533,0.007245148,0.0127565472923513,0.017107228057325,0.024937900248342373
Indonesia,2010,0.00180597289829805,1,6,0,0.0034129243725135533,0.007245148,0.0127565472923513,0.017107228057325
Indonesia,2011,0,0,6,0.00180597289829805,0,0.0034129243725135533,0.007245148,0.0127565472923513
Indonesia,2012,0,0,6,0,0.00180597289829805,0,0.0034129243725135533,0.007245148
Indonesia,2013,0,0,6,0,0,0.00180597289829805,0,0.0034129243725135533
Indonesia,2014,0,0,6,0,0,0,0.00180597289829805,0
Indonesia,2015,0,0,6,0,0,0,0,0.00180597289829805
Indonesia,2016,0,0,6,0,0,0,0,0
Indonesia,2017,0,0,6,0,0,0,0,0
Indonesia,2018,0,0,6,0,0,0,0,0
Indonesia,2019,0,0,6,0,0,0,0,0
Indonesia,2020,0,0,6,0,0,0,0,0
Indonesia,2021,0,0,6,0,0,0,0,0
Indonesia,2022,0,0,6,0,0,0,0,0
Kenya,2000,0.403274333,1,16,NA,NA,NA,NA,NA
Kenya,2001,0.279617529666667,1,16,0.403274333,NA,NA,NA,NA
Kenya,2002,0.155960726333333,1,16,0.279617529666667,0.403274333,NA,NA,NA
Kenya,2003,0.032303923,1,16,0.155960726333333,0.279617529666667,0.403274333,NA,NA
Kenya,2004,0.0281485248,1,16,0.032303923,0.155960726333333,0.279617529666667,0.403274333,NA
Kenya,2005,0.0239931266,1,16,0.0281485248,0.032303923,0.155960726333333,0.279617529666667,0.403274333
Kenya,2006,0.0198377284,1,16,0.0239931266,0.0281485248,0.032303923,0.155960726333333,0.279617529666667
Kenya,2007,0.0156823302,1,16,0.0198377284,0.0239931266,0.0281485248,0.032303923,0.155960726333333
Kenya,2008,0.011526932,1,16,0.0156823302,0.0198377284,0.0239931266,0.0281485248,0.032303923
Kenya,2009,0.0102418656666667,1,16,0.011526932,0.0156823302,0.0198377284,0.0239931266,0.0281485248
Kenya,2010,0.00895679933333332,1,16,0.0102418656666667,0.011526932,0.0156823302,0.0198377284,0.0239931266
Kenya,2011,0.00767173299999997,1,16,0.00895679933333332,0.0102418656666667,0.011526932,0.0156823302,0.0198377284
Kenya,2012,0.00638666666666663,1,16,0.00767173299999997,0.00895679933333332,0.0102418656666667,0.011526932,0.0156823302
Kenya,2013,0.00510160033333331,1,16,0.00638666666666663,0.00767173299999997,0.00895679933333332,0.0102418656666667,0.011526932
Kenya,2014,0.003816534,1,16,0.00510160033333331,0.00638666666666663,0.00767173299999997,0.00895679933333332,0.0102418656666667
Kenya,2015,0.002009671,1,16,0.003816534,0.00510160033333331,0.00638666666666663,0.00767173299999997,0.00895679933333332
Kenya,2016,2.028080000000005e-4,0,16,0.002009671,0.003816534,0.00510160033333331,0.00638666666666663,0.00767173299999997
Kenya,2017,0,0,16,2.028080000000005e-4,0.002009671,0.003816534,0.00510160033333331,0.00638666666666663
Kenya,2018,0,0,16,0,2.028080000000005e-4,0.002009671,0.003816534,0.00510160033333331
Kenya,2019,0,0,16,0,0,2.028080000000005e-4,0.002009671,0.003816534
Kenya,2020,0,0,16,0,0,0,2.028080000000005e-4,0.002009671
Kenya,2021,0,0,16,0,0,0,0,2.028080000000005e-4
Kenya,2022,0,0,16,0,0,0,0,0
Liberia,2000,0.405100907,1,3,NA,NA,NA,NA,NA
Liberia,2001,0.405476661756376,0,3,0.405100907,NA,NA,NA,NA
Liberia,2002,0.40501817687714736,0,3,0.405476661756376,0.405100907,NA,NA,NA
Liberia,2003,0.40251545797034244,0,3,0.40501817687714736,0.405476661756376,0.405100907,NA,NA
Liberia,2004,0.39675851064398965,0,3,0.40251545797034244,0.40501817687714736,0.405476661756376,0.405100907,NA
Liberia,2005,0.3865373405061173,0,3,0.39675851064398965,0.40251545797034244,0.40501817687714736,0.405476661756376,0.405100907
Liberia,2006,0.37064195316475385,0,3,0.3865373405061173,0.39675851064398965,0.40251545797034244,0.40501817687714736,0.405476661756376
Liberia,2007,0.34786235422792755,0,3,0.37064195316475385,0.3865373405061173,0.39675851064398965,0.40251545797034244,0.40501817687714736
Liberia,2008,0.3169885493036668,0,3,0.34786235422792755,0.37064195316475385,0.3865373405061173,0.39675851064398965,0.40251545797034244
Liberia,2009,0.276810544,1,3,0.3169885493036668,0.34786235422792755,0.37064195316475385,0.3865373405061173,0.39675851064398965
Liberia,2010,0.2261183439249555,0,3,0.276810544,0.3169885493036668,0.34786235422792755,0.37064195316475385,0.3865373405061173
Liberia,2011,0.1675404977713777,0,3,0.2261183439249555,0.276810544,0.3169885493036668,0.34786235422792755,0.37064195316475385
Liberia,2012,0.10370555423211107,0,3,0.1675404977713777,0.2261183439249555,0.276810544,0.3169885493036668,0.34786235422792755
Liberia,2013,0.037242062,1,3,0.10370555423211107,0.1675404977713777,0.2261183439249555,0.276810544,0.3169885493036668
Liberia,2014,0,0,3,0.037242062,0.10370555423211107,0.1675404977713777,0.2261183439249555,0.276810544
Liberia,2015,0,0,3,0,0.037242062,0.10370555423211107,0.1675404977713777,0.2261183439249555
Liberia,2016,0,0,3,0,0,0.037242062,0.10370555423211107,0.1675404977713777
Liberia,2017,0,0,3,0,0,0,0.037242062,0.10370555423211107
Liberia,2018,0,0,3,0,0,0,0,0.037242062
Liberia,2019,0,0,3,0,0,0,0,0
Liberia,2020,0,0,3,0,0,0,0,0
Liberia,2021,0,0,3,0,0,0,0,0
Liberia,2022,0,0,3,0,0,0,0,0
Madagascar,2000,0.6977782275694688,0,7,NA,NA,NA,NA,NA
Madagascar,2001,0.675120611926759,1,7,0.6977782275694688,NA,NA,NA,NA
Madagascar,2002,0.568340480991073,1,7,0.675120611926759,0.6977782275694688,NA,NA,NA
Madagascar,2003,0.4864814761968602,0,7,0.568340480991073,0.675120611926759,0.6977782275694688,NA,NA
Madagascar,2004,0.405298082897038,1,7,0.4864814761968602,0.568340480991073,0.675120611926759,0.6977782275694688,NA
Madagascar,2005,0.3461399811413171,0,7,0.405298082897038,0.4864814761968602,0.568340480991073,0.675120611926759,0.6977782275694688
Madagascar,2006,0.292773548580339,1,7,0.3461399811413171,0.405298082897038,0.4864814761968602,0.568340480991073,0.675120611926759
Madagascar,2007,0.236511281421989,1,7,0.292773548580339,0.3461399811413171,0.405298082897038,0.4864814761968602,0.568340480991073
Madagascar,2008,0.19460317482044356,0,7,0.236511281421989,0.292773548580339,0.3461399811413171,0.405298082897038,0.4864814761968602
Madagascar,2009,0.1590324924463778,0,7,0.19460317482044356,0.236511281421989,0.292773548580339,0.3461399811413171,0.405298082897038
Madagascar,2010,0.12890009751172693,0,7,0.1590324924463778,0.19460317482044356,0.236511281421989,0.292773548580339,0.3461399811413171
Madagascar,2011,0.10330685322842621,0,7,0.12890009751172693,0.1590324924463778,0.19460317482044356,0.236511281421989,0.292773548580339
Madagascar,2012,0.08135362280841085,0,7,0.10330685322842621,0.12890009751172693,0.1590324924463778,0.19460317482044356,0.236511281421989
Madagascar,2013,0.062141269463616,1,7,0.08135362280841085,0.10330685322842621,0.12890009751172693,0.1590324924463778,0.19460317482044356
Madagascar,2014,0.0467081874220052,1,7,0.062141269463616,0.08135362280841085,0.10330685322842621,0.12890009751172693,0.1590324924463778
Madagascar,2015,0.027489389612020545,0,7,0.0467081874220052,0.062141269463616,0.08135362280841085,0.10330685322842621,0.12890009751172693
Madagascar,2016,0.00827059180203589,0,7,0.027489389612020545,0.0467081874220052,0.062141269463616,0.08135362280841085,0.10330685322842621
Madagascar,2017,0,0,7,0.00827059180203589,0.027489389612020545,0.0467081874220052,0.062141269463616,0.08135362280841085
Madagascar,2018,0,0,7,0,0.00827059180203589,0.027489389612020545,0.0467081874220052,0.062141269463616
Madagascar,2019,0,0,7,0,0,0.00827059180203589,0.027489389612020545,0.0467081874220052
Madagascar,2020,0,0,7,0,0,0,0.00827059180203589,0.027489389612020545
Madagascar,2021,0,0,7,0,0,0,0,0.00827059180203589
Madagascar,2022,0,0,7,0,0,0,0,0
Malawi,2000,0.006866029,0,8,NA,NA,NA,NA,NA
Malawi,2001,0.006980858582894087,0,8,0.006866029,NA,NA,NA,NA
Malawi,2002,0.00709568816578965,0,8,0.006980858582894087,0.006866029,NA,NA,NA
Malawi,2003,0.007095688165790389,0,8,0.00709568816578965,0.006980858582894087,0.006866029,NA,NA
Malawi,2004,0.006866029,1,8,0.007095688165790389,0.00709568816578965,0.006980858582894087,0.006866029,NA
Malawi,2005,0.00629188108552218,1,8,0.006866029,0.007095688165790389,0.00709568816578965,0.006980858582894087,0.006866029
Malawi,2006,0.005436364362267335,0,8,0.00629188108552218,0.006866029,0.007095688165790389,0.00709568816578965,0.006980858582894087
Malawi,2007,0.00430237097204677,1,8,0.005436364362267335,0.00629188108552218,0.006866029,0.007095688165790389,0.00709568816578965
Malawi,2008,0.00289279305667179,1,8,0.00430237097204677,0.005436364362267335,0.00629188108552218,0.006866029,0.007095688165790389
Malawi,2009,0.00148627386296092,1,8,0.00289279305667179,0.00430237097204677,0.005436364362267335,0.00629188108552218,0.006866029
Malawi,2010,8.425141476495529e-4,0,8,0.00148627386296092,0.00289279305667179,0.00430237097204677,0.005436364362267335,0.00629188108552218
Malawi,2011,6.88225796033675e-4,1,8,8.425141476495529e-4,0.00148627386296092,0.00289279305667179,0.00430237097204677,0.005436364362267335
Malawi,2012,7.501206934092717e-4,0,8,6.88225796033675e-4,8.425141476495529e-4,0.00148627386296092,0.00289279305667179,0.00430237097204677
Malawi,2013,6.47583780992621e-4,1,8,7.501206934092717e-4,6.88225796033675e-4,8.425141476495529e-4,0.00148627386296092,0.00289279305667179
Malawi,2014,0,1,8,6.47583780992621e-4,7.501206934092717e-4,6.88225796033675e-4,8.425141476495529e-4,0.00148627386296092
Malawi,2015,0,0,8,0,6.47583780992621e-4,7.501206934092717e-4,6.88225796033675e-4,8.425141476495529e-4
Malawi,2016,0,0,8,0,0,6.47583780992621e-4,7.501206934092717e-4,6.88225796033675e-4
Malawi,2017,0,0,8,0,0,0,6.47583780992621e-4,7.501206934092717e-4
Malawi,2018,0,0,8,0,0,0,0,6.47583780992621e-4
Malawi,2019,0,0,8,0,0,0,0,0
Malawi,2020,0,0,8,0,0,0,0,0
Malawi,2021,0,0,8,0,0,0,0,0
Malawi,2022,0,0,8,0,0,0,0,0
Mali,2000,0.3690285116978738,0,10,NA,NA,NA,NA,NA
Mali,2001,0.361417489,1,10,0.3690285116978738,NA,NA,NA,NA
Mali,2002,0.342389932255664,1,10,0.361417489,0.3690285116978738,NA,NA,NA
Mali,2003,0.316271156860341,1,10,0.342389932255664,0.361417489,0.3690285116978738,NA,NA
Mali,2004,0.284804166937187,1,10,0.316271156860341,0.342389932255664,0.361417489,0.3690285116978738,NA
Mali,2005,0.249731966609355,1,10,0.284804166937187,0.316271156860341,0.342389932255664,0.361417489,0.3690285116978738
Mali,2006,0.21279756,1,10,0.249731966609355,0.284804166937187,0.316271156860341,0.342389932255664,0.361417489
Mali,2007,0.175743951232275,1,10,0.21279756,0.249731966609355,0.284804166937187,0.316271156860341,0.342389932255664
Mali,2008,0.13979024499195566,0,10,0.175743951232275,0.21279756,0.249731966609355,0.284804166937187,0.316271156860341
Mali,2009,0.10616811096380527,0,10,0.13979024499195566,0.175743951232275,0.21279756,0.249731966609355,0.284804166937187
Mali,2010,0.07610921883258702,0,10,0.10616811096380527,0.13979024499195566,0.175743951232275,0.21279756,0.249731966609355
Mali,2011,0.05084523828306419,0,10,0.07610921883258702,0.10616811096380527,0.13979024499195566,0.175743951232275,0.21279756
Mali,2012,0.031607839,1,10,0.05084523828306419,0.07610921883258702,0.10616811096380527,0.13979024499195566,0.175743951232275
Mali,2013,0.0196286906681577,0,10,0.031607839,0.05084523828306419,0.07610921883258702,0.10616811096380527,0.13979024499195566
Mali,2014,0.0127521805771942,1,10,0.0196286906681577,0.031607839,0.05084523828306419,0.07610921883258702,0.10616811096380527
Mali,2015,0.008822696016766466,0,10,0.0127521805771942,0.0196286906681577,0.031607839,0.05084523828306419,0.07610921883258702
Mali,2016,0.00636672422160661,1,10,0.008822696016766466,0.0127521805771942,0.0196286906681577,0.031607839,0.05084523828306419
Mali,2017,0.003910752426446752,0,10,0.00636672422160661,0.008822696016766466,0.0127521805771942,0.0196286906681577,0.031607839
Mali,2018,0.0014547806312868953,0,10,0.003910752426446752,0.00636672422160661,0.008822696016766466,0.0127521805771942,0.0196286906681577
Mali,2019,0,0,10,0.0014547806312868953,0.003910752426446752,0.00636672422160661,0.008822696016766466,0.0127521805771942
Mali,2020,0,0,10,0,0.0014547806312868953,0.003910752426446752,0.00636672422160661,0.008822696016766466
Mali,2021,0,0,10,0,0,0.0014547806312868953,0.003910752426446752,0.00636672422160661
Mali,2022,0,0,10,0,0,0,0.0014547806312868953,0.003910752426446752
Mozambique,2000,0.04181839839674985,0,11,NA,NA,NA,NA,NA
Mozambique,2001,0.041795754,1,11,0.04181839839674985,NA,NA,NA,NA
Mozambique,2002,0.041795754,1,11,0.041795754,0.04181839839674985,NA,NA,NA
Mozambique,2003,0.041795754,1,11,0.041795754,0.041795754,0.04181839839674985,NA,NA
Mozambique,2004,0.03667137033631568,0,11,0.041795754,0.041795754,0.041795754,0.04181839839674985,NA
Mozambique,2005,0.028989947459889087,0,11,0.03667137033631568,0.041795754,0.041795754,0.041795754,0.04181839839674985
Mozambique,2006,0.0205586628,1,11,0.028989947459889087,0.03667137033631568,0.041795754,0.041795754,0.041795754
Mozambique,2007,0.0134796324,1,11,0.0205586628,0.028989947459889087,0.03667137033631568,0.041795754,0.041795754
Mozambique,2008,0.006400602,1,11,0.0134796324,0.0205586628,0.028989947459889087,0.03667137033631568,0.041795754
Mozambique,2009,0.00564502485714285,1,11,0.006400602,0.0134796324,0.0205586628,0.028989947459889087,0.03667137033631568
Mozambique,2010,0.00488944771428571,1,11,0.00564502485714285,0.006400602,0.0134796324,0.0205586628,0.028989947459889087
Mozambique,2011,0.004113941618751022,0,11,0.00488944771428571,0.00564502485714285,0.006400602,0.0134796324,0.0205586628
Mozambique,2012,0.003364401814873387,0,11,0.004113941618751022,0.00488944771428571,0.00564502485714285,0.006400602,0.0134796324
Mozambique,2013,0.00262271628571428,1,11,0.003364401814873387,0.004113941618751022,0.00488944771428571,0.00564502485714285,0.006400602
Mozambique,2014,0.00186713914285713,1,11,0.00262271628571428,0.003364401814873387,0.004113941618751022,0.00488944771428571,0.00564502485714285
Mozambique,2015,0.001111562,1,11,0.00186713914285713,0.00262271628571428,0.003364401814873387,0.004113941618751022,0.00488944771428571
Mozambique,2016,3.5612847520433285e-4,0,11,0.001111562,0.00186713914285713,0.00262271628571428,0.003364401814873387,0.004113941618751022
Mozambique,2017,0,0,11,3.5612847520433285e-4,0.001111562,0.00186713914285713,0.00262271628571428,0.003364401814873387
Mozambique,2018,0,0,11,0,3.5612847520433285e-4,0.001111562,0.00186713914285713,0.00262271628571428
Mozambique,2019,0,0,11,0,0,3.5612847520433285e-4,0.001111562,0.00186713914285713
Mozambique,2020,0,0,11,0,0,0,3.5612847520433285e-4,0.001111562
Mozambique,2021,0,0,11,0,0,0,0,3.5612847520433285e-4
Mozambique,2022,0,0,11,0,0,0,0,0
Niger,2000,0.600935356333333,0,4,NA,NA,NA,NA,NA
Niger,2001,0.600935356333333,1,4,0.600935356333333,NA,NA,NA,NA
Niger,2002,0.547510863496836,0,4,0.600935356333333,0.600935356333333,NA,NA,NA
Niger,2003,0.476254911,1,4,0.547510863496836,0.600935356333333,0.600935356333333,NA,NA
Niger,2004,0.4096368831859732,0,4,0.476254911,0.547510863496836,0.600935356333333,0.600935356333333,NA
Niger,2005,0.3459369929123262,0,4,0.4096368831859732,0.476254911,0.547510863496836,0.600935356333333,0.600935356333333
Niger,2006,0.289234243,1,4,0.3459369929123262,0.4096368831859732,0.476254911,0.547510863496836,0.600935356333333
Niger,2007,0.246123744655469,0,4,0.289234243,0.3459369929123262,0.4096368831859732,0.476254911,0.547510863496836
Niger,2008,0.21270487159541704,0,4,0.246123744655469,0.289234243,0.3459369929123262,0.4096368831859732,0.476254911
Niger,2009,0.1875931059220614,0,4,0.21270487159541704,0.246123744655469,0.289234243,0.3459369929123262,0.4096368831859732
Niger,2010,0.16940392973761942,0,4,0.1875931059220614,0.21270487159541704,0.246123744655469,0.289234243,0.3459369929123262
Niger,2011,0.15675282514430833,0,4,0.16940392973761942,0.1875931059220614,0.21270487159541704,0.246123744655469,0.289234243
Niger,2012,0.14825527424434534,0,4,0.15675282514430833,0.16940392973761942,0.1875931059220614,0.21270487159541704,0.246123744655469
Niger,2013,0.14252675913994783,0,4,0.14825527424434534,0.15675282514430833,0.16940392973761942,0.1875931059220614,0.21270487159541704
Niger,2014,0.138182761933333,1,4,0.14252675913994783,0.14825527424434534,0.15675282514430833,0.16940392973761942,0.1875931059220614
Niger,2015,0.13320115442525204,0,4,0.138182761933333,0.14252675913994783,0.14825527424434534,0.15675282514430833,0.16940392973761942
Niger,2016,0.12821954691717105,0,4,0.13320115442525204,0.138182761933333,0.14252675913994783,0.14825527424434534,0.15675282514430833
Niger,2017,0.12323793940909006,0,4,0.12821954691717105,0.13320115442525204,0.138182761933333,0.14252675913994783,0.14825527424434534
Niger,2018,0.11825633190100907,0,4,0.12323793940909006,0.12821954691717105,0.13320115442525204,0.138182761933333,0.14252675913994783
Niger,2019,0.11327472439292807,0,4,0.11825633190100907,0.12323793940909006,0.12821954691717105,0.13320115442525204,0.138182761933333
Niger,2020,0.10829311688484708,0,4,0.11327472439292807,0.11825633190100907,0.12323793940909006,0.12821954691717105,0.13320115442525204
Niger,2021,0.10331150937676609,0,4,0.10829311688484708,0.11327472439292807,0.11825633190100907,0.12323793940909006,0.12821954691717105
Niger,2022,0.0983299018686851,0,4,0.10331150937676609,0.10829311688484708,0.11327472439292807,0.11825633190100907,0.12323793940909006
Nigeria,2000,0.33045901479376183,0,13,NA,NA,NA,NA,NA
Nigeria,2001,0.330750618142579,1,13,0.33045901479376183,NA,NA,NA,NA
Nigeria,2002,0.32201632839159644,0,13,0.330750618142579,0.33045901479376183,NA,NA,NA
Nigeria,2003,0.341073033,1,13,0.32201632839159644,0.330750618142579,0.33045901479376183,NA,NA
Nigeria,2004,0.302859258784785,1,13,0.341073033,0.32201632839159644,0.330750618142579,0.33045901479376183,NA
Nigeria,2005,0.2903317098919,1,13,0.302859258784785,0.341073033,0.32201632839159644,0.330750618142579,0.33045901479376183
Nigeria,2006,0.276324371228577,1,13,0.2903317098919,0.302859258784785,0.341073033,0.32201632839159644,0.330750618142579
Nigeria,2007,0.302476966,1,13,0.276324371228577,0.2903317098919,0.302859258784785,0.341073033,0.32201632839159644
Nigeria,2008,0.185407374,1,13,0.302476966,0.276324371228577,0.2903317098919,0.302859258784785,0.341073033
Nigeria,2009,0.23010108093045015,0,13,0.185407374,0.302476966,0.276324371228577,0.2903317098919,0.302859258784785
Nigeria,2010,0.272340746,1,13,0.23010108093045015,0.185407374,0.302476966,0.276324371228577,0.2903317098919
Nigeria,2011,0.189156428873173,1,13,0.272340746,0.23010108093045015,0.185407374,0.302476966,0.276324371228577
Nigeria,2012,0.169455816322588,1,13,0.189156428873173,0.272340746,0.23010108093045015,0.185407374,0.302476966
Nigeria,2013,0.093239905,1,13,0.169455816322588,0.189156428873173,0.272340746,0.23010108093045015,0.185407374
Nigeria,2014,0.13068387817193,1,13,0.093239905,0.169455816322588,0.189156428873173,0.272340746,0.23010108093045015
Nigeria,2015,0.1053003520625638,0,13,0.13068387817193,0.093239905,0.169455816322588,0.189156428873173,0.272340746
Nigeria,2016,0.0941190991854511,1,13,0.1053003520625638,0.13068387817193,0.093239905,0.169455816322588,0.189156428873173
Nigeria,2017,0.06421108543854734,0,13,0.0941190991854511,0.1053003520625638,0.13068387817193,0.093239905,0.169455816322588
Nigeria,2018,0.04366645212653911,0,13,0.06421108543854734,0.0941190991854511,0.1053003520625638,0.13068387817193,0.093239905
Nigeria,2019,0.023121818814530872,0,13,0.04366645212653911,0.06421108543854734,0.0941190991854511,0.1053003520625638,0.13068387817193
Nigeria,2020,0.0025771855025226373,0,13,0.023121818814530872,0.04366645212653911,0.06421108543854734,0.0941190991854511,0.1053003520625638
Nigeria,2021,0,0,13,0.0025771855025226373,0.023121818814530872,0.04366645212653911,0.06421108543854734,0.0941190991854511
Nigeria,2022,0,0,13,0,0.0025771855025226373,0.023121818814530872,0.04366645212653911,0.06421108543854734
Pakistan,2000,0.0048530315999984475,0,4,NA,NA,NA,NA,NA
Pakistan,2001,0.00469706333333167,0,4,0.0048530315999984475,NA,NA,NA,NA
Pakistan,2002,0.0045670897777763,0,4,0.00469706333333167,0.0048530315999984475,NA,NA,NA
Pakistan,2003,0.004502102999998893,0,4,0.0045670897777763,0.00469706333333167,0.0048530315999984475,NA,NA
Pakistan,2004,0.004541095066666003,0,4,0.004502102999998893,0.0045670897777763,0.00469706333333167,0.0048530315999984475,NA
Pakistan,2005,0.0047230580444441875,0,4,0.004541095066666003,0.004502102999998893,0.0045670897777763,0.00469706333333167,0.0048530315999984475
Pakistan,2006,0.005086984,1,4,0.0047230580444441875,0.004541095066666003,0.004502102999998893,0.0045670897777763,0.00469706333333167
Pakistan,2007,0.005671865,1,4,0.005086984,0.0047230580444441875,0.004541095066666003,0.004502102999998893,0.0045670897777763
Pakistan,2008,0.006256746,0,4,0.005671865,0.005086984,0.0047230580444441875,0.004541095066666003,0.004502102999998893
Pakistan,2009,0.006841627,1,4,0.006256746,0.005671865,0.005086984,0.0047230580444441875,0.004541095066666003
Pakistan,2010,0.007426508000000001,0,4,0.006841627,0.006256746,0.005671865,0.005086984,0.0047230580444441875
Pakistan,2011,0.008011389,1,4,0.007426508000000001,0.006841627,0.006256746,0.005671865,0.005086984
Pakistan,2012,0.008596270000000001,0,4,0.008011389,0.007426508000000001,0.006841627,0.006256746,0.005671865
Pakistan,2013,0.009181151000000002,0,4,0.008596270000000001,0.008011389,0.007426508000000001,0.006841627,0.006256746
Pakistan,2014,0.009766032000000003,0,4,0.009181151000000002,0.008596270000000001,0.008011389,0.007426508000000001,0.006841627
Pakistan,2015,0.010350913000000003,0,4,0.009766032000000003,0.009181151000000002,0.008596270000000001,0.008011389,0.007426508000000001
Pakistan,2016,0.010935794000000004,0,4,0.010350913000000003,0.009766032000000003,0.009181151000000002,0.008596270000000001,0.008011389
Pakistan,2017,0.011520675000000005,0,4,0.010935794000000004,0.010350913000000003,0.009766032000000003,0.009181151000000002,0.008596270000000001
Pakistan,2018,0.012105556000000005,0,4,0.011520675000000005,0.010935794000000004,0.010350913000000003,0.009766032000000003,0.009181151000000002
Pakistan,2019,0.012690437000000006,0,4,0.012105556000000005,0.011520675000000005,0.010935794000000004,0.010350913000000003,0.009766032000000003
Pakistan,2020,0.013275318000000006,0,4,0.012690437000000006,0.012105556000000005,0.011520675000000005,0.010935794000000004,0.010350913000000003
Pakistan,2021,0.013860199000000007,0,4,0.013275318000000006,0.012690437000000006,0.012105556000000005,0.011520675000000005,0.010935794000000004
Pakistan,2022,0.014445080000000008,0,4,0.013860199000000007,0.013275318000000006,0.012690437000000006,0.012105556000000005,0.011520675000000005
Philippines,2000,0.002068732498955988,0,4,NA,NA,NA,NA,NA
Philippines,2001,0.00206833599999904,1,4,0.002068732498955988,NA,NA,NA,NA
Philippines,2002,0.0019781121393057655,0,4,0.00206833599999904,0.002068732498955988,NA,NA,NA
Philippines,2003,0.002068336,1,4,0.0019781121393057655,0.00206833599999904,0.002068732498955988,NA,NA
Philippines,2004,0.0016546688,1,4,0.002068336,0.0019781121393057655,0.00206833599999904,0.002068732498955988,NA
Philippines,2005,0.0016865216256236198,0,4,0.0016546688,0.002068336,0.0019781121393057655,0.00206833599999904,0.002068732498955988
Philippines,2006,0.001564858544974907,0,4,0.0016865216256236198,0.0016546688,0.002068336,0.0019781121393057655,0.00206833599999904
Philippines,2007,0.001434423803938459,0,4,0.001564858544974907,0.0016865216256236198,0.0016546688,0.002068336,0.0019781121393057655
Philippines,2008,0.0012960945685530495,0,4,0.001434423803938459,0.001564858544974907,0.0016865216256236198,0.0016546688,0.002068336
Philippines,2009,0.0011507480048574522,0,4,0.0012960945685530495,0.001434423803938459,0.001564858544974907,0.0016865216256236198,0.0016546688
Philippines,2010,9.992612788904405e-4,0,4,0.0011507480048574522,0.0012960945685530495,0.001434423803938459,0.001564858544974907,0.0016865216256236198
Philippines,2011,8.425115566907876e-4,0,4,9.992612788904405e-4,0.0011507480048574522,0.0012960945685530495,0.001434423803938459,0.001564858544974907
Philippines,2012,6.813760042972673e-4,0,4,8.425115566907876e-4,9.992612788904405e-4,0.0011507480048574522,0.0012960945685530495,0.001434423803938459
Philippines,2013,5.167317877486531e-4,0,4,6.813760042972673e-4,8.425115566907876e-4,9.992612788904405e-4,0.0011507480048574522,0.0012960945685530495
Philippines,2014,3.494560730837184e-4,0,4,5.167317877486531e-4,6.813760042972673e-4,8.425115566907876e-4,9.992612788904405e-4,0.0011507480048574522
Philippines,2015,1.804260263412365e-4,0,4,3.494560730837184e-4,5.167317877486531e-4,6.813760042972673e-4,8.425115566907876e-4,9.992612788904405e-4
Philippines,2016,1.0842021724855e-19,1,4,1.804260263412365e-4,3.494560730837184e-4,5.167317877486531e-4,6.813760042972673e-4,8.425115566907876e-4
Philippines,2017,0,0,4,1.0842021724855e-19,1.804260263412365e-4,3.494560730837184e-4,5.167317877486531e-4,6.813760042972673e-4
Philippines,2018,0,0,4,0,1.0842021724855e-19,1.804260263412365e-4,3.494560730837184e-4,5.167317877486531e-4
Philippines,2019,0,0,4,0,0,1.0842021724855e-19,1.804260263412365e-4,3.494560730837184e-4
Philippines,2020,0,0,4,0,0,0,1.0842021724855e-19,1.804260263412365e-4
Philippines,2021,0,0,4,0,0,0,0,1.0842021724855e-19
Philippines,2022,0,0,4,0,0,0,0,0
Senegal,2000,0.613333446,1,15,NA,NA,NA,NA,NA
Senegal,2001,0.551560114804575,1,15,0.613333446,NA,NA,NA,NA
Senegal,2002,0.47135886436549,1,15,0.551560114804575,0.613333446,NA,NA,NA
Senegal,2003,0.377638367224118,1,15,0.47135886436549,0.551560114804575,0.613333446,NA,NA
Senegal,2004,0.27530729592183,1,15,0.377638367224118,0.47135886436549,0.551560114804575,0.613333446,NA
Senegal,2005,0.169274323,1,15,0.27530729592183,0.377638367224118,0.47135886436549,0.551560114804575,0.613333446
Senegal,2006,0.064448121,1,15,0.169274323,0.27530729592183,0.377638367224118,0.47135886436549,0.551560114804575
Senegal,2007,0.0225723124829932,1,15,0.064448121,0.169274323,0.27530729592183,0.377638367224118,0.47135886436549
Senegal,2008,0.013653281,1,15,0.0225723124829932,0.064448121,0.169274323,0.27530729592183,0.377638367224118
Senegal,2009,0.00769741010204081,1,15,0.013653281,0.0225723124829932,0.064448121,0.169274323,0.27530729592183
Senegal,2010,0.00417862291428571,1,15,0.00769741010204081,0.013653281,0.0225723124829932,0.064448121,0.169274323
Senegal,2011,0.00257084256190476,1,15,0.00417862291428571,0.00769741010204081,0.013653281,0.0225723124829932,0.064448121
Senegal,2012,0.00234799217006803,1,15,0.00257084256190476,0.00417862291428571,0.00769741010204081,0.013653281,0.0225723124829932
Senegal,2013,0.00298399486394559,1,15,0.00234799217006803,0.00257084256190476,0.00417862291428571,0.00769741010204081,0.013653281
Senegal,2014,0.0039527737687075,1,15,0.00298399486394559,0.00234799217006803,0.00257084256190476,0.00417862291428571,0.00769741010204081
Senegal,2015,0.00492155267346941,0,15,0.0039527737687075,0.00298399486394559,0.00234799217006803,0.00257084256190476,0.00417862291428571
Senegal,2016,0.005890331578231319,0,15,0.00492155267346941,0.0039527737687075,0.00298399486394559,0.00234799217006803,0.00257084256190476
Senegal,2017,0.006859110482993229,0,15,0.005890331578231319,0.00492155267346941,0.0039527737687075,0.00298399486394559,0.00234799217006803
Senegal,2018,0.007827889387755138,0,15,0.006859110482993229,0.005890331578231319,0.00492155267346941,0.0039527737687075,0.00298399486394559
Senegal,2019,0.008796668292517048,0,15,0.007827889387755138,0.006859110482993229,0.005890331578231319,0.00492155267346941,0.0039527737687075
Senegal,2020,0.009765447197278957,0,15,0.008796668292517048,0.007827889387755138,0.006859110482993229,0.005890331578231319,0.00492155267346941
Senegal,2021,0.010734226102040867,0,15,0.009765447197278957,0.008796668292517048,0.007827889387755138,0.006859110482993229,0.005890331578231319
Senegal,2022,0.011703005006802776,0,15,0.010734226102040867,0.009765447197278957,0.008796668292517048,0.007827889387755138,0.006859110482993229
Sierra Leone,2000,0.602396596082032,0,3,NA,NA,NA,NA,NA
Sierra Leone,2001,0.602396596082032,1,3,0.602396596082032,NA,NA,NA,NA
Sierra Leone,2002,0.5853268793294996,0,3,0.602396596082032,0.602396596082032,NA,NA,NA
Sierra Leone,2003,0.5538709389559573,0,3,0.5853268793294996,0.602396596082032,0.602396596082032,NA,NA
Sierra Leone,2004,0.5107122680929281,0,3,0.5538709389559573,0.5853268793294996,0.602396596082032,0.602396596082032,NA
Sierra Leone,2005,0.45853435987193464,0,3,0.5107122680929281,0.5538709389559573,0.5853268793294996,0.602396596082032,0.602396596082032
Sierra Leone,2006,0.4000207074244996,0,3,0.45853435987193464,0.5107122680929281,0.5538709389559573,0.5853268793294996,0.602396596082032
Sierra Leone,2007,0.3378548038821458,0,3,0.4000207074244996,0.45853435987193464,0.5107122680929281,0.5538709389559573,0.5853268793294996
Sierra Leone,2008,0.2747201423763958,0,3,0.3378548038821458,0.4000207074244996,0.45853435987193464,0.5107122680929281,0.5538709389559573
Sierra Leone,2009,0.21330021603877258,0,3,0.2747201423763958,0.3378548038821458,0.4000207074244996,0.45853435987193464,0.5107122680929281
Sierra Leone,2010,0.15627851800079867,0,3,0.21330021603877258,0.2747201423763958,0.3378548038821458,0.4000207074244996,0.45853435987193464
Sierra Leone,2011,0.10633854139399668,0,3,0.15627851800079867,0.21330021603877258,0.2747201423763958,0.3378548038821458,0.4000207074244996
Sierra Leone,2012,0.06616377934988982,0,3,0.10633854139399668,0.15627851800079867,0.21330021603877258,0.2747201423763958,0.3378548038821458
Sierra Leone,2013,0.038437725,1,3,0.06616377934988982,0.10633854139399668,0.15627851800079867,0.21330021603877258,0.2747201423763958
Sierra Leone,2014,0.0258438714758509,1,3,0.038437725,0.06616377934988982,0.10633854139399668,0.15627851800079867,0.21330021603877258
Sierra Leone,2015,0.013250017951701831,0,3,0.0258438714758509,0.038437725,0.06616377934988982,0.10633854139399668,0.15627851800079867
Sierra Leone,2016,6.561644275527578e-4,0,3,0.013250017951701831,0.0258438714758509,0.038437725,0.06616377934988982,0.10633854139399668
Sierra Leone,2017,0,0,3,6.561644275527578e-4,0.013250017951701831,0.0258438714758509,0.038437725,0.06616377934988982
Sierra Leone,2018,0,0,3,0,6.561644275527578e-4,0.013250017951701831,0.0258438714758509,0.038437725
Sierra Leone,2019,0,0,3,0,0,6.561644275527578e-4,0.013250017951701831,0.0258438714758509
Sierra Leone,2020,0,0,3,0,0,0,6.561644275527578e-4,0.013250017951701831
Sierra Leone,2021,0,0,3,0,0,0,0,6.561644275527578e-4
Sierra Leone,2022,0,0,3,0,0,0,0,0
Tanzania,2000,0.01750987677648245,0,14,NA,NA,NA,NA,NA
Tanzania,2001,0.017386842,1,14,0.01750987677648245,NA,NA,NA,NA
Tanzania,2002,0.017386842,1,14,0.017386842,0.01750987677648245,NA,NA,NA
Tanzania,2003,0.017386842,1,14,0.017386842,0.017386842,0.01750987677648245,NA,NA
Tanzania,2004,0.017386842,1,14,0.017386842,0.017386842,0.017386842,0.01750987677648245,NA
Tanzania,2005,0.0131646973333333,1,14,0.017386842,0.017386842,0.017386842,0.017386842,0.01750987677648245
Tanzania,2006,0.00894255266666666,1,14,0.0131646973333333,0.017386842,0.017386842,0.017386842,0.017386842
Tanzania,2007,0.004720408,1,14,0.00894255266666666,0.0131646973333333,0.017386842,0.017386842,0.017386842
Tanzania,2008,0.00344089433333333,1,14,0.004720408,0.00894255266666666,0.0131646973333333,0.017386842,0.017386842
Tanzania,2009,0.00216138066666666,1,14,0.00344089433333333,0.004720408,0.00894255266666666,0.0131646973333333,0.017386842
Tanzania,2010,8.81867e-4,1,14,0.00216138066666666,0.00344089433333333,0.004720408,0.00894255266666666,0.0131646973333333
Tanzania,2011,0.002791802,1,14,8.81867e-4,0.00216138066666666,0.00344089433333333,0.004720408,0.00894255266666666
Tanzania,2012,0.002141211158727234,0,14,0.002791802,8.81867e-4,0.00216138066666666,0.00344089433333333,0.004720408
Tanzania,2013,0.00139590099999999,1,14,0.002141211158727234,0.002791802,8.81867e-4,0.00216138066666666,0.00344089433333333
Tanzania,2014,6.979505e-4,1,14,0.00139590099999999,0.002141211158727234,0.002791802,8.81867e-4,0.00216138066666666
Tanzania,2015,5.901229978759096e-4,0,14,6.979505e-4,0.00139590099999999,0.002141211158727234,0.002791802,8.81867e-4
Tanzania,2016,6.423392625342421e-4,0,14,5.901229978759096e-4,6.979505e-4,0.00139590099999999,0.002141211158727234,0.002791802
Tanzania,2017,8.145883522793918e-4,0,14,6.423392625342421e-4,5.901229978759096e-4,6.979505e-4,0.00139590099999999,0.002141211158727234
Tanzania,2018,0.0010668593254157532,0,14,8.145883522793918e-4,6.423392625342421e-4,5.901229978759096e-4,6.979505e-4,0.00139590099999999
Tanzania,2019,0.00135914124024772,1,14,0.0010668593254157532,8.145883522793918e-4,6.423392625342421e-4,5.901229978759096e-4,6.979505e-4
Tanzania,2020,0.001568596911834159,0,14,0.00135914124024772,0.0010668593254157532,8.145883522793918e-4,6.423392625342421e-4,5.901229978759096e-4
Tanzania,2021,0.0017780525834205974,0,14,0.001568596911834159,0.00135914124024772,0.0010668593254157532,8.145883522793918e-4,6.423392625342421e-4
Tanzania,2022,0.001987508255007036,0,14,0.0017780525834205974,0.001568596911834159,0.00135914124024772,0.0010668593254157532,8.145883522793918e-4
Togo,2000,0.12818680425823076,0,3,NA,NA,NA,NA,NA
Togo,2001,0.126731952,1,3,0.12818680425823076,NA,NA,NA,NA
Togo,2002,0.12104975148911,0,3,0.126731952,0.12818680425823076,NA,NA,NA
Togo,2003,0.114071417381243,0,3,0.12104975148911,0.126731952,0.12818680425823076,NA,NA
Togo,2004,0.10600084690154066,0,3,0.114071417381243,0.12104975148911,0.126731952,0.12818680425823076,NA
Togo,2005,0.0970419372751446,0,3,0.10600084690154066,0.114071417381243,0.12104975148911,0.126731952,0.12818680425823076
Togo,2006,0.08739858572719647,0,3,0.0970419372751446,0.10600084690154066,0.114071417381243,0.12104975148911,0.126731952
Togo,2007,0.07727468948283793,0,3,0.08739858572719647,0.0970419372751446,0.10600084690154066,0.114071417381243,0.12104975148911
Togo,2008,0.06687414576721062,0,3,0.07727468948283793,0.08739858572719647,0.0970419372751446,0.10600084690154066,0.114071417381243
Togo,2009,0.056400851805456176,0,3,0.06687414576721062,0.07727468948283793,0.08739858572719647,0.0970419372751446,0.10600084690154066
Togo,2010,0.04605870482271625,0,3,0.056400851805456176,0.06687414576721062,0.07727468948283793,0.08739858572719647,0.0970419372751446
Togo,2011,0.03605160204413249,0,3,0.04605870482271625,0.056400851805456176,0.06687414576721062,0.07727468948283793,0.08739858572719647
Togo,2012,0.026583440694846527,0,3,0.03605160204413249,0.04605870482271625,0.056400851805456176,0.06687414576721062,0.07727468948283793
Togo,2013,0.017858118,1,3,0.026583440694846527,0.03605160204413249,0.04605870482271625,0.056400851805456176,0.06687414576721062
Togo,2014,0.016091587,1,3,0.017858118,0.026583440694846527,0.03605160204413249,0.04605870482271625,0.056400851805456176
Togo,2015,0.009378362803885591,0,3,0.016091587,0.017858118,0.026583440694846527,0.03605160204413249,0.04605870482271625
Togo,2016,0.0026651386077711824,0,3,0.009378362803885591,0.016091587,0.017858118,0.026583440694846527,0.03605160204413249
Togo,2017,0,0,3,0.0026651386077711824,0.009378362803885591,0.016091587,0.017858118,0.026583440694846527
Togo,2018,0,0,3,0,0.0026651386077711824,0.009378362803885591,0.016091587,0.017858118
Togo,2019,0,0,3,0,0,0.0026651386077711824,0.009378362803885591,0.016091587
Togo,2020,0,0,3,0,0,0,0.0026651386077711824,0.009378362803885591
Togo,2021,0,0,3,0,0,0,0,0.0026651386077711824
Togo,2022,0,0,3,0,0,0,0,0
Uganda,2000,0.20681084600351032,0,18,NA,NA,NA,NA,NA
Uganda,2001,0.20254655133814692,0,18,0.20681084600351032,NA,NA,NA,NA
Uganda,2002,0.20254655133691896,0,18,0.20254655133814692,0.20681084600351032,NA,NA,NA
Uganda,2003,0.211075140664909,1,18,0.20254655133691896,0.20254655133814692,0.20681084600351032,NA,NA
Uganda,2004,0.2323966139872,1,18,0.211075140664909,0.20254655133691896,0.20254655133814692,0.20681084600351032,NA
Uganda,2005,0.241954084059051,1,18,0.2323966139872,0.211075140664909,0.20254655133691896,0.20254655133814692,0.20681084600351032
Uganda,2006,0.233948935,1,18,0.241954084059051,0.2323966139872,0.211075140664909,0.20254655133691896,0.20254655133814692
Uganda,2007,0.202582550929588,1,18,0.233948935,0.241954084059051,0.2323966139872,0.211075140664909,0.20254655133691896
Uganda,2008,0.157359968159144,1,18,0.202582550929588,0.233948935,0.241954084059051,0.2323966139872,0.211075140664909
Uganda,2009,0.107786223,1,18,0.157359968159144,0.202582550929588,0.233948935,0.241954084059051,0.2323966139872
Uganda,2010,0.0633663517634847,1,18,0.107786223,0.157359968159144,0.202582550929588,0.233948935,0.241954084059051
Uganda,2011,0.030743677,1,18,0.0633663517634847,0.107786223,0.157359968159144,0.202582550929588,0.233948935
Uganda,2012,0.0165615212599474,1,18,0.030743677,0.0633663517634847,0.107786223,0.157359968159144,0.202582550929588
Uganda,2013,0.0131370635807923,1,18,0.0165615212599474,0.030743677,0.0633663517634847,0.107786223,0.157359968159144
Uganda,2014,0.012787483,1,18,0.0131370635807923,0.0165615212599474,0.030743677,0.0633663517634847,0.107786223
Uganda,2015,0.00782995855503581,1,18,0.012787483,0.0131370635807923,0.0165615212599474,0.030743677,0.0633663517634847
Uganda,2016,0.003403941,1,18,0.00782995855503581,0.012787483,0.0131370635807923,0.0165615212599474,0.030743677
Uganda,2017,0.00464888108899284,1,18,0.003403941,0.00782995855503581,0.012787483,0.0131370635807923,0.0165615212599474
Uganda,2018,0.0087293,1,18,0.00464888108899284,0.003403941,0.00782995855503581,0.012787483,0.0131370635807923
Uganda,2019,0.0128097189110072,1,18,0.0087293,0.00464888108899284,0.003403941,0.00782995855503581,0.012787483
Uganda,2020,0.0168901378220143,1,18,0.0128097189110072,0.0087293,0.00464888108899284,0.003403941,0.00782995855503581
Uganda,2021,0.0209705567330214,0,18,0.0168901378220143,0.0128097189110072,0.0087293,0.00464888108899284,0.003403941
Uganda,2022,0.025050975644028497,0,18,0.0209705567330214,0.0168901378220143,0.0128097189110072,0.0087293,0.00464888108899284
Zambia,2000,0.453004346,0,8,NA,NA,NA,NA,NA
Zambia,2001,0.453004346,1,8,0.453004346,NA,NA,NA,NA
Zambia,2002,0.40823005590000017,0,8,0.453004346,0.453004346,NA,NA,NA
Zambia,2003,0.333606239066667,0,8,0.40823005590000017,0.453004346,0.453004346,NA,NA
Zambia,2004,0.2440576588666671,0,8,0.333606239066667,0.40823005590000017,0.453004346,0.453004346,NA
Zambia,2005,0.154509078666667,1,8,0.2440576588666671,0.333606239066667,0.40823005590000017,0.453004346,0.453004346
Zambia,2006,0.0798852618333333,1,8,0.154509078666667,0.2440576588666671,0.333606239066667,0.40823005590000017,0.453004346
Zambia,2007,0.005261445,1,8,0.0798852618333333,0.154509078666667,0.2440576588666671,0.333606239066667,0.40823005590000017
Zambia,2008,0,0,8,0.005261445,0.0798852618333333,0.154509078666667,0.2440576588666671,0.333606239066667
Zambia,2009,0,0,8,0,0.005261445,0.0798852618333333,0.154509078666667,0.2440576588666671
Zambia,2010,0,0,8,0,0,0.005261445,0.0798852618333333,0.154509078666667
Zambia,2011,0,0,8,0,0,0,0.005261445,0.0798852618333333
Zambia,2012,0.001178045,1,8,0,0,0,0,0.005261445
Zambia,2013,3.61365e-4,1,8,0.001178045,0,0,0,0
Zambia,2014,3.59299999999986e-4,1,8,3.61365e-4,0.001178045,0,0,0
Zambia,2015,3.572349999999799e-4,0,8,3.59299999999986e-4,3.61365e-4,0.001178045,0,0
Zambia,2016,3.5516999999997835e-4,0,8,3.572349999999799e-4,3.59299999999986e-4,3.61365e-4,0.001178045,0
Zambia,2017,3.53104999999979e-4,1,8,3.5516999999997835e-4,3.572349999999799e-4,3.59299999999986e-4,3.61365e-4,0.001178045
Zambia,2018,3.5103999999997967e-4,0,8,3.53104999999979e-4,3.5516999999997835e-4,3.572349999999799e-4,3.59299999999986e-4,3.61365e-4
Zambia,2019,3.4897499999998033e-4,0,8,3.5103999999997967e-4,3.53104999999979e-4,3.5516999999997835e-4,3.572349999999799e-4,3.59299999999986e-4
Zambia,2020,3.46909999999981e-4,0,8,3.4897499999998033e-4,3.5103999999997967e-4,3.53104999999979e-4,3.5516999999997835e-4,3.572349999999799e-4
Zambia,2021,3.4484499999998166e-4,0,8,3.46909999999981e-4,3.4897499999998033e-4,3.5103999999997967e-4,3.53104999999979e-4,3.5516999999997835e-4
Zambia,2022,3.427799999999823e-4,0,8,3.4484499999998166e-4,3.46909999999981e-4,3.4897499999998033e-4,3.5103999999997967e-4,3.53104999999979e-4
