country,year,mean_sp,du_obs,num_obs
Bangladesh,2000,0.0029526290927638626,0,3
Bangladesh,2001,0.0029689222141820694,0,3
Bangladesh,2002,0.0029852153356002753,0,3
Bangladesh,2003,0.003001508457018481,0,3
Bangladesh,2004,0.0030178015784366906,0,3
Bangladesh,2005,0.0030340946998549,0,3
Bangladesh,2006,0.003050387821273106,0,3
Bangladesh,2007,0.003066680942691315,0,3
Bangladesh,2008,0.003082974064109521,0,3
Bangladesh,2009,0.0030992671855277305,0,3
Bangladesh,2010,0.0031155603069459364,0,3
Bangladesh,2011,0.002805991,1,3
Bangladesh,2012,0.00314814654978237,0,3
Bangladesh,2013,0.003164439671200578,0,3
Bangladesh,2014,0.007117791,1,3
Bangladesh,2015,0.0031970259140369946,0,3
Bangladesh,2016,0.0032133190354552026,0,3
Bangladesh,2017,0,1,3
Bangladesh,2018,0.00324590527829162,0,3
Bangladesh,2019,0.0032621983997098286,0,3
Bangladesh,2020,0.003278491521128037,0,3
Bangladesh,2021,0.0032947846425462456,0,3
Bangladesh,2022,0.003311077763964454,0,3
Benin,2000,0.004359654,0,3
Benin,2001,0.004359654,1,3
Benin,2002,0.004239558,0,3
Benin,2003,0.004119462,0,3
Benin,2004,0.003999366,0,3
Benin,2005,0.00387927,0,3
Benin,2006,0.003759174,1,3
Benin,2007,0.0037006676363636366,0,3
Benin,2008,0.0036421612727272727,0,3
Benin,2009,0.0035836549090909092,0,3
Benin,2010,0.0035251485454545458,0,3
Benin,2011,0.003466642181818182,0,3
Benin,2012,0.0034081358181818184,0,3
Benin,2013,0.0033496294545454545,0,3
Benin,2014,0.003291123090909091,0,3
Benin,2015,0.0032326167272727275,0,3
Benin,2016,0.0031741103636363636,0,3
Benin,2017,0.003115604,1,3
Benin,2018,0.003065842009007588,0,3
Benin,2019,0.003016080018015176,0,3
Benin,2020,0.002966318027022764,0,3
Benin,2021,0.002916556036030352,0,3
Benin,2022,0.00286679404503794,0,3
Burkina Faso,2000,0.013910315138251531,0,5
Burkina Faso,2001,0.015251025042501701,0,5
Burkina Faso,2002,0.01659173494675187,0,5
Burkina Faso,2003,0.001843926,1,5
Burkina Faso,2004,0.01927315475525217,0,5
Burkina Faso,2005,0.020613864659502337,0,5
Burkina Faso,2006,0.001060703,1,5
Burkina Faso,2007,0.02329528446800267,0,5
Burkina Faso,2008,0.02463599437225284,0,5
Burkina Faso,2009,0.025976704276503004,0,5
Burkina Faso,2010,0.016374808,1,5
Burkina Faso,2011,0.02865812408500334,0,5
Burkina Faso,2012,0.029998833989253505,0,5
Burkina Faso,2013,0.03133954389350367,0,5
Burkina Faso,2014,0.097100745,1,5
Burkina Faso,2015,0.034020963702004,0,5
Burkina Faso,2016,0.035361673606254175,0,5
Burkina Faso,2017,0.00739744,1,5
Burkina Faso,2018,0.03804309341475452,0,5
Burkina Faso,2019,0.03938380331900469,0,5
Burkina Faso,2020,0.04072451322325486,0,5
Burkina Faso,2021,0.04206522312750503,0,5
Burkina Faso,2022,0.0434059330317552,0,5
Burundi,2000,1,1,5
Burundi,2001,0.8023341268000002,0,5
Burundi,2002,0.6046682536000001,0,5
Burundi,2003,0.40700238040000025,0,5
Burundi,2004,0.2093365072000003,0,5
Burundi,2005,0.011670634,1,5
Burundi,2006,0.010598486000000018,0,5
Burundi,2007,0.009526338000000023,0,5
Burundi,2008,0.008454190000000028,0,5
Burundi,2009,0.007382042000000033,0,5
Burundi,2010,0.006309894,1,5
Burundi,2011,0.003154947000000019,0,5
Burundi,2012,0,1,5
Burundi,2013,3.886087499999774e-4,0,5
Burundi,2014,7.772174999999826e-4,0,5
Burundi,2015,0.0011658262500000016,0,5
Burundi,2016,0.001554435,1,5
Burundi,2017,0,0,5
Burundi,2018,0,0,5
Burundi,2019,0,0,5
Burundi,2020,0,0,5
Burundi,2021,0,0,5
Burundi,2022,0,0,5
Cambodia,2000,2.8281480026759453e-5,0,4
Cambodia,2001,4.242222004034313e-5,0,4
Cambodia,2002,5.656296005379085e-5,0,4
Cambodia,2003,7.070370006723856e-5,0,4
Cambodia,2004,8.484444008068629e-5,0,4
Cambodia,2005,0,1,4
Cambodia,2006,1.1312592010758187e-4,0,4
Cambodia,2007,1.2726666012102957e-4,0,4
Cambodia,2008,1.414074001344773e-4,0,4
Cambodia,2009,1.55548140147925e-4,0,4
Cambodia,2010,0,1,4
Cambodia,2011,1.838296201748204e-4,0,4
Cambodia,2012,1.9797036018826808e-4,0,4
Cambodia,2013,2.121111002017158e-4,0,4
Cambodia,2014,8.67888e-4,1,4
Cambodia,2015,2.4039258022861139e-4,0,4
Cambodia,2016,2.5453332024205915e-4,0,4
Cambodia,2017,2.6867406025550696e-4,0,4
Cambodia,2018,2.8281480026895467e-4,0,4
Cambodia,2019,2.9695554028240254e-4,0,4
Cambodia,2020,3.1109628029585035e-4,0,4
Cambodia,2021,0,1,4
Cambodia,2022,3.3937776032274587e-4,0,4
Cameroon,2000,0,1,5
Cameroon,2001,0.0011450431899088687,0,5
Cameroon,2002,0.0023320794590157793,0,5
Cameroon,2003,0.0035564814986148003,0,5
Cameroon,2004,0.004813622,1,5
Cameroon,2005,0.006147394366140716,0,5
Cameroon,2006,0.007504222,1,5
Cameroon,2007,0.006323287854068062,0,5
Cameroon,2008,0.005177871885797554,0,5
Cameroon,2009,0.004085492890493013,0,5
Cameroon,2010,0.003063669663458982,0,5
Cameroon,2011,0.002129921,1,5
Cameroon,2012,0.004992932619223619,0,5
Cameroon,2013,0.0079464528317726,0,5
Cameroon,2014,0.01097539687209272,0,5
Cameroon,2015,0.014064679974629745,0,5
Cameroon,2016,0.017199217373829453,0,5
Cameroon,2017,0.02036392430413761,0,5
Cameroon,2018,0.023543716,1,5
Cameroon,2019,0.025015706885138593,0,5
Cameroon,2020,0.026487697770277187,0,5
Cameroon,2021,0.02795968865541578,0,5
Cameroon,2022,0.029431679540554374,0,5
Chad,2000,0.010170807,1,3
Chad,2001,0.00803193925,0,3
Chad,2002,0.0058930714999999995,0,3
Chad,2003,0.003754203749999999,0,3
Chad,2004,0.001615336,1,3
Chad,2005,0.0020580437999999993,0,3
Chad,2006,0.002500751599999999,0,3
Chad,2007,0.0029434593999999987,0,3
Chad,2008,0.0033861671999999986,0,3
Chad,2009,0.0038288749999999985,0,3
Chad,2010,0.0042715828,0,3
Chad,2011,0.004714290599999999,0,3
Chad,2012,0.005156998399999999,0,3
Chad,2013,0.005599706199999999,0,3
Chad,2014,0.006042414,1,3
Chad,2015,0.005854760104986417,0,3
Chad,2016,0.005667106209972833,0,3
Chad,2017,0.00547945231495925,0,3
Chad,2018,0.005291798419945666,0,3
Chad,2019,0.005104144524932083,0,3
Chad,2020,0.004916490629918499,0,3
Chad,2021,0.004728836734904916,0,3
Chad,2022,0.004541182839891332,0,3
Colombia,2000,0.003533832,1,3
Colombia,2001,0.0028270655999999995,0,3
Colombia,2002,0.0021202991999999996,0,3
Colombia,2003,0.0014135327999999997,0,3
Colombia,2004,7.067663999999999e-4,0,3
Colombia,2005,0,1,3
Colombia,2006,0,0,3
Colombia,2007,0,0,3
Colombia,2008,0,0,3
Colombia,2009,0,0,3
Colombia,2010,0,1,3
Colombia,2011,0,0,3
Colombia,2012,0,0,3
Colombia,2013,0,0,3
Colombia,2014,0,0,3
Colombia,2015,0,0,3
Colombia,2016,0,0,3
Colombia,2017,0,0,3
Colombia,2018,0,0,3
Colombia,2019,0,0,3
Colombia,2020,0,0,3
Colombia,2021,0,0,3
Colombia,2022,0,0,3
Cote d'Ivoire,2000,0.016751026,1,3
Cote d'Ivoire,2001,0.01574429299747258,0,3
Cote d'Ivoire,2002,0.014635985916617168,0,3
Cote d'Ivoire,2003,0.013452382416937985,0,3
Cote d'Ivoire,2004,0.012219760157939248,0,3
Cote d'Ivoire,2005,0.01096439679912518,0,3
Cote d'Ivoire,2006,0.00971257,1,3
Cote d'Ivoire,2007,0.008977063336968273,0,3
Cote d'Ivoire,2008,0.00826540804929103,0,3
Cote d'Ivoire,2009,0.007571641293129651,0,3
Cote d'Ivoire,2010,0.0068898002246455155,0,3
Cote d'Ivoire,2011,0.006213922,1,3
Cote d'Ivoire,2012,0.005448065068192452,0,3
Cote d'Ivoire,2013,0.004682208136384904,0,3
Cote d'Ivoire,2014,0.003916351204577355,0,3
Cote d'Ivoire,2015,0.0031504942727698074,0,3
Cote d'Ivoire,2016,0.0023846373409622595,0,3
Cote d'Ivoire,2017,0.0016187804091547116,0,3
Cote d'Ivoire,2018,8.529234773471638e-4,0,3
Cote d'Ivoire,2019,8.706654553961588e-5,0,3
Cote d'Ivoire,2020,0,0,3
Cote d'Ivoire,2021,0,0,3
Cote d'Ivoire,2022,0,0,3
Democratic Republic of the Congo,2000,0.005213226,0,3
Democratic Republic of the Congo,2001,0.005213226,1,3
Democratic Republic of the Congo,2002,0.0071985635061769335,0,3
Democratic Republic of the Congo,2003,0.010546971643396068,0,3
Democratic Republic of the Congo,2004,0.014636183536522674,0,3
Democratic Republic of the Congo,2005,0.01884393231042202,0,3
Democratic Republic of the Congo,2006,0.022547951089959363,0,3
Democratic Republic of the Congo,2007,0.025125973,1,3
Democratic Republic of the Congo,2008,0.02595573116540917,0,3
Democratic Republic of the Congo,2009,0.025328602876958792,0,3
Democratic Republic of the Congo,2010,0.02353596542542078,0,3
Democratic Republic of the Congo,2011,0.02086919610156704,0,3
Democratic Republic of the Congo,2012,0.01761967219616948,0,3
Democratic Republic of the Congo,2013,0.014078771,1,3
Democratic Republic of the Congo,2014,0.01053786980383053,0,3
Democratic Republic of the Congo,2015,0.006996968607661056,0,3
Democratic Republic of the Congo,2016,0.0034560674114915823,0,3
Democratic Republic of the Congo,2017,0,0,3
Democratic Republic of the Congo,2018,0,0,3
Democratic Republic of the Congo,2019,0,0,3
Democratic Republic of the Congo,2020,0,0,3
Democratic Republic of the Congo,2021,0,0,3
Democratic Republic of the Congo,2022,0,0,3
Ethiopia,2000,0.006397113,1,4
Ethiopia,2001,0.0069817934,0,4
Ethiopia,2002,0.007566473799999999,0,4
Ethiopia,2003,0.0081511542,0,4
Ethiopia,2004,0.008735834599999999,0,4
Ethiopia,2005,0.009320515,1,4
Ethiopia,2006,0.008547109666666667,0,4
Ethiopia,2007,0.0077737043333333325,0,4
Ethiopia,2008,0.007000299,0,4
Ethiopia,2009,0.006226893666666666,0,4
Ethiopia,2010,0.0054534883333333325,0,4
Ethiopia,2011,0.004680083,1,4
Ethiopia,2012,0.004885105,0,4
Ethiopia,2013,0.005090127,0,4
Ethiopia,2014,0.005295149,0,4
Ethiopia,2015,0.005500171,0,4
Ethiopia,2016,0.005705193,1,4
Ethiopia,2017,0.00567059707967478,0,4
Ethiopia,2018,0.00563600115934956,0,4
Ethiopia,2019,0.0056014052390243405,0,4
Ethiopia,2020,0.005566809318699121,0,4
Ethiopia,2021,0.005532213398373901,0,4
Ethiopia,2022,0.005497617478048681,0,4
Gambia,2000,0.013521184,1,4
Gambia,2001,0.014290986592118856,0,4
Gambia,2002,0.015092699486278715,0,4
Gambia,2003,0.015871663184379145,0,4
Gambia,2004,0.016573218188319718,0,4
Gambia,2005,0.017142705,1,4
Gambia,2006,0.016913935394520848,0,4
Gambia,2007,0.01651207277932304,0,4
Gambia,2008,0.015950751835048637,0,4
Gambia,2009,0.015243607242339707,0,4
Gambia,2010,0.014404273681838314,0,4
Gambia,2011,0.013446385834186524,0,4
Gambia,2012,0.012383578380026397,0,4
Gambia,2013,0.011229486,1,4
Gambia,2014,0.010003948485759204,0,4
Gambia,2015,0.00871370243383157,0,4
Gambia,2016,0.007371689551754465,0,4
Gambia,2017,0.005990851547065256,0,4
Gambia,2018,0.004584130127301312,0,4
Gambia,2019,0.003164467,1,4
Gambia,2020,0.0018606882142143625,0,4
Gambia,2021,5.569094284287252e-4,0,4
Gambia,2022,0,0,4
Ghana,2000,0.002772841,0,4
Ghana,2001,0.002772841,0,4
Ghana,2002,0.002772841,0,4
Ghana,2003,0.002772841,1,4
Ghana,2004,0.002998168,0,4
Ghana,2005,0.003223495,0,4
Ghana,2006,0.003448822,1,4
Ghana,2007,0.007667238875000001,0,4
Ghana,2008,0.011885655749999998,0,4
Ghana,2009,0.016104072625,0,4
Ghana,2010,0.020322489500000002,0,4
Ghana,2011,0.024540906375,0,4
Ghana,2012,0.028759323250000007,0,4
Ghana,2013,0.032977740125,0,4
Ghana,2014,0.037196157,1,4
Ghana,2015,0.0299280542,0,4
Ghana,2016,0.0226599514,0,4
Ghana,2017,0.0153918486,0,4
Ghana,2018,0.008123745799999998,0,4
Ghana,2019,8.55643e-4,1,4
Ghana,2020,7.917364893777565e-4,0,4
Ghana,2021,7.2782997875551e-4,0,4
Ghana,2022,6.639234681332633e-4,0,4
Guinea,2000,0.005835672074881256,0,4
Guinea,2001,0.005815889409647414,0,4
Guinea,2002,0.005806966936920422,0,4
Guinea,2003,0.005810809589322225,0,4
Guinea,2004,0.005829322299474768,0,4
Guinea,2005,0.00586441,1,4
Guinea,2006,0.0067910335133072285,0,4
Guinea,2007,0.0077345691821798426,0,4
Guinea,2008,0.008693449239188593,0,4
Guinea,2009,0.009666105916904233,0,4
Guinea,2010,0.010650971447897513,0,4
Guinea,2011,0.011646478064739185,0,4
Guinea,2012,0.012651058,1,4
Guinea,2013,0.013994897585329683,0,4
Guinea,2014,0.015343355356597074,0,4
Guinea,2015,0.016693543948749986,0,4
Guinea,2016,0.018042575996736237,0,4
Guinea,2017,0.01938756413550364,0,4
Guinea,2018,0.020725621,1,4
Guinea,2019,0.02050513979962401,0,4
Guinea,2020,0.02027811283969921,0,4
Guinea,2021,0.020047813,1,4
Guinea,2022,0.020640333133661256,0,4
Guyana,2000,0.016411856,1,4
Guyana,2001,0.013092360688301266,0,4
Guyana,2002,0.011985862251068355,0,4
Guyana,2003,0.010879363813835443,0,4
Guyana,2004,0.009772865376602533,0,4
Guyana,2005,0,1,4
Guyana,2006,0.020420193,1,4
Guyana,2007,0.006453370064903777,0,4
Guyana,2008,0.005346871627670864,0,4
Guyana,2009,0,1,4
Guyana,2010,0.0031338747532050366,0,4
Guyana,2011,0.0020273763159721226,0,4
Guyana,2012,9.208778787392086e-4,0,4
Guyana,2013,0,0,4
Guyana,2014,0,0,4
Guyana,2015,0,0,4
Guyana,2016,0,0,4
Guyana,2017,0,0,4
Guyana,2018,0,0,4
Guyana,2019,0,0,4
Guyana,2020,0,0,4
Guyana,2021,0,0,4
Guyana,2022,0,0,4
India,2000,0.0022175564893717106,0,3
India,2001,0.002217556489329385,0,3
India,2002,0.002556324865186855,0,3
India,2003,0.003301615292128319,0,3
India,2004,0.004521181445337977,0,3
India,2005,0.006282777,1,3
India,2006,0.008654155631298593,0,3
India,2007,0.011557905910375385,0,3
India,2008,0.014916616408372,0,3
India,2009,0.018652875696430062,0,3
India,2010,0.022689272345691205,0,3
India,2011,0.02694839492729705,0,3
India,2012,0.031352832012389226,0,3
India,2013,0.03582517217210936,0,3
India,2014,0.04028800397759906,0,3
India,2015,0.044663916,1,3
India,2016,0.048875496810453764,0,3
India,2017,0.052963829211947165,0,3
India,2018,0.05696999600746698,0,3
India,2019,0.06093508,1,3
India,2020,0.06490016399253302,0,3
India,2021,0.06886524798506605,0,3
India,2022,0.07283033197759907,0,3
Indonesia,2000,0,1,5
Indonesia,2001,5.72856787081193e-4,0,5
Indonesia,2002,0.001641677,1,5
Indonesia,2003,8.455470080353367e-4,0,5
Indonesia,2004,9.256787155309022e-4,0,5
Indonesia,2005,9.734839673139779e-4,0,5
Indonesia,2006,9.928246230909489e-4,0,5
Indonesia,2007,9.04616e-4,1,5
Indonesia,2008,9.615595854521193e-4,0,5
Indonesia,2009,9.1707329262534e-4,0,5
Indonesia,2010,8.563612049704988e-4,0,5
Indonesia,2011,7.816808633702313e-4,0,5
Indonesia,2012,6.7632e-4,1,5
Indonesia,2013,5.994455818639608e-4,0,5
Indonesia,2014,4.960388172766243e-4,0,5
Indonesia,2015,3.869601493811949e-4,0,5
Indonesia,2016,2.7410021261370366e-4,0,5
Indonesia,2017,6.16e-5,1,5
Indonesia,2018,4.459907020665921e-5,0,5
Indonesia,2019,0,0,5
Indonesia,2020,0,0,5
Indonesia,2021,0,0,5
Indonesia,2022,0,0,5
Kenya,2000,0.233720069,1,7
Kenya,2001,0.188247655,0,7
Kenya,2002,0.142775241,0,7
Kenya,2003,0.097302827,1,7
Kenya,2004,0.08425516740000001,0,7
Kenya,2005,0.07120750780000001,0,7
Kenya,2006,0.05815984820000001,0,7
Kenya,2007,0.045112188600000006,0,7
Kenya,2008,0.032064529,1,7
Kenya,2009,0.0281358885,0,7
Kenya,2010,0.024207248,0,7
Kenya,2011,0.0202786075,0,7
Kenya,2012,0.016349967,0,7
Kenya,2013,0.012421326499999996,0,7
Kenya,2014,0.008492686,1,7
Kenya,2015,0.003391992,1,7
Kenya,2016,0.0028023892000000016,0,7
Kenya,2017,0.002212786400000003,0,7
Kenya,2018,0.0016231836000000048,0,7
Kenya,2019,0.001033580799999996,0,7
Kenya,2020,4.43978e-4,1,7
Kenya,2021,0.0026586755,0,7
Kenya,2022,0.004873373,1,7
Liberia,2000,0.010991339319025763,0,6
Liberia,2001,0.010426078957416181,0,6
Liberia,2002,0.009878810801877552,0,6
Liberia,2003,0.009358528579579615,0,6
Liberia,2004,0.008874226017699226,0,6
Liberia,2005,0.008434896843413243,0,6
Liberia,2006,0.008049534783898502,0,6
Liberia,2007,0.012139857,1,6
Liberia,2008,0.007476686917890208,0,6
Liberia,2009,0.002071579,1,6
Liberia,2010,0.007296703891347107,0,6
Liberia,2011,9.46847e-4,1,6
Liberia,2012,0.0076374563790165455,0,6
Liberia,2013,0.013304447,1,6
Liberia,2014,0.008443595969351585,0,6
Liberia,2015,0.008993116335164768,0,6
Liberia,2016,7.59686e-4,1,6
Liberia,2017,0.010391283725054443,0,6
Liberia,2018,0.011207662867519544,0,6
Liberia,2019,0.02062162,1,6
Liberia,2020,0.012907447122461328,0,6
Liberia,2021,0.01375733924993222,0,6
Liberia,2022,0.01460723137740311,0,6
Madagascar,2000,0.725626235,1,6
Madagascar,2001,0.3891175290087254,0,6
Madagascar,2002,0.3492679350848412,0,6
Madagascar,2003,0.009238813,1,6
Madagascar,2004,0.2794724597663342,0,6
Madagascar,2005,0.24952657837171136,0,6
Madagascar,2006,0.21958069697708846,0,6
Madagascar,2007,0.18963481558246556,0,6
Madagascar,2008,0.004744895,1,6
Madagascar,2009,0.13485506436722755,0,6
Madagascar,2010,0.11002119454661238,0,6
Madagascar,2011,0.003610033,1,6
Madagascar,2012,0.06304490442267474,0,6
Madagascar,2013,0.04090248411935227,0,6
Madagascar,2014,0.018760063816029793,0,6
Madagascar,2015,0,0,6
Madagascar,2016,0.001449662,1,6
Madagascar,2017,0,0,6
Madagascar,2018,0,0,6
Madagascar,2019,0,0,6
Madagascar,2020,0,0,6
Madagascar,2021,0.00848096,1,6
Madagascar,2022,0,0,6
Malawi,2000,0.241830003,1,8
Malawi,2001,0.23988816596696233,0,8
Malawi,2002,0.23709337962905902,0,8
Malawi,2003,0.23336143947662621,0,8
Malawi,2004,0.228608141,1,8
Malawi,2005,0.2164385389580803,0,8
Malawi,2006,0.203177361,1,8
Malawi,2007,0.1569873619408375,0,8
Malawi,2008,0.11022934730595443,0,8
Malawi,2009,0.06341289051809415,0,8
Malawi,2010,0.017047565,1,8
Malawi,2011,0.010060233697604252,0,8
Malawi,2012,0.00394543,1,8
Malawi,2013,0.006027947021300481,0,8
Malawi,2014,0.008691296,1,8
Malawi,2015,0.010561369,1,8
Malawi,2016,0.0068841203693196466,0,8
Malawi,2017,0.003302876,1,8
Malawi,2018,0,0,8
Malawi,2019,0,0,8
Malawi,2020,0,0,8
Malawi,2021,0,0,8
Malawi,2022,0,0,8
Mali,2000,0.002732027942786921,0,6
Mali,2001,0.001134259,1,6
Mali,2002,0.005671738965191478,0,6
Mali,2003,0.008394972754631073,0,6
Mali,2004,0.01111820654407067,0,6
Mali,2005,0.013841440333510266,0,6
Mali,2006,0.015503252,1,6
Mali,2007,0.020754482240313333,0,6
Mali,2008,0.024944290357676813,0,6
Mali,2009,0.029134098475040292,0,6
Mali,2010,0.03332390659240377,0,6
Mali,2011,0.03751371470976725,0,6
Mali,2012,0.043118813,1,6
Mali,2013,0.043937814671360036,0,6
Mali,2014,0.04617210651558936,0,6
Mali,2015,0.055033334,1,6
Mali,2016,0.04148420714932952,0,6
Mali,2017,0.034562015938840354,0,6
Mali,2018,0.021831539,1,6
Mali,2019,0.028742982296887692,0,6
Mali,2020,0.029846139865424205,0,6
Mali,2021,0.031015986,1,6
Mali,2022,0.03196031094707896,0,6
Mozambique,2000,4.375349999999983e-4,0,3
Mozambique,2001,4.375349999999983e-4,0,3
Mozambique,2002,4.375349999999983e-4,0,3
Mozambique,2003,4.37535e-4,1,3
Mozambique,2004,0.0413138834,0,3
Mozambique,2005,0.0821902318,0,3
Mozambique,2006,0.12306658019999998,0,3
Mozambique,2007,0.16394292859999998,0,3
Mozambique,2008,0.204819277,1,3
Mozambique,2009,0.17837873714285712,0,3
Mozambique,2010,0.15193819728571425,0,3
Mozambique,2011,0.1254976574285714,0,3
Mozambique,2012,0.09905711757142857,0,3
Mozambique,2013,0.07261657771428573,0,3
Mozambique,2014,0.04617603785714286,0,3
Mozambique,2015,0.019735498,1,3
Mozambique,2016,0.02061267635627654,0,3
Mozambique,2017,0.02148985471255306,0,3
Mozambique,2018,0.022367033068829582,0,3
Mozambique,2019,0.023244211425106104,0,3
Mozambique,2020,0.024121389781382625,0,3
Mozambique,2021,0.024998568137659147,0,3
Mozambique,2022,0.025875746493935668,0,3
Niger,2000,0,1,3
Niger,2001,4.490978478088391e-4,0,3
Niger,2002,0.0010059711042360315,0,3
Niger,2003,0.0016509721584751602,0,3
Niger,2004,0.0023644533997198088,0,3
Niger,2005,0.003126767217163561,0,3
Niger,2006,0.003918266,1,3
Niger,2007,0.004677939400421933,0,3
Niger,2008,0.005446514331791053,0,3
Niger,2009,0.006223354970468275,0,3
Niger,2010,0.007007825492814513,0,3
Niger,2011,0.007799290075190682,0,3
Niger,2012,0.0085971128939577,0,3
Niger,2013,0.00940065812547648,0,3
Niger,2014,0.010209289946107937,0,3
Niger,2015,0.011022372532212986,0,3
Niger,2016,0.011839270060152545,0,3
Niger,2017,0.012659346706287527,0,3
Niger,2018,0.013481966646978849,0,3
Niger,2019,0.014306494058587424,0,3
Niger,2020,0.015132293117474169,0,3
Niger,2021,0.015958728,1,3
Niger,2022,0.01678377956144555,0,3
Nigeria,2000,0.003111734,0,8
Nigeria,2001,0.003111734,0,8
Nigeria,2002,0.003111734000000002,0,8
Nigeria,2003,0.003111734,1,8
Nigeria,2004,0.010820792999999999,0,8
Nigeria,2005,0.018529852,0,8
Nigeria,2006,0.026238911,0,8
Nigeria,2007,0.03394797,1,8
Nigeria,2008,0.050817916,1,8
Nigeria,2009,0.071979935,0,8
Nigeria,2010,0.093141954,1,8
Nigeria,2011,0.09049651766666666,0,8
Nigeria,2012,0.08785108133333333,0,8
Nigeria,2013,0.085205645,1,8
Nigeria,2014,0.06213160399999999,0,8
Nigeria,2015,0.039057562999999997,1,8
Nigeria,2016,0.03597471933333333,0,8
Nigeria,2017,0.03289187566666667,0,8
Nigeria,2018,0.029809032,1,8
Nigeria,2019,0.023647683,0,8
Nigeria,2020,0.017486334,0,8
Nigeria,2021,0.011324985,1,8
Nigeria,2022,0.011559649109506206,0,8
Pakistan,2000,0.014665192603997523,0,3
Pakistan,2001,0.014653455413294254,0,3
Pakistan,2002,0.014633439256370135,0,3
Pakistan,2003,0.014604546784901905,0,3
Pakistan,2004,0.01456618065056631,0,3
Pakistan,2005,0.014517743505040094,0,3
Pakistan,2006,0.014458638,1,3
Pakistan,2007,0.013749868109855028,0,3
Pakistan,2008,0.013031959767827974,0,3
Pakistan,2009,0.01230704022987389,0,3
Pakistan,2010,0.011577236751947832,0,3
Pakistan,2011,0.01084467659000485,0,3
Pakistan,2012,0.010111487,1,3
Pakistan,2013,0.009948420806528177,0,3
Pakistan,2014,0.009786552875370903,0,3
Pakistan,2015,0.00962558364094954,0,3
Pakistan,2016,0.009465213537685452,0,3
Pakistan,2017,0.009305143,1,3
Pakistan,2018,0.009074881620040954,0,3
Pakistan,2019,0.008844620240081908,0,3
Pakistan,2020,0.008614358860122863,0,3
Pakistan,2021,0.008384097480163817,0,3
Pakistan,2022,0.008153836100204771,0,3
Philippines,2000,9.355233699497496e-21,0,4
Philippines,2001,1.069169565656858e-20,0,4
Philippines,2002,1.2028157613639665e-20,0,4
Philippines,2003,0,1,4
Philippines,2004,8.978680000000001e-5,0,4
Philippines,2005,1.7957360000000003e-4,0,4
Philippines,2006,2.6936040000000004e-4,0,4
Philippines,2007,3.5914720000000005e-4,0,4
Philippines,2008,4.48934e-4,1,4
Philippines,2009,3.9905244444444446e-4,0,4
Philippines,2010,3.4917088888888887e-4,0,4
Philippines,2011,2.9928933333333327e-4,0,4
Philippines,2012,2.494077777777777e-4,0,4
Philippines,2013,1.9952622222222218e-4,0,4
Philippines,2014,1.4964466666666658e-4,0,4
Philippines,2015,9.976311111111098e-5,0,4
Philippines,2016,4.9881555555555544e-5,0,4
Philippines,2017,0,1,4
Philippines,2018,0,0,4
Philippines,2019,0,0,4
Philippines,2020,0,0,4
Philippines,2021,0,0,4
Philippines,2022,0,1,4
Rwanda,2000,0.040286014,1,3
Rwanda,2001,0.03581342351406387,0,3
Rwanda,2002,0.030323906460045142,0,3
Rwanda,2003,0.024182134748994485,0,3
Rwanda,2004,0.01775278029196255,0,3
Rwanda,2005,0.011400515,1,3
Rwanda,2006,0.00614033823096999,0,3
Rwanda,2007,0.001101042,1,3
Rwanda,2008,0,0,3
Rwanda,2009,0,0,3
Rwanda,2010,0,0,3
Rwanda,2011,0,0,3
Rwanda,2012,0,0,3
Rwanda,2013,0,0,3
Rwanda,2014,0,0,3
Rwanda,2015,0,0,3
Rwanda,2016,0,0,3
Rwanda,2017,0,0,3
Rwanda,2018,0,0,3
Rwanda,2019,0,0,3
Rwanda,2020,0,0,3
Rwanda,2021,0,0,3
Rwanda,2022,0,0,3
Senegal,2000,0.010415965,1,10
Senegal,2001,0.008767822584607341,0,10
Senegal,2002,0.008032595831177927,0,10
Senegal,2003,0.007297369077748512,0,10
Senegal,2004,0.006562142324319098,0,10
Senegal,2005,0.007005601,1,10
Senegal,2006,0.002334612,1,10
Senegal,2007,0.004045693431472417,0,10
Senegal,2008,0.004272229,1,10
Senegal,2009,0.0033189468091561264,0,10
Senegal,2010,0.0028009732556302873,0,10
Senegal,2011,0.0022829997021044488,0,10
Senegal,2012,0.001820455,1,10
Senegal,2013,0.0012076813851603792,0,10
Senegal,2014,0,1,10
Senegal,2015,0,1,10
Senegal,2016,6.05166e-4,1,10
Senegal,2017,0.001944054,1,10
Senegal,2018,0.0013673388803534061,0,10
Senegal,2019,0.0014057161092685475,0,10
Senegal,2020,0.001902464,1,10
Senegal,2021,0.0011568890861172417,0,10
Senegal,2022,8.696848340507945e-4,0,10
Sierra Leone,2000,0.012039695,1,6
Sierra Leone,2001,0.00877322587597144,0,6
Sierra Leone,2002,0.007901003437349518,0,6
Sierra Leone,2003,0.007252450239035587,0,6
Sierra Leone,2004,0.006894501194366031,0,6
Sierra Leone,2005,0.003676909,1,6
Sierra Leone,2006,0.007318155219305415,0,6
Sierra Leone,2007,0.008201945400178044,0,6
Sierra Leone,2008,0.011497423,1,6
Sierra Leone,2009,0.011489713088365786,0,6
Sierra Leone,2010,0.013983070685554197,0,6
Sierra Leone,2011,0.0171149146407336,0,6
Sierra Leone,2012,0.020939372845849985,0,6
Sierra Leone,2013,0.026091169,1,6
Sierra Leone,2014,0.03088264357367755,0,6
Sierra Leone,2015,0.03711542957063416,0,6
Sierra Leone,2016,0.005007099,1,6
Sierra Leone,2017,0.05240253074213026,0,6
Sierra Leone,2018,0.06118988923872677,0,6
Sierra Leone,2019,0.103488782,1,6
Sierra Leone,2020,0.07941821075240461,0,6
Sierra Leone,2021,0.08853237150924353,0,6
Sierra Leone,2022,0.09764653226608246,0,6
Tanzania,2000,0.22923156200016387,0,6
Tanzania,2001,0.2292315620001229,0,6
Tanzania,2002,0.22923156200008193,0,6
Tanzania,2003,0.22923156200004097,0,6
Tanzania,2004,0.229231562,1,6
Tanzania,2005,0.16798935599999998,0,6
Tanzania,2006,0.10674714999999999,0,6
Tanzania,2007,0.045504944,1,6
Tanzania,2008,0.040408992333333324,0,6
Tanzania,2009,0.03531304066666666,0,6
Tanzania,2010,0.030217089,1,6
Tanzania,2011,0.019389947,1,6
Tanzania,2012,0.016073706,0,6
Tanzania,2013,0.012757465,0,6
Tanzania,2014,0.009441224,0,6
Tanzania,2015,0.006124983,1,6
Tanzania,2016,0.003398038000000001,0,6
Tanzania,2017,6.71093e-4,1,6
Tanzania,2018,0,0,6
Tanzania,2019,0,0,6
Tanzania,2020,0,0,6
Tanzania,2021,0,0,6
Tanzania,2022,0,0,6
Togo,2000,0.03210765325975331,0,3
Togo,2001,0.032192440766257074,0,3
Togo,2002,0.03226309702167735,0,3
Togo,2003,0.03229842514938795,0,3
Togo,2004,0.03227722827276271,0,3
Togo,2005,0.03217830951517546,0,3
Togo,2006,0.031980472,1,3
Togo,2007,0.03166251885061018,0,3
Togo,2008,0.03110924530565296,0,3
Togo,2009,0.030205446603775315,0,3
Togo,2010,0.028835917983624223,0,3
Togo,2011,0.026885454683846656,0,3
Togo,2012,0.024238851943089595,0,3
Togo,2013,0.020780905,1,3
Togo,2014,0.01639640909322486,0,3
Togo,2015,0.011317001463685554,0,3
Togo,2016,0.005774319352303471,0,3
Togo,2017,0,1,3
Togo,2018,0,0,3
Togo,2019,0,0,3
Togo,2020,0,0,3
Togo,2021,0,0,3
Togo,2022,0,0,3
Uganda,2000,0.003655344,1,7
Uganda,2001,0.009092353333333336,0,7
Uganda,2002,0.014529362666666669,0,7
Uganda,2003,0.019966372000000007,0,7
Uganda,2004,0.02540338133333334,0,7
Uganda,2005,0.03084039066666668,0,7
Uganda,2006,0.0362774,1,7
Uganda,2007,0.036750034333333334,0,7
Uganda,2008,0.03722266866666667,0,7
Uganda,2009,0.037695303,1,7
Uganda,2010,0.0274186175,0,7
Uganda,2011,0.017141932,1,7
Uganda,2012,0.014605562333333332,0,7
Uganda,2013,0.012069192666666666,0,7
Uganda,2014,0.009532823,1,7
Uganda,2015,0.007462015,0,7
Uganda,2016,0.005391207,1,7
Uganda,2017,0.0077347465,0,7
Uganda,2018,0.010078286,1,7
Uganda,2019,0.010316172467348455,0,7
Uganda,2020,0.01055405893469691,0,7
Uganda,2021,0.010791945402045365,0,7
Uganda,2022,0.01102983186939382,0,7
Zambia,2000,0.00896251099999974,0,4
Zambia,2001,0.008962511,1,4
Zambia,2002,0.04593239749999988,0,4
Zambia,2003,0.08290228399999991,0,4
Zambia,2004,0.1198721704999999,0,4
Zambia,2005,0.15684205699999992,0,4
Zambia,2006,0.19381194349999997,0,4
Zambia,2007,0.23078183,1,4
Zambia,2008,0.19687089800000002,0,4
Zambia,2009,0.16295996600000004,0,4
Zambia,2010,0.12904903400000003,0,4
Zambia,2011,0.095138102,0,4
Zambia,2012,0.061227170000000025,0,4
Zambia,2013,0.027316238,1,4
Zambia,2014,0.022690063599999994,0,4
Zambia,2015,0.018063889199999995,0,4
Zambia,2016,0.013437714799999997,0,4
Zambia,2017,0.008811540399999998,0,4
Zambia,2018,0.004185366,1,4
Zambia,2019,0.0040261280430860325,0,4
Zambia,2020,0.003866890086172066,0,4
Zambia,2021,0.0037076521292580995,0,4
Zambia,2022,0.003548414172344133,0,4
Zimbabwe,2000,0.0011043354999999999,0,3
Zimbabwe,2001,0.0022086709999999997,0,3
Zimbabwe,2002,0.003313006499999999,0,3
Zimbabwe,2003,0.004417341999999999,0,3
Zimbabwe,2004,0.0055216775,0,3
Zimbabwe,2005,0.006626013,1,3
Zimbabwe,2006,0.005609069999999999,0,3
Zimbabwe,2007,0.004592126999999998,0,3
Zimbabwe,2008,0.0035751839999999986,0,3
Zimbabwe,2009,0.0025582409999999984,0,3
Zimbabwe,2010,0.001541298,1,3
Zimbabwe,2011,0.0016183627389971542,0,3
Zimbabwe,2012,0.0016954274779943084,0,3
Zimbabwe,2013,0.0017724922169914626,0,3
Zimbabwe,2014,0.0018495569559886169,0,3
Zimbabwe,2015,0.001926621694985771,0,3
Zimbabwe,2016,0.0020036864339829253,0,3
Zimbabwe,2017,0.0020807511729800795,0,3
Zimbabwe,2018,0.0021578159119772337,0,3
Zimbabwe,2019,0.002234880650974388,0,3
Zimbabwe,2020,0.002311945389971542,0,3
Zimbabwe,2021,0.0023890101289686964,0,3
Zimbabwe,2022,0.0024660748679658506,0,3
