author,study.Id,k,n,pyear,year,PR,country,Region,Prev_DR,marker type
"Tyagi et al., 2013",526,5,5,2013,2004,0.04478159,India,Asia,100,pfcrt 76T
"Tyagi et al., 2013",526,7,7,2013,2005,2.481327206,India,Asia,100,pfcrt 76T
"Obaldia et al., 2015",595,15,15,2015,2003,0,Panama,Central America,100,pfcrt 76T
"Obaldia et al., 2015",595,17,17,2015,2003,1.75E-05,Panama,Central America,100,pfcrt 76T
"Obaldia et al., 2015",595,5,5,2015,2003,1.49E-05,Panama,Central America,100,pfcrt 76T
"Hemming-Schroeder et al., 2018",614,27,33,2018,2003,58.67223144,Kenya,East Africa,81.81818182,pfcrt 76T
"Hemming-Schroeder et al., 2018",614,34,53,2018,2003,60.80369353,Kenya,East Africa,64.1509434,pfcrt 76T
"Hemming-Schroeder et al., 2018",614,41,61,2018,2005,29.84546125,Kenya,East Africa,67.21311475,pfcrt 76T
"Hemming-Schroeder et al., 2018",614,81,106,2018,2005,19.98243779,Kenya,East Africa,76.41509434,pfcrt 76T
"Moyeh et al., 2018",631,223,230,2018,2003,59.85939503,Cameroon,Central Africa,96.95652174,pfcrt 76T
"Iwagami et al., 2018",715,11,11,2018,2002,0.032682961,Thailand,SEA,100,pfcrt 76T
"Iwagami et al., 2018",715,15,15,2018,2003,0.024335226,Thailand,SEA,100,pfcrt 76T
"Iwagami et al., 2018",715,18,18,2018,2004,0.009151886,Thailand,SEA,100,pfcrt 76T
"Iwagami et al., 2018",715,5,5,2018,2005,0.010191211,Thailand,SEA,100,pfcrt 76T
"Iwagami et al., 2018",715,10,39,2018,2004,0.016765241,Viet nam,SEA,25.64102564,pfcrt 76T
"Iwagami et al., 2018",715,10,39,2018,2004,0.033289017,Viet nam,SEA,25.64102564,pfcrt 76T
"Tsumori et al., 2011",737,93,100,2011,2005,19.17204261,Congo,Central Africa,93,pfcrt 76T
"Amor et al., 2012",740,133,139,2012,2002,85.23999453,Central African Republic,Central Africa,95.68345324,pfcrt 76T
"Mubjer et al., 2011",751,109,112,2011,2002,8.212114125,Yemen,Asia,97.32142857,pfcrt 76T
"Raman et al., 2019",779,18,22,2019,2001,0,South Africa,Southern Africa,81.81818182,pfcrt 76T
"Berzosa et al., 2021",806,87,102,2021,2001,26.5288353,Equatorial Guinea,Central Africa,85.29411765,pfcrt 76T
"Berzosa et al., 2021",806,200,262,2021,2004,16.36670828,Equatorial Guinea,Central Africa,76.33587786,pfcrt 76T
"Thomas et al., 2002",12201579,33,43,2002,2000,15.76590985,Senegal,West Africa,76.74418605,pfcrt 76T
"Chen et al., 2002",12363066,48,48,2002,2000,0.265363022,Timor-Leste,SEA,100,pfcrt 76T
"Basco et al., 2002",12455495,68,118,2002,2000,53.9849937,Cameroon,Central Africa,57.62711864,pfcrt 76T
"Basco et al., 2002",12455496,90,155,2002,2000,53.9849937,Cameroon,Central Africa,58.06451613,pfcrt 76T
"Lim et al., 2003",12499174,10,10,2003,2001,2.112537436,Cambodia,SEA,100,pfcrt 76T
"Lim et al., 2003",12499174,6,9,2003,2001,10.56927666,Cambodia,SEA,66.66666667,pfcrt 76T
"Lim et al., 2003",12499174,16,16,2003,2001,3.134845197,Cambodia,SEA,100,pfcrt 76T
"Checchi et al., 2002",12625147,21,23,2002,2000,50.43465495,Liberia,West Africa,91.30434783,pfcrt 76T
"Ngo et al., 2003",12685644,12,19,2003,2000,0.146097236,Viet nam,SEA,63.15789474,pfcrt 76T
"Jafari et al., 2003",12803866,49,50,2003,2000,0.224091299,Iran,Asia,98,pfcrt 76T
"Vinayak et al., 2003",12826304,194,213,2003,2000,0.162584812,India,Asia,91.07981221,pfcrt 76T
"Nagesha et al., 2003",12875286,15,21,2003,2000,1.891976781,Papua New Guinea,Oceania,71.42857143,pfcrt 76T
"Berens et al., 2003",12950663,63,67,2003,2001,3.64683792,Lao People's Democratic Republic,SEA,94.02985075,pfcrt 76T
"Ochong et al., 2003",13677373,26,85,2003,2001,36.87547147,South Sudan,East Africa,30.58823529,pfcrt 76T
"Chen et al., 2003",14576108,2,6,2003,2000,8.368252218,Papua New Guinea,Oceania,33.33333333,pfcrt 76T
"Chen et al., 2003",14576108,4,4,2003,2000,0.912648067,Solomon Islands,Oceania,100,pfcrt 76T
"Huong et al., 2003",14614668,23,24,2003,2000,0.09373881,Viet nam,SEA,95.83333333,pfcrt 76T
"Huong et al., 2003",14614668,19,31,2003,2000,0.035177724,Viet nam,SEA,61.29032258,pfcrt 76T
"Anderson et al., 2003",14641841,56,97,2003,2002,18.10365766,Sudan,East Africa,57.73195876,pfcrt 76T
"Syafruddin et al., 2003",14740877,110,111,2003,2000,2.73E-05,Indonesia,SEA,99.0990991,pfcrt 76T
"Vathsala et al., 2004",15031513,12,12,2004,2000,6.28E-04,India,Asia,100,pfcrt 76T
"Vathsala et al., 2004",15031513,25,26,2004,2000,0.02307273,India,Asia,96.15384615,pfcrt 76T
"Abdel-Muhsin et al., 2004",15031793,36,38,2004,2000,3.66076529,Sudan,East Africa,94.73684211,pfcrt 76T
"Abdel-Muhsin et al., 2004",15031793,42,48,2004,2001,3.829562664,Sudan,East Africa,87.5,pfcrt 76T
"van den Broek et al., 2004",15189458,176,187,2004,2002,4.203068092,Bangladesh,Asia,94.11764706,pfcrt 76T
"Vieira et al., 2004",15216481,2,2,2004,2001,0.604523439,Brazil,South America,100,pfcrt 76T
"Vieira et al., 2004",15216481,1,1,2004,2001,0,Colombia,South America,100,pfcrt 76T
"Vieira et al., 2004",15216481,31,31,2004,2001,2.67094411,Peru,South America,100,pfcrt 76T
"Huaman et al., 2004",15238686,47,48,2004,2002,0.133251713,Indonesia,SEA,97.91666667,pfcrt 76T
"Ranjit et al., 2004",15303989,7,40,2004,2002,0.011917534,India,Asia,17.5,pfcrt 76T
"Ranjit et al., 2004",15303989,29,36,2004,2002,0.011917534,India,Asia,80.55555556,pfcrt 76T
"Hallett et al., 2004",15388456,55,89,2004,2000,NA,Gambia,West Africa,61.79775281,pfcrt 76T
"Randrianarivelojosia et al., 2004",15638145,25,30,2004,2001,14.64851201,Comoros,East Africa,83.33333333,pfcrt 76T
"Sisowath et al., 2005",15717281,184,189,2005,2002,20.06322891,Tanzania,East Africa,97.35449735,pfcrt 76T
"Syafruddin et al., 2005",15741554,19,19,2005,2002,3.21E-07,Indonesia,SEA,100,pfcrt 76T
"Syafruddin et al., 2005",15741554,28,28,2005,2002,0,Indonesia,SEA,100,pfcrt 76T
"Syafruddin et al., 2005",15741554,21,21,2005,2002,1.76E-04,Indonesia,SEA,100,pfcrt 76T
"Syafruddin et al., 2005",15741554,20,20,2005,2002,0.025908952,Indonesia,SEA,100,pfcrt 76T
"Abdel-Aziz et al., 2005",15772316,43,210,2005,2000,86.5098834,Burkina Faso,West Africa,20.47619048,pfcrt 76T
"Bertin et al., 2005",15814601,26,48,2005,2001,4.913161695,Senegal,West Africa,54.16666667,pfcrt 76T
"Wang et al., 2005",15827277,33,68,2005,2001,0,China,Asia,48.52941176,pfcrt 76T
"Hamour et al., 2005",15869770,127,160,2005,2003,5.99161908,Sudan,East Africa,79.375,pfcrt 76T
"Sarr et al., 2005",15986248,23,36,2005,2001,2.682760358,Senegal,West Africa,63.88888889,pfcrt 76T
"Mayengue et al., 2005",16002038,50,50,2005,2003,19.16006356,Congo,Central Africa,100,pfcrt 76T
"Nash et al., 2005",16024377,49,49,2005,2002,0.2026245,Thailand,SEA,100,pfcrt 76T
"Congpuong et al., 2005",16045457,99,100,2005,2001,0.009915283,Thailand,SEA,99,pfcrt 76T
"Congpuong et al., 2005",16045457,119,119,2005,2001,0.110583345,Thailand,SEA,100,pfcrt 76T
"Ehrhardt et al., 2003",16117966,207,270,2003,2000,48.66935909,Ghana,West Africa,76.66666667,pfcrt 76T
"Severini et al., 2006",16154388,27,27,2006,2000,31.3770175,Democratic Republic of the Congo,Central Africa,100,pfcrt 76T
"Severini et al., 2006",16154388,11,17,2006,2002,8.910246193,Tanzania,East Africa,64.70588235,pfcrt 76T
"Martensson et al., 2005",16163624,383,396,2005,2002,20.06322891,Tanzania,East Africa,96.71717172,pfcrt 76T
"Tagelsir et al., 2006",16171768,78,78,2006,2001,0.961902365,Sudan,East Africa,100,pfcrt 76T
"Tagelsir et al., 2006",16171768,78,81,2006,2001,8.362725377,Sudan,East Africa,96.2962963,pfcrt 76T
"Meerman et al., 2005",16206082,90,141,2005,2002,NA,Gambia,West Africa,63.82978723,pfcrt 76T
"Uhlemann et al., 2005",16235185,33,34,2005,2002,23.83683324,Gabon,Central Africa,97.05882353,pfcrt 76T
"Holmgren et al., 2006",16271310,72,93,2006,2003,67.11243987,Kenya,East Africa,77.41935484,pfcrt 76T
"Peek et al., 2005",16282289,72,72,2005,2003,0,Suriname,South America,100,pfcrt 76T
"Mishra et al., 2006",16288790,91,120,2006,2003,0.016045464,India,Asia,75.83333333,pfcrt 76T
"Parola et al., 2005",16310329,18,20,2005,2003,12.15056628,Comoros,East Africa,90,pfcrt 76T
"Giha et al., 2006",16336938,80,100,2006,2000,8.362725377,Sudan,East Africa,80,pfcrt 76T
"Dittrich et al., 2005",16359407,81,81,2005,2003,0.694748899,Lao People's Democratic Republic,SEA,100,pfcrt 76T
"Randrianarivelojosia et al., 2007",16442577,2,132,2007,2001,31.12635911,Madagascar,East Africa,1.515151515,pfcrt 76T
"Randrianarivelojosia et al., 2007",16442577,1,51,2007,2002,11.37160286,Madagascar,East Africa,1.960784314,pfcrt 76T
"Menard et al., 2006",16474071,75,180,2006,2004,79.07419205,Central African Republic,Central Africa,41.66666667,pfcrt 76T
"Ursing et al., 2006",16490179,87,88,2006,2001,0,Iran,Asia,98.86363636,pfcrt 76T
"Vinayak et al., 2006",16516311,50,50,2006,2001,1.020469423,India,Asia,100,pfcrt 76T
"Vinayak et al., 2006",16516311,26,48,2006,2001,0.016045464,India,Asia,54.16666667,pfcrt 76T
"Vinayak et al., 2006",16516311,37,37,2006,2001,0.722386409,India,Asia,100,pfcrt 76T
"Vinayak et al., 2006",16516311,30,39,2006,2001,0.031661629,India,Asia,76.92307692,pfcrt 76T
"Vinayak et al., 2006",16516311,63,76,2006,2001,0.032000631,India,Asia,82.89473684,pfcrt 76T
"Vinayak et al., 2006",16516311,43,43,2006,2001,NA,India,Asia,100,pfcrt 76T
"Francis et al., 2006",16518760,75,80,2006,2002,33.0575645,Uganda,East Africa,93.75,pfcrt 76T
"Francis et al., 2006",16518760,77,80,2006,2002,40.14941454,Uganda,East Africa,96.25,pfcrt 76T
"Francis et al., 2006",16518760,69,80,2006,2002,40.06851912,Uganda,East Africa,86.25,pfcrt 76T
"Francis et al., 2006",16518760,78,80,2006,2002,33.67863894,Uganda,East Africa,97.5,pfcrt 76T
"Francis et al., 2006",16518760,79,80,2006,2002,88.42926621,Uganda,East Africa,98.75,pfcrt 76T
"Francis et al., 2006",16518760,238,346,2006,2002,52.60011554,Uganda,East Africa,68.78612717,pfcrt 76T
"Mittra et al., 2006",16586369,40,40,2006,2000,0.77053234,India,Asia,100,pfcrt 76T
"Mittra et al., 2006",16586369,25,45,2006,2000,0.011917534,India,Asia,55.55555556,pfcrt 76T
"Mittra et al., 2006",16586369,32,32,2006,2000,0.358698983,India,Asia,100,pfcrt 76T
"Mittra et al., 2006",16586369,30,39,2006,2000,0.054232363,India,Asia,76.92307692,pfcrt 76T
"Mittra et al., 2006",16586369,53,66,2006,2000,0.032671218,India,Asia,80.3030303,pfcrt 76T
"Mittra et al., 2006",16586369,43,43,2006,2000,NA,India,Asia,100,pfcrt 76T
"Mita et al., 2006",16620743,105,113,2006,2002,0.002960802,Papua New Guinea,Oceania,92.92035398,pfcrt 76T
"Osman et al., 2007",16690361,33,50,2007,2002,3.236500546,Sudan,East Africa,66,pfcrt 76T
"Alifrangis et al., 2006",16703518,47,57,2006,2003,22.98795134,Tanzania,East Africa,82.45614035,pfcrt 76T
"Alifrangis et al., 2006",16703518,63,99,2006,2003,16.34024531,Tanzania,East Africa,63.63636364,pfcrt 76T
"Alifrangis et al., 2006",16703518,22,40,2006,2004,16.93345755,Tanzania,East Africa,55,pfcrt 76T
"Alifrangis et al., 2006",16703518,80,123,2006,2004,15.40513337,Tanzania,East Africa,65.04065041,pfcrt 76T
"Schunk et al., 2006",16817953,69,69,2006,2004,15.08584619,Ethiopia,East Africa,100,pfcrt 76T
"Henry et al., 2006",16837722,26,40,2006,2002,2.614663728,Senegal,West Africa,65,pfcrt 76T
"Happi et al., 2006",16837724,63,101,2006,2005,31.02718592,Nigeria,West Africa,62.37623762,pfcrt 76T
"Dokomajilar et al., 2006",16837725,68,110,2006,2003,68.61259937,Burkina Faso,West Africa,61.81818182,pfcrt 76T
"Happi et al., 2006",16874478,63,111,2006,2002,31.67595267,Nigeria,West Africa,56.75675676,pfcrt 76T
"Chan et al., 2006",16890903,5,5,2006,2001,0.127831346,Papua New Guinea,Oceania,100,pfcrt 76T
"Viana et al., 2006",17096048,10,10,2006,2003,6.02E-04,Brazil,South America,100,pfcrt 76T
"Viana et al., 2006",17096048,10,10,2006,2003,0.011999595,Brazil,South America,100,pfcrt 76T
"Viana et al., 2006",17096048,10,10,2006,2003,7.655367255,Brazil,South America,100,pfcrt 76T
"Viana et al., 2006",17096048,10,10,2006,2003,12.44840622,Brazil,South America,100,pfcrt 76T
"Carnevale et al., 2007",17121999,371,452,2007,2001,1.488783304,Papua New Guinea,Oceania,82.07964602,pfcrt 76T
"Duah et al., 2007",17158810,59,130,2007,2004,16.46893471,Ghana,West Africa,45.38461538,pfcrt 76T
"Duah et al., 2007",17158810,42,105,2007,2004,45.20286322,Ghana,West Africa,40,pfcrt 76T
"Duah et al., 2007",17158810,30,67,2007,2004,57.86017179,Ghana,West Africa,44.7761194,pfcrt 76T
"Duah et al., 2007",17158810,37,62,2007,2004,40.79174995,Ghana,West Africa,59.67741935,pfcrt 76T
"Duah et al., 2007",17158810,37,62,2007,2004,40.79174995,Ghana,West Africa,59.67741935,pfcrt 76T
"Duah et al., 2007",17158810,35,42,2007,2004,46.72391713,Ghana,West Africa,83.33333333,pfcrt 76T
"Humphreys et al., 2007",17194834,203,236,2007,2002,53.23069096,Tanzania,East Africa,86.01694915,pfcrt 76T
"Schonfeld et al., 2007",17224049,37,86,2007,2004,3.248759359,Tanzania,East Africa,43.02325581,pfcrt 76T
"Zongo et al., 2007",17292769,14,50,2007,2005,49.97650683,Burkina Faso,West Africa,28,pfcrt 76T
"Mayxay et al., 2007",17297031,48,53,2007,2003,0.913204998,Lao People's Democratic Republic,SEA,90.56603774,pfcrt 76T
"Ferreira et al., 2007",17313506,70,70,2007,2004,60.00000238,Sao Tome and Principe,Central Africa,100,pfcrt 76T
"Ratcliff et al., 2007",17336652,14,50,2007,2005,49.97650683,Burkina Faso,West Africa,28,pfcrt 76T
"DaRe et al., 2007",17376240,486,595,2007,2001,1.488783304,Papua New Guinea,Oceania,81.68067227,pfcrt 76T
"Ibrahim et al., 2007",17409009,40,88,2007,2003,16.30690247,Niger,West Africa,45.45454545,pfcrt 76T
"Ojurongbe et al., 2007",17428334,86,116,2007,2004,32.71143138,Nigeria,West Africa,74.13793103,pfcrt 76T
"Pati et al., 2007",17428514,23,138,2007,2004,0.012631512,India,Asia,16.66666667,pfcrt 76T
"Ursing et al., 2007",17467343,25,93,2007,2004,8.010789007,Guinea-Bissau,West Africa,26.88172043,pfcrt 76T
"Ursing et al., 2007",17467343,1,23,2007,2005,5.418371409,Guinea-Bissau,West Africa,4.347826087,pfcrt 76T
"Holmgren et al., 2007",17467344,193,201,2007,2002,20.06322891,Tanzania,East Africa,96.0199005,pfcrt 76T
"Holmgren et al., 2007",17467344,170,177,2007,2005,4.941981286,Tanzania,East Africa,96.04519774,pfcrt 76T
"Wichmann et al., 2007",17467758,225,288,2007,2002,41.96357429,Ghana,West Africa,78.125,pfcrt 76T
"Ursing et al., 2007",17488902,111,478,2007,2001,3.750468418,Guinea-Bissau,West Africa,23.22175732,pfcrt 76T
"Diallo et al., 2007",17538894,409,999,2007,2002,78.29916477,Burkina Faso,West Africa,40.94094094,pfcrt 76T
"Juliano et al., 2007",17553226,0,60,2007,2004,21.10152096,Malawi,Southern Africa,0,pfcrt 76T
"Juliano et al., 2007",17553226,0,27,2007,2004,18.25326681,Malawi,Southern Africa,0,pfcrt 76T
"Rason et al., 2007",17556614,0,26,2007,2004,22.24367708,Madagascar,East Africa,0,pfcrt 76T
"Rason et al., 2007",17556614,0,64,2007,2004,6.291463226,Madagascar,East Africa,0,pfcrt 76T
"Rason et al., 2007",17556614,1,27,2007,2004,16.89422429,Madagascar,East Africa,3.703703704,pfcrt 76T
"Nkhoma et al., 2007",17556619,0,56,2007,2003,18.25326681,Malawi,Southern Africa,0,pfcrt 76T
"Nsobya et al., 2007",17562798,180,180,2007,2004,88.42926621,Uganda,East Africa,100,pfcrt 76T
"Ehrhardt et al., 2007",17562799,1472,3182,2007,2002,36.21729612,Ghana,West Africa,46.2602137,pfcrt 76T
"Keen et al., 2007",17609321,58,60,2007,2004,2.267533727,India,Asia,96.66666667,pfcrt 76T
"Keen et al., 2007",17609321,49,70,2007,2004,0.011725296,India,Asia,70,pfcrt 76T
"Keen et al., 2007",17609321,61,61,2007,2004,0.300410925,India,Asia,100,pfcrt 76T
"Keen et al., 2007",17609321,58,58,2007,2004,0.001098505,India,Asia,100,pfcrt 76T
"Keen et al., 2007",17609321,20,20,2007,2004,0.0525387,India,Asia,100,pfcrt 76T
"Keen et al., 2007",17609321,76,76,2007,2004,0,Suriname,South America,100,pfcrt 76T
"Keen et al., 2007",17609321,45,46,2007,2004,11.12246066,Uganda,East Africa,97.82608696,pfcrt 76T
"Mayxay et al., 2007",17620628,196,196,2007,2001,0.193274638,Lao People's Democratic Republic,SEA,100,pfcrt 76T
"Mayxay et al., 2007",17620628,494,603,2007,2001,0.913204998,Lao People's Democratic Republic,SEA,81.92371476,pfcrt 76T
"Mayxay et al., 2007",17620628,25,37,2007,2001,0.099178532,Lao People's Democratic Republic,SEA,67.56756757,pfcrt 76T
"A-Elbasit et al., 2007",17693716,38,47,2007,2000,8.362725377,Sudan,East Africa,80.85106383,pfcrt 76T
"Syafruddin et al., 2007",17760967,75,76,2007,2005,9.67E-09,Indonesia,SEA,98.68421053,pfcrt 76T
"Parola et al., 2007",17827355,115,207,2007,2004,5.879653618,Comoros,East Africa,55.55555556,pfcrt 76T
"Biswas et al., 2008",17852923,7,27,2008,2004,0.008967961,India,Asia,25.92592593,pfcrt 76T
"Yang et al., 2007",17875016,34,34,2007,2003,0,China,Asia,100,pfcrt 76T
"Meissner et al., 2008",17904509,94,169,2008,2003,63.78595233,Burkina Faso,West Africa,55.62130178,pfcrt 76T
"Meissner et al., 2008",17904509,6,53,2008,2003,75.09803772,Burkina Faso,West Africa,11.32075472,pfcrt 76T
"Chen et al., 2008",17954685,28,44,2008,2002,0,China,Asia,63.63636364,pfcrt 76T
"Zakeri et al., 2007",17999755,149,152,2007,2003,0,Iran,Asia,98.02631579,pfcrt 76T
"Zakeri et al., 2007",17999755,53,54,2007,2003,0,Iran,Asia,98.14814815,pfcrt 76T
"Ord et al., 2007",18008244,52,82,2007,2000,NA,Gambia,West Africa,63.41463415,pfcrt 76T
"Ord et al., 2007",18008244,64,88,2007,2001,NA,Gambia,West Africa,72.72727273,pfcrt 76T
"Ord et al., 2007",18008244,47,86,2007,2002,NA,Gambia,West Africa,54.65116279,pfcrt 76T
"Bell et al., 2008",18270569,0,244,2008,2003,12.96924502,Malawi,Southern Africa,0,pfcrt 76T
"Ferreira et al., 2008",18304266,56,56,2008,2005,0.029545519,Brazil,South America,100,pfcrt 76T
"Tinto et al., 2008",18304270,120,195,2008,2005,19.57249343,Burkina Faso,West Africa,61.53846154,pfcrt 76T
"Djimde et al., 2008",18337343,128,170,2008,2002,41.66281521,Mali,West Africa,75.29411765,pfcrt 76T
"A-Elbasit et al., 2008",18373107,157,168,2008,2003,2.502094954,Sudan,East Africa,93.45238095,pfcrt 76T
"Zakeri et al., 2008",18385361,171,175,2008,2002,0,Iran,Asia,97.71428571,pfcrt 76T
"Mehlotra et al., 2008",18411325,32,32,2008,2001,0.872694422,India,Asia,100,pfcrt 76T
"Marfurt et al., 2008",18423045,158,174,2008,2003,5.794831365,Papua New Guinea,Oceania,90.8045977,pfcrt 76T
"Restrepo-Pineda et al., 2008",18426617,77,77,2008,2004,0.481407112,Colombia,South America,100,pfcrt 76T
"Sarr et al., 2008",18523801,40,68,2008,2004,3.065378591,Senegal,West Africa,58.82352941,pfcrt 76T
"Sahu et al., 2008",18577328,23,42,2008,2005,0.012631512,India,Asia,54.76190476,pfcrt 76T
"Enosse et al., 2008",18590577,159,171,2008,2001,67.44423509,Mozambique,Southern Africa,92.98245614,pfcrt 76T
"Enosse et al., 2008",18590577,165,173,2008,2003,60.93667746,Mozambique,Southern Africa,95.37572254,pfcrt 76T
"Zhong  et al., 2008",18671871,168,200,2008,2005,29.84546125,Kenya,East Africa,84,pfcrt 76T
"Zhong  et al., 2008",18671871,163,200,2008,2005,19.98243779,Kenya,East Africa,81.5,pfcrt 76T
"Zhong  et al., 2008",18671871,145,200,2008,2005,7.87660405,Kenya,East Africa,72.5,pfcrt 76T
"Niang et al., 2008",18682531,27,69,2008,2000,2.41718255,Senegal,West Africa,39.13043478,pfcrt 76T
"Rungsihirunrat et al., 2009",18950599,109,110,2009,2002,0,Thailand,SEA,99.09090909,pfcrt 76T
"Figueiredo et al., 2008",19014684,230,245,2008,2005,6.970688701,Angola,Southern Africa,93.87755102,pfcrt 76T
"Sisowath et al., 2009",19210165,53,102,2009,2004,48.22321534,Tanzania,East Africa,51.96078431,pfcrt 76T
"Lumb et al., 2009",19220141,46,47,2009,2004,0.04478159,India,Asia,97.87234043,pfcrt 76T
"Lumb et al., 2009",19220141,58,58,2009,2005,0.128245004,India,Asia,100,pfcrt 76T
"Lumb et al., 2009",19220141,16,16,2009,2005,0.128245004,India,Asia,100,pfcrt 76T
"Tekete et al., 2009",19245687,108,127,2009,2002,44.52325702,Mali,West Africa,85.03937008,pfcrt 76T
"Tekete et al., 2009",19245687,111,172,2009,2003,42.1618253,Mali,West Africa,64.53488372,pfcrt 76T
"Alifrangis et al., 2009",19346369,109,159,2009,2003,16.34024531,Tanzania,East Africa,68.55345912,pfcrt 76T
"Alifrangis et al., 2009",19346369,103,163,2009,2004,15.40513337,Tanzania,East Africa,63.19018405,pfcrt 76T
"de Almeida et al., 2009",19358729,32,33,2009,2003,6.818513572,Timor-Leste,SEA,96.96969697,pfcrt 76T
"de Almeida et al., 2009",19358729,59,59,2009,2004,3.758504987,Timor-Leste,SEA,100,pfcrt 76T
"Valecha et al., 2009",19426658,29,40,2009,2003,0.025886492,India,Asia,72.5,pfcrt 76T
"Valecha et al., 2009",19426658,21,30,2009,2003,0.027322542,India,Asia,70,pfcrt 76T
"Valecha et al., 2009",19426658,40,41,2009,2003,0.1994672,India,Asia,97.56097561,pfcrt 76T
"Valecha et al., 2009",19426658,33,33,2009,2003,0.102046726,India,Asia,100,pfcrt 76T
"Mwai et al., 2009",19450282,22,27,2009,2000,36.86255515,Kenya,East Africa,81.48148148,pfcrt 76T
"Mwai et al., 2009",19450282,32,36,2009,2001,37.20653653,Kenya,East Africa,88.88888889,pfcrt 76T
"Mwai et al., 2009",19450282,22,30,2009,2002,26.7991215,Kenya,East Africa,73.33333333,pfcrt 76T
"Mwai et al., 2009",19450282,18,23,2009,2003,19.79499459,Kenya,East Africa,78.26086957,pfcrt 76T
"Restrepo et al., 2008",19462557,172,172,2008,2002,0.736581255,Colombia,South America,100,pfcrt 76T
"Hatabu et al., 2009",19567229,12,15,2009,2001,0.085143477,Philippines,SEA,80,pfcrt 76T
"Hatabu et al., 2009",19567229,8,8,2009,2003,0.252741389,Philippines,SEA,100,pfcrt 76T
"Menegon et al., 2009",19708897,62,66,2009,2004,26.23843849,Angola,Southern Africa,93.93939394,pfcrt 76T
"Ursing et al., 2009",19718439,77,320,2009,2003,7.111933082,Guinea-Bissau,West Africa,24.0625,pfcrt 76T
"Ursing et al., 2009",19718439,40,153,2009,2004,3.750468418,Guinea-Bissau,West Africa,26.14379085,pfcrt 76T
"Ursing et al., 2009",19718439,40,167,2009,2005,2.451827936,Guinea-Bissau,West Africa,23.95209581,pfcrt 76T
"Mwai et al., 2009",19770282,70,112,2009,2005,3.407026455,Kenya,East Africa,62.5,pfcrt 76T
"Isozumi et al., 2010",19889891,42,82,2010,2001,0.067012053,Viet nam,SEA,51.2195122,pfcrt 76T
"Isozumi et al., 2010",19889891,42,82,2010,2001,0.12224688,Viet nam,SEA,51.2195122,pfcrt 76T
"Isozumi et al., 2010",19889891,22,100,2010,2002,0.038830633,Viet nam,SEA,22,pfcrt 76T
"Isozumi et al., 2010",19889891,22,100,2010,2002,0.074199791,Viet nam,SEA,22,pfcrt 76T
"Bharti et al., 2010",19912592,47,70,2010,2005,0.062066648,India,Asia,67.14285714,pfcrt 76T
"Folarin et al., 2008",19953193,47,78,2008,2005,31.02718592,Nigeria,West Africa,60.25641026,pfcrt 76T
"Mixson-Hayden  et al., 2010",20038626,104,109,2010,2004,0.066045474,India,Asia,95.41284404,pfcrt 76T
"Djimde et al., 2011",20041947,804,951,2011,2002,25.18301308,Mali,West Africa,84.54258675,pfcrt 76T
"Marfurt et al., 2010",20053293,98,106,2010,2003,1.488783304,Papua New Guinea,Oceania,92.45283019,pfcrt 76T
"Marfurt et al., 2010",20053293,92,93,2010,2003,5.781498551,Papua New Guinea,Oceania,98.92473118,pfcrt 76T
"Marfurt et al., 2010",20053293,107,119,2010,2004,0.016770171,Papua New Guinea,Oceania,89.91596639,pfcrt 76T
"Marfurt et al., 2010",20053293,93,95,2010,2004,1.453348808,Papua New Guinea,Oceania,97.89473684,pfcrt 76T
"Marfurt et al., 2010",20053293,70,70,2010,2004,5.794831365,Papua New Guinea,Oceania,100,pfcrt 76T
"Marfurt et al., 2010",20053293,115,128,2010,2005,5.07276915,Papua New Guinea,Oceania,89.84375,pfcrt 76T
"Danquah et al., 2010",20060374,35,109,2010,2005,45.81505656,Burkina Faso,West Africa,32.11009174,pfcrt 76T
"Mbacham et al., 2010",20105282,76,240,2010,2004,25.75212121,Cameroon,Central Africa,31.66666667,pfcrt 76T
"Mbacham et al., 2010",20105282,200,260,2010,2004,17.614232,Cameroon,Central Africa,76.92307692,pfcrt 76T
"Mbacham et al., 2010",20105282,226,260,2010,2004,53.9470613,Cameroon,Central Africa,86.92307692,pfcrt 76T
"Griffing et al., 2010",20145087,89,89,2010,2003,0.16819922,Venezuela,South America,100,pfcrt 76T
"Oster et al., 2010",20148338,10,47,2010,2001,71.3435173,Burkina Faso,West Africa,21.27659574,pfcrt 76T
"Kinzer et al., 2010",20370920,33,33,2010,2005,3.421292081,Vanuatu,Oceania,100,pfcrt 76T
"Andriantsoanirina et al., 2010",20439955,2,2,2010,2005,16.5113464,Benin,West Africa,100,pfcrt 76T
"Andriantsoanirina et al., 2010",20439955,2,4,2010,2005,16.37082249,Burkina Faso,West Africa,50,pfcrt 76T
"Andriantsoanirina et al., 2010",20439955,2,2,2010,2003,23.57372195,Cameroon,Central Africa,100,pfcrt 76T
"Andriantsoanirina et al., 2010",20439955,2,2,2010,2002,32.69558549,Democratic Republic of the Congo,Central Africa,100,pfcrt 76T
"Andriantsoanirina et al., 2010",20439955,1,1,2010,2003,19.80071515,Guinea,West Africa,100,pfcrt 76T
"Andriantsoanirina et al., 2010",20439955,10,17,2010,2005,16.42564982,Mali,West Africa,58.82352941,pfcrt 76T
"Andriantsoanirina et al., 2010",20439955,1,2,2010,2005,2.635693736,Senegal,West Africa,50,pfcrt 76T
"Andriantsoanirina et al., 2010",20439955,3,4,2010,2004,69.50365901,Côte d'Ivoire,NA,75,pfcrt 76T
"Mungthin et al., 2010",20449753,21,21,2010,2003,0.692310324,Thailand,SEA,100,pfcrt 76T
"Mungthin et al., 2010",20449753,21,21,2010,2003,0.692310324,Thailand,SEA,100,pfcrt 76T
"Beshir et al., 2010",20547800,54,55,2010,2002,0.380104221,Afghanistan,Asia,98.18181818,pfcrt 76T
"Laufer et al., 2010",20662717,0,210,2010,2005,12.96924502,Malawi,Southern Africa,0,pfcrt 76T
"Ballif et al., 2010",20925934,62,62,2010,2004,38.04214001,Solomon Islands,Oceania,100,pfcrt 76T
"Wong et al., 2011",21078925,224,241,2011,2005,0.091278914,Papua New Guinea,Oceania,92.94605809,pfcrt 76T
"Baliraine et al., 2011",21078941,168,169,2011,2004,11.49723753,Uganda,East Africa,99.40828402,pfcrt 76T
"Spalding et al., 2010",21106088,237,244,2010,2003,24.52103794,Kenya,East Africa,97.13114754,pfcrt 76T
"Spalding et al., 2010",21106088,237,244,2010,2003,24.52103794,Kenya,East Africa,97.13114754,pfcrt 76T
"Lekana-Douki et al., 2011",21251998,90,96,2011,2004,11.76455766,Gabon,Central Africa,93.75,pfcrt 76T
"Ghanchi et al., 2011",21272384,9,10,2011,2005,0,Pakistan,Asia,90,pfcrt 76T
"Ghanchi et al., 2011",21272384,161,178,2011,2005,0.010714144,Pakistan,Asia,90.4494382,pfcrt 76T
"Ghanchi et al., 2011",21272384,52,52,2011,2005,0.319442991,Pakistan,Asia,100,pfcrt 76T
"Wele et al., 2011",21300016,384,579,2011,2001,39.65029418,Mali,West Africa,66.32124352,pfcrt 76T
"Veiga et al., 2011",21633513,46,46,2011,2002,0.02836792,Thailand,SEA,100,pfcrt 76T
"Kawai et al., 2011",21645634,32,43,2011,2004,0.295076333,Bangladesh,Asia,74.41860465,pfcrt 76T
"Baliraine et al., 2011",21881128,92,93,2011,2004,11.49723753,Uganda,East Africa,98.92473118,pfcrt 76T
"Frank et al., 2011",22004584,141,144,2011,2005,4.942434281,Gabon,Central Africa,97.91666667,pfcrt 76T
"Shah et al., 2011",22096496,198,242,2011,2001,65.26237726,Kenya,East Africa,81.81818182,pfcrt 76T
"Jovel et al., 2011",22183028,0,30,2011,2004,0,Honduras,Central America,0,pfcrt 76T
"Legrand et al., 2012",22232280,626,626,2012,2000,0,French Guiana,South America,100,pfcrt 76T
"Mallick et al., 2012",22236376,26,26,2012,2002,10.82318127,India,Asia,100,pfcrt 76T
"Mallick et al., 2012",22236376,9,14,2012,2002,0.011259517,India,Asia,64.28571429,pfcrt 76T
"Mallick et al., 2012",22236376,17,17,2012,2002,0.031736563,India,Asia,100,pfcrt 76T
"Mallick et al., 2012",22236376,43,54,2012,2003,0.016045464,India,Asia,79.62962963,pfcrt 76T
"Mallick et al., 2012",22236376,25,26,2012,2003,0.093083328,India,Asia,96.15384615,pfcrt 76T
"Mallick et al., 2012",22236376,16,16,2012,2003,NA,India,Asia,100,pfcrt 76T
"Mallick et al., 2012",22236376,25,25,2012,2004,1.21E-04,India,Asia,100,pfcrt 76T
"Mallick et al., 2012",22236376,26,26,2012,2004,0.358698983,India,Asia,100,pfcrt 76T
"Mallick et al., 2012",22236376,33,33,2012,2005,0.645562867,India,Asia,100,pfcrt 76T
"Gbotosho et al., 2012",22302850,18,18,2012,2004,0,Brazil,South America,100,pfcrt 76T
"Gbotosho et al., 2012",22302850,55,70,2012,2004,31.67595267,Nigeria,West Africa,78.57142857,pfcrt 76T
"Takahashi et al., 2012",22453078,33,33,2012,2004,0.173817924,Cambodia,SEA,100,pfcrt 76T
"Takahashi et al., 2012",22453078,22,25,2012,2004,11.89404652,Ghana,West Africa,88,pfcrt 76T
"Takahashi et al., 2012",22453078,39,40,2012,2002,0.002960802,Papua New Guinea,Oceania,97.5,pfcrt 76T
"Takahashi et al., 2012",22453078,33,33,2012,2000,0,Thailand,SEA,100,pfcrt 76T
"Menard et al., 2012",22498364,145,203,2012,2005,11.62314937,Cameroon,Central Africa,71.42857143,pfcrt 76T
"Menard et al., 2012",22498364,125,229,2012,2005,33.36416483,Cameroon,Central Africa,54.58515284,pfcrt 76T
"Ly et al., 2012",22706959,28,34,2012,2000,15.76590985,Senegal,West Africa,82.35294118,pfcrt 76T
"Ly et al., 2012",22706959,36,53,2012,2001,2.682760358,Senegal,West Africa,67.9245283,pfcrt 76T
"Ly et al., 2012",22706959,53,79,2012,2002,2.683936246,Senegal,West Africa,67.08860759,pfcrt 76T
"Ly et al., 2012",22706959,53,70,2012,2003,4.162557796,Senegal,West Africa,75.71428571,pfcrt 76T
"Ly et al., 2012",22706959,51,79,2012,2004,3.065378591,Senegal,West Africa,64.55696203,pfcrt 76T
"Ly et al., 2012",22706959,32,98,2012,2005,2.786985412,Senegal,West Africa,32.65306122,pfcrt 76T
"Ako et al., 2012",22904636,48,48,2012,2005,82.69386292,Côte d'Ivoire,NA,100,pfcrt 76T
"Ako et al., 2012",22904636,39,44,2012,2005,86.33518219,Côte d'Ivoire,NA,88.63636364,pfcrt 76T
"Mendes et al., 2013",23537170,99,184,2013,2005,46.15858793,Equatorial Guinea,Central Africa,53.80434783,pfcrt 76T
"Mendes et al., 2013",23537170,66,113,2013,2005,48.547858,Equatorial Guinea,Central Africa,58.40707965,pfcrt 76T
"Adhin et al., 2013",23836573,40,40,2013,2005,13.60301822,Suriname,South America,100,pfcrt 76T
"Doumbo et al., 2013",23893800,11,16,2013,2005,32.62751102,Mali,West Africa,68.75,pfcrt 76T
"Duah et al., 2013",24172030,227,324,2013,2003,20.62405944,Ghana,West Africa,70.0617284,pfcrt 76T
"Duah et al., 2013",24172030,197,232,2013,2005,25.47551095,Ghana,West Africa,84.9137931,pfcrt 76T
"Jovel et al., 2014",24657918,16,50,2014,2001,3.750468418,Guinea-Bissau,West Africa,32,pfcrt 76T
"Jovel et al., 2014",24657918,0,30,2014,2004,0,Honduras,Central America,0,pfcrt 76T
"Jovel et al., 2014",24657918,49,50,2014,2001,0.001162453,Iran,Asia,98,pfcrt 76T
"Jovel et al., 2014",24657918,49,49,2014,2002,0,Thailand,SEA,100,pfcrt 76T
"Jovel et al., 2014",24657918,38,38,2014,2002,0.646145456,Vanuatu,Oceania,100,pfcrt 76T
"Inoue et al., 2014",25239550,32,32,2014,2000,0,Brazil,South America,100,pfcrt 76T
"Baraka et al., 2015",25403659,130,267,2015,2005,19.57249343,Burkina Faso,West Africa,48.68913858,pfcrt 76T
"Jovel et al., 2015",25421474,75,318,2015,2003,10.64883247,Guinea-Bissau,West Africa,23.58490566,pfcrt 76T
"Jovel et al., 2015",25421474,37,151,2015,2004,5.677677691,Guinea-Bissau,West Africa,24.50331126,pfcrt 76T
"Jovel et al., 2015",25421474,39,169,2015,2005,3.757215291,Guinea-Bissau,West Africa,23.07692308,pfcrt 76T
"Sagara et al., 2014",25425434,16,27,2014,2004,4.518864676,Ghana,West Africa,59.25925926,pfcrt 76T
"Sagara et al., 2014",25425434,10,12,2014,2004,0,Kenya,East Africa,83.33333333,pfcrt 76T
"Sagara et al., 2014",25425434,18,26,2014,2004,16.42564982,Mali,West Africa,69.23076923,pfcrt 76T
"Sagara et al., 2014",25425434,49,50,2014,2004,11.12246066,Uganda,East Africa,98,pfcrt 76T
"Sagara et al., 2014",25425434,26,116,2014,2004,7.278821617,Zambia,Southern Africa,22.4137931,pfcrt 76T
"Gadalla et al., 2015",25890383,68,76,2015,2005,46.78456485,Tanzania,East Africa,89.47368421,pfcrt 76T
"Gadalla et al., 2015",25890383,31,32,2015,2003,NA,Tanzania,East Africa,96.875,pfcrt 76T
"Gadalla et al., 2015",25890383,111,117,2015,2004,NA,Tanzania,East Africa,94.87179487,pfcrt 76T
"Morris et al., 2015",25917493,105,119,2015,2005,4.941981286,Tanzania,East Africa,88.23529412,pfcrt 76T
