author,study.Id,k,n,pyear,year,PR,country,Region,Prev_DR,mutation
Al-Hamidhi S,329,0,108,2013,2010,0.077080855,Yemen,Asia,0,dhps 437G
Pathak A,364,7,77,2014,2009,0.030681427,India,Asia,9.090909091,dhps 437G
"Barnadas C, Timinao L, Javati S, Iga J, Malau E, Koepfli C, Robinson LJ, Senn N, Kiniboro B, Rare L, Reeder JC, Siba PM, Zimmerman PA, Karunajeewa H, Davis TM, Mueller I",405,4,114,2015,2006,0.023434706,Papua New Guinea,Oceania,3.50877193,dhps 437G
"Barnadas C, Timinao L, Javati S, Iga J, Malau E, Koepfli C, Robinson LJ, Senn N, Kiniboro B, Rare L, Reeder JC, Siba PM, Zimmerman PA, Karunajeewa H, Davis TM, Mueller I",405,6,96,2015,2006,0.111931167,Papua New Guinea,Oceania,6.25,dhps 437G
"Barnadas C, Timinao L, Javati S, Iga J, Malau E, Koepfli C, Robinson LJ, Senn N, Kiniboro B, Rare L, Reeder JC, Siba PM, Zimmerman PA, Karunajeewa H, Davis TM, Mueller I",405,20,63,2015,2010,0.118241622,Papua New Guinea,Oceania,31.74603175,dhps 437G
"Rao PN, Uplekar S, Kayal S, Mallick PK, Bandyopadhyay N, Kale S, Singh OP, Mohanty A, Mohanty S, Wassmer SC, Carlton JM",418,0,16,2016,2014,0.777037814,India,Asia,0,dhps 437G
"Mishra N, Srivastava B, Bharti RS, Rana R, Kaitholia K, Anvikar AR, Das MK, Ghosh SK, Bhatt RM, Tyagi PK, Dev V, Phookan S, Wattal SL, Sonal GS, Dhariwal AC, Valecha N",431,108,327,2016,2011,0,India,Asia,33.02752294,dhps 437G
"Kaingona-Daniel EP, Gomes LR, Gama BE, Almeida-de-Oliveira NK, Fortes F, M<e9>nard D, Daniel-Ribeiro CT, Ferreira-da-Cruz Mde F",433,28,28,2016,2011,NA,Angola,Southern Africa,100,dhps 437G
"Atroosh WM, Al-Mekhlafi HM, Snounou G, Al-Jasari A, Sady H, Nasr NA, Lau YL, Surin J",434,0,76,2016,2014,0,Yemen,Asia,0,dhps 437G
"Adeel AA, Elnour FA, Elmardi KA, Abd-Elmajid MB, Elhelo MM, Ali MS, Adam MA, Atta H, Zamani G, Warsame M, Barrette A, Mohammady HE, Nada RA",435,66,88,2016,2011,1.887289993,Sudan,East Africa,75,dhps 437G
"Adeel AA, Elnour FA, Elmardi KA, Abd-Elmajid MB, Elhelo MM, Ali MS, Adam MA, Atta H, Zamani G, Warsame M, Barrette A, Mohammady HE, Nada RA",435,69,96,2016,2011,1.796823554,Sudan,East Africa,71.875,dhps 437G
"Adeel AA, Elnour FA, Elmardi KA, Abd-Elmajid MB, Elhelo MM, Ali MS, Adam MA, Atta H, Zamani G, Warsame M, Barrette A, Mohammady HE, Nada RA",435,55,100,2016,2011,NA,Sudan,East Africa,55,dhps 437G
"Adeel AA, Elnour FA, Elmardi KA, Abd-Elmajid MB, Elhelo MM, Ali MS, Adam MA, Atta H, Zamani G, Warsame M, Barrette A, Mohammady HE, Nada RA",435,29,89,2016,2011,NA,Sudan,East Africa,32.58426966,dhps 437G
"Ndong Ngomo JM, Mawili-Mboumba DP, M'Bondoukwe NP, Niki<e9>ma Ndong Ella R, Bouyou Akotet MK",436,11,29,2016,2005,NA,Gabon,Central Africa,37.93103448,dhps 437G
"Ndong Ngomo JM, Mawili-Mboumba DP, M'Bondoukwe NP, Niki<e9>ma Ndong Ella R, Bouyou Akotet MK",436,42,62,2016,2008,NA,Gabon,Central Africa,67.74193548,dhps 437G
"Awab GR, Imwong M, Pukrittayakamee S, Alim F, Hanpithakpong W, Tarning J, Dondorp AM, Day NP, White NJ, Woodrow CJ",438,3,41,2016,2007,0.006537374,Afghanistan,Asia,7.317073171,dhps 437G
"Awab GR, Imwong M, Pukrittayakamee S, Alim F, Hanpithakpong W, Tarning J, Dondorp AM, Day NP, White NJ, Woodrow CJ",438,3,83,2016,2010,0.003493238,Afghanistan,Asia,3.614457831,dhps 437G
"Awab GR, Imwong M, Pukrittayakamee S, Alim F, Hanpithakpong W, Tarning J, Dondorp AM, Day NP, White NJ, Woodrow CJ",438,4,8,2016,2007,NA,Afghanistan,Asia,50,dhps 437G
"Awab GR, Imwong M, Pukrittayakamee S, Alim F, Hanpithakpong W, Tarning J, Dondorp AM, Day NP, White NJ, Woodrow CJ",438,0,6,2016,2007,NA,Afghanistan,Asia,0,dhps 437G
"Awab GR, Imwong M, Pukrittayakamee S, Alim F, Hanpithakpong W, Tarning J, Dondorp AM, Day NP, White NJ, Woodrow CJ",438,0,2,2016,2007,NA,Afghanistan,Asia,0,dhps 437G
"Awab GR, Imwong M, Pukrittayakamee S, Alim F, Hanpithakpong W, Tarning J, Dondorp AM, Day NP, White NJ, Woodrow CJ",438,4,54,2016,2012,NA,Afghanistan,Asia,7.407407407,dhps 437G
"Bamaga OA, Mahdy MA, Lim YA",439,9,25,2015,2011,0,Yemen,Asia,36,dhps 437G
"Bamaga OA, Mahdy MA, Lim YA",439,42,89,2015,2011,3.065836616,Yemen,Asia,47.19101124,dhps 437G
"Baraka V, Ishengoma DS, Fransis F, Minja DT, Madebe RA, Ngatunga D, Van Geertruyden JP",440,72,77,2015,2013,10.60959026,Tanzania,East Africa,93.50649351,dhps 437G
"Baraka V, Ishengoma DS, Fransis F, Minja DT, Madebe RA, Ngatunga D, Van Geertruyden JP",440,51,72,2015,2013,7.633348554,Tanzania,East Africa,70.83333333,dhps 437G
"Baraka V, Ishengoma DS, Fransis F, Minja DT, Madebe RA, Ngatunga D, Van Geertruyden JP",440,54,85,2015,2013,NA,Tanzania,East Africa,63.52941176,dhps 437G
"Artimovich E, Kapito-Tembo A, Pensulo P, Nyirenda O, Brown S, Joshi S, Taylor TE, Mathanga D, Escalante AA, Laufer MK, Takala-Harrison S",441,544,546,2015,2012,13.69988173,Malawi,Southern Africa,99.63369963,dhps 437G
"Artimovich E, Kapito-Tembo A, Pensulo P, Nyirenda O, Brown S, Joshi S, Taylor TE, Mathanga D, Escalante AA, Laufer MK, Takala-Harrison S",441,720,733,2015,2012,NA,Malawi,Southern Africa,98.22646658,dhps 437G
"Artimovich E, Kapito-Tembo A, Pensulo P, Nyirenda O, Brown S, Joshi S, Taylor TE, Mathanga D, Escalante AA, Laufer MK, Takala-Harrison S",441,555,558,2015,2012,NA,Malawi,Southern Africa,99.46236559,dhps 437G
"Tessema SK, Kassa M, Kebede A, Mohammed H, Leta GT, Woyessa A, Guma GT, Petros B",442,49,65,2015,2005,0,Ethiopia,East Africa,75.38461538,dhps 437G
"Tessema SK, Kassa M, Kebede A, Mohammed H, Leta GT, Woyessa A, Guma GT, Petros B",442,44,65,2015,2007,0,Ethiopia,East Africa,67.69230769,dhps 437G
"Papa Mze N, Ndiaye YD, Diedhiou CK, Rahamatou S, Dieye B, Daniels RF, Hamilton EJ, Diallo M, Bei AK, Wirth DF, Mboup S, Volkman SK, Ahouidi AD, Ndiaye D",443,37,124,2015,2012,NA,Comoros,East Africa,29.83870968,dhps 437G
"Papa Mze N, Ndiaye YD, Diedhiou CK, Rahamatou S, Dieye B, Daniels RF, Hamilton EJ, Diallo M, Bei AK, Wirth DF, Mboup S, Volkman SK, Ahouidi AD, Ndiaye D",443,41,76,2015,2010,NA,S<e9>n<e9>gal,NA,53.94736842,dhps 437G
"Sharma D, Lather M, Mallick PK, Adak T, Dang AS, Valecha N, Singh OP",444,25,84,2015,2006,2.475940995,India,Asia,29.76190476,dhps 437G
"Sharma D, Lather M, Mallick PK, Adak T, Dang AS, Valecha N, Singh OP",444,11,70,2015,2006,0.041470019,India,Asia,15.71428571,dhps 437G
"Sharma D, Lather M, Mallick PK, Adak T, Dang AS, Valecha N, Singh OP",444,0,31,2015,2006,0.190753688,India,Asia,0,dhps 437G
"Sharma D, Lather M, Mallick PK, Adak T, Dang AS, Valecha N, Singh OP",444,0,32,2015,2006,NA,India,Asia,0,dhps 437G
"Tahita MC, Tinto H, Erhart A, Kazienga A, Fitzhenry R, VanOvermeir C, Rosanas-Urgell A, Ouedraogo JB, Guiguemde RT, Van Geertruyden JP, D'Alessandro U",445,79,231,2015,2012,46.92227542,Burkina Faso,West Africa,34.1991342,dhps 437G
"Kumar A, Moirangthem R, Gahlawat SK, Chandra J, Gupta P, Valecha N, Anvikar A, Singh V",446,1,29,2015,2013,3.130232543,India,Asia,3.448275862,dhps 437G
"Kumar A, Moirangthem R, Gahlawat SK, Chandra J, Gupta P, Valecha N, Anvikar A, Singh V",446,0,15,2015,1994,NA,India,Asia,0,dhps 437G
"Kumar A, Moirangthem R, Gahlawat SK, Chandra J, Gupta P, Valecha N, Anvikar A, Singh V",446,1,17,2015,1995,NA,India,Asia,5.882352941,dhps 437G
"Kumar A, Moirangthem R, Gahlawat SK, Chandra J, Gupta P, Valecha N, Anvikar A, Singh V",446,1,13,2015,1996,NA,India,Asia,7.692307692,dhps 437G
"Kumar A, Moirangthem R, Gahlawat SK, Chandra J, Gupta P, Valecha N, Anvikar A, Singh V",446,1,17,2015,2000,NA,India,Asia,5.882352941,dhps 437G
"Kumar A, Moirangthem R, Gahlawat SK, Chandra J, Gupta P, Valecha N, Anvikar A, Singh V",446,2,19,2015,2001,NA,India,Asia,10.52631579,dhps 437G
"Kumar A, Moirangthem R, Gahlawat SK, Chandra J, Gupta P, Valecha N, Anvikar A, Singh V",446,7,18,2015,2008,NA,India,Asia,38.88888889,dhps 437G
"Kumar A, Moirangthem R, Gahlawat SK, Chandra J, Gupta P, Valecha N, Anvikar A, Singh V",446,0,19,2015,2010,NA,India,Asia,0,dhps 437G
"Kumar A, Moirangthem R, Gahlawat SK, Chandra J, Gupta P, Valecha N, Anvikar A, Singh V",446,0,26,2015,2011,NA,India,Asia,0,dhps 437G
"Siame MN, Mharakurwa S, Chipeta J, Thuma P, Michelo C",448,26,72,2015,2013,38.86559606,Zambia,Southern Africa,36.11111111,dhps 437G
"Lucchi NW, Okoth SA, Komino F, Onyona P, Goldman IF, Ljolje D, Shi YP, Barnwell JW, Udhayakumar V, Kariuki S",453,203,203,2015,2010,34.35435593,Kenya,East Africa,100,dhps 437G
"Gresty KJ, Gray KA, Bobogare A, Wini L, Taleo G, Hii J, Cheng Q, Waters NC",455,3,26,2014,2008,NA,Solomon Islands,Oceania,11.53846154,dhps 437G
"Gresty KJ, Gray KA, Bobogare A, Wini L, Taleo G, Hii J, Cheng Q, Waters NC",455,1,17,2014,2008,NA,Solomon Islands,Oceania,5.882352941,dhps 437G
"Gresty KJ, Gray KA, Bobogare A, Wini L, Taleo G, Hii J, Cheng Q, Waters NC",455,2,13,2014,2008,NA,Vanuatu,Oceania,15.38461538,dhps 437G
"Mohapatra PK, Sarma DK, Prakash A, Bora K, Ahmed MA, Sarma B, Goswami BK, Bhattacharyya DR, Mahanta J",456,68,103,2014,2006,0.074836536,India,Asia,66.01941748,dhps 437G
"Mohapatra PK, Sarma DK, Prakash A, Bora K, Ahmed MA, Sarma B, Goswami BK, Bhattacharyya DR, Mahanta J",456,35,70,2014,2006,0.061509339,India,Asia,50,dhps 437G
"Mishra N, Kaitholia K, Srivastava B, Shah NK, Narayan JP, Dev V, Phookan S, Anvikar AR, Rana R, Bharti RS, Sonal GS, Dhariwal AC, Valecha N",458,144,155,2014,2012,NA,India,Asia,92.90322581,dhps 437G
"Juma DW, Omondi AA, Ingasia L, Opot B, Cheruiyot A, Yeda R, Okudo C, Cheruiyot J, Muiruri P, Ngalah B, Chebon LJ, Eyase F, Johnson J, Bulimo WD, Akala HM, Andagalu B, Kamau E",459,14,14,2014,2008,1.139267161,Kenya,East Africa,100,dhps 437G
"Juma DW, Omondi AA, Ingasia L, Opot B, Cheruiyot A, Yeda R, Okudo C, Cheruiyot J, Muiruri P, Ngalah B, Chebon LJ, Eyase F, Johnson J, Bulimo WD, Akala HM, Andagalu B, Kamau E",459,18,18,2014,2009,0.881263521,Kenya,East Africa,100,dhps 437G
"Juma DW, Omondi AA, Ingasia L, Opot B, Cheruiyot A, Yeda R, Okudo C, Cheruiyot J, Muiruri P, Ngalah B, Chebon LJ, Eyase F, Johnson J, Bulimo WD, Akala HM, Andagalu B, Kamau E",459,17,19,2014,2010,0.845160615,Kenya,East Africa,89.47368421,dhps 437G
"Juma DW, Omondi AA, Ingasia L, Opot B, Cheruiyot A, Yeda R, Okudo C, Cheruiyot J, Muiruri P, Ngalah B, Chebon LJ, Eyase F, Johnson J, Bulimo WD, Akala HM, Andagalu B, Kamau E",459,23,29,2014,2010,1.002324466,Kenya,East Africa,79.31034483,dhps 437G
"Juma DW, Omondi AA, Ingasia L, Opot B, Cheruiyot A, Yeda R, Okudo C, Cheruiyot J, Muiruri P, Ngalah B, Chebon LJ, Eyase F, Johnson J, Bulimo WD, Akala HM, Andagalu B, Kamau E",459,19,19,2014,2011,0.962124299,Kenya,East Africa,100,dhps 437G
"Juma DW, Omondi AA, Ingasia L, Opot B, Cheruiyot A, Yeda R, Okudo C, Cheruiyot J, Muiruri P, Ngalah B, Chebon LJ, Eyase F, Johnson J, Bulimo WD, Akala HM, Andagalu B, Kamau E",459,16,21,2014,2011,0.838923454,Kenya,East Africa,76.19047619,dhps 437G
"Juma DW, Omondi AA, Ingasia L, Opot B, Cheruiyot A, Yeda R, Okudo C, Cheruiyot J, Muiruri P, Ngalah B, Chebon LJ, Eyase F, Johnson J, Bulimo WD, Akala HM, Andagalu B, Kamau E",459,19,19,2014,2012,1.251781732,Kenya,East Africa,100,dhps 437G
"Juma DW, Omondi AA, Ingasia L, Opot B, Cheruiyot A, Yeda R, Okudo C, Cheruiyot J, Muiruri P, Ngalah B, Chebon LJ, Eyase F, Johnson J, Bulimo WD, Akala HM, Andagalu B, Kamau E",459,53,56,2014,2012,0.731999194,Kenya,East Africa,94.64285714,dhps 437G
"Tan KR, Katalenich BL, Mace KE, Nambozi M, Taylor SM, Meshnick SR, Wiegand RE, Chalwe V, Filler SJ, Kamuliwo M, Craig AS",460,62,84,2014,2010,NA,Zambia,Southern Africa,73.80952381,dhps 437G
"Geiger C, Compaore G, Coulibaly B, Sie A, Dittmer M, Sanchez C, Lanzer M, J<e4>nisch T",461,73,138,2014,2000,86.5098834,Burkina Faso,West Africa,52.89855072,dhps 437G
"Geiger C, Compaore G, Coulibaly B, Sie A, Dittmer M, Sanchez C, Lanzer M, J<e4>nisch T",461,190,245,2014,2009,66.71504974,Burkina Faso,West Africa,77.55102041,dhps 437G
"Geiger C, Compaore G, Coulibaly B, Sie A, Dittmer M, Sanchez C, Lanzer M, J<e4>nisch T",461,151,207,2014,2010,70.07732391,Burkina Faso,West Africa,72.9468599,dhps 437G
"Geiger C, Compaore G, Coulibaly B, Sie A, Dittmer M, Sanchez C, Lanzer M, J<e4>nisch T",461,178,222,2014,2011,71.03868723,Burkina Faso,West Africa,80.18018018,dhps 437G
"Geiger C, Compaore G, Coulibaly B, Sie A, Dittmer M, Sanchez C, Lanzer M, J<e4>nisch T",461,65,79,2014,2012,70.33112049,Burkina Faso,West Africa,82.27848101,dhps 437G
"Matondo SI, Temba GS, Kavishe AA, Kauki JS, Kalinga A, van Zwetselaar M, Reyburn H, Kavishe RA",462,36,64,2014,2010,15.08151293,Tanzania,East Africa,56.25,dhps 437G
"Matondo SI, Temba GS, Kavishe AA, Kauki JS, Kalinga A, van Zwetselaar M, Reyburn H, Kavishe RA",462,72,96,2014,2010,21.79097533,Tanzania,East Africa,75,dhps 437G
"Matondo SI, Temba GS, Kavishe AA, Kauki JS, Kalinga A, van Zwetselaar M, Reyburn H, Kavishe RA",462,116,116,2014,2010,11.99420169,Tanzania,East Africa,100,dhps 437G
"Guerra M, Neres R, Salgueiro P, Mendes C, Ndong-Mabale N, Berzosa P, de Sousa B, Arez AP",475,77,110,2017,2013,42.14911163,Equatorial Guinea,Central Africa,70,dhps 437G
"Guerra M, Neres R, Salgueiro P, Mendes C, Ndong-Mabale N, Berzosa P, de Sousa B, Arez AP",475,39,44,2017,2013,32.61892498,Equatorial Guinea,Central Africa,88.63636364,dhps 437G
"Lau TY, Sylvi M, William T",477,21,22,2013,2010,NA,Malaysia,SEA,95.45454545,dhps 437G
"Ogouy<e8>mi-Hounto A, Ndam NT, Fad<e9>gnon G, Azagnandji C, Bello M, Moussiliou A, Chippaux JP, Kinde Gazard D, Massougbodji A",478,47,192,2013,2012,24.39884096,Benin,West Africa,24.47916667,dhps 437G
"Hailemeskel E, Kassa M, Taddesse G, Mohammed H, Woyessa A, Tasew G, Sleshi M, Kebede A, Petros B",479,58,61,2013,2005,NA,Ethiopia,East Africa,95.08196721,dhps 437G
"Hailemeskel E, Kassa M, Taddesse G, Mohammed H, Woyessa A, Tasew G, Sleshi M, Kebede A, Petros B",479,76,78,2013,2008,NA,Ethiopia,East Africa,97.43589744,dhps 437G
"Ndiaye YD, Di<e9>dhiou CK, Bei AK, Dieye B, Mbaye A, Mze NP, Daniels RF, Ndiaye IM, D<e9>me AB, Gaye A, Sy M, Ndiaye T, Badiane AS, Ndiaye M, Premji Z, Wirth DF, Mboup S, Krogstad D, Volkman SK, Ahouidi AD, Ndiaye D",481,28,50,2017,2011,3.156097606,Senegal,West Africa,56,dhps 437G
"Ndiaye YD, Di<e9>dhiou CK, Bei AK, Dieye B, Mbaye A, Mze NP, Daniels RF, Ndiaye IM, D<e9>me AB, Gaye A, Sy M, Ndiaye T, Badiane AS, Ndiaye M, Premji Z, Wirth DF, Mboup S, Krogstad D, Volkman SK, Ahouidi AD, Ndiaye D",481,17,50,2017,2003,NA,Tanzania,East Africa,34,dhps 437G
"Som<e9> AF, Sorgho H, Zongo I, Bazi<e9> T, Niki<e9>ma F, Sawadogo A, Zongo M, Compaor<e9> YD, Ou<e9>draogo JB",497,148,236,2016,2012,25.34275353,Burkina Faso,West Africa,62.71186441,dhps 437G
"Norahmad NA, Mohd Abd Razak MR, Abdullah NR, Sastu UR, Imwong M, Muniandy PK, Saat MN, Muhammad A, Jelip J, Tikuson M, Yusof N, Rundi C, Mudin RN, Syed Mohamed AF",499,29,29,2016,2011,4.57E-04,Malaysia,SEA,100,dhps 437G
"Maiga H, Lasry E, Diarra M, Sagara I, Bamadio A, Traore A, Coumare S, Bahonan S, Sangare B, Dicko Y, Diallo N, Tembely A, Traore D, Niangaly H, Dao F, Haidara A, Dicko A, Doumbo OK, Djimde AA",500,117,191,NA,2012,43.773669,Mali,West Africa,61.2565445,dhps 437G
"Maiga H, Lasry E, Diarra M, Sagara I, Bamadio A, Traore A, Coumare S, Bahonan S, Sangare B, Dicko Y, Diallo N, Tembely A, Traore D, Niangaly H, Dao F, Haidara A, Dicko A, Doumbo OK, Djimde AA",500,125,177,NA,2014,37.16340959,Mali,West Africa,70.62146893,dhps 437G
"Kateera F, Nsobya SL, Tukwasibwe S, Hakizimana E, Mutesa L, Mens PF, Grobusch MP, van Vugt M, Kumar N",502,154,184,2016,2015,6.623948365,Rwanda,East Africa,83.69565217,dhps 437G
"Kateera F, Nsobya SL, Tukwasibwe S, Hakizimana E, Mutesa L, Mens PF, Grobusch MP, van Vugt M, Kumar N",502,141,180,2016,2015,2.504286729,Rwanda,East Africa,78.33333333,dhps 437G
"Morton LC, Huber C, Okoth SA, Griffing S, Lucchi N, Ljolje D, Boncy J, Oscar R, Townes D, McMorrow M, Chang MA, Udhayakumar V, Barnwell JW",510,1,108,2016,2010,0.59213182,Haiti,Caribbean,0.925925926,dhps 437G
"Moussiliou A, De Tove YS, Doritchamou J, Luty AJ, Massougbodji A, Alifrangis M, Deloron P, Ndam NT",512,199,212,2013,2008,NA,Benin,West Africa,93.86792453,dhps 437G
"Boussaroque A, Fall B, Madamet M, Wade KA, Fall M, Nakoulima A, Fall KB, Dionne P, Benoit N, Diatta B, Diem<e9> Y, Wade B, Pradines B",515,42,89,2016,2013,2.808528021,Senegal,West Africa,47.19101124,dhps 437G
"Alareqi LM, Mahdy MA, Lau YL, Fong MY, Abdul-Ghani R, Mahmud R",516,0,45,2016,2013,0.016431564,Yemen,Asia,0,dhps 437G
"Abdullah NR, Norahmad NA, Jelip J, Sulaiman LH, Mohd Sidek H, Ismail Z, Noedl H",519,31,31,2013,2008,NA,Malaysia,SEA,100,dhps 437G
"Ndiaye M, Tine R, Faye B, Ndiaye JL, Lo AC, Sylla K, Abiola A, Dieng Y, Ndiaye D, Hallett R, Gaye O, Alifrangis M",520,25,56,2013,2009,NA,Senegal,West Africa,44.64285714,dhps 437G
"Ndiaye M, Tine R, Faye B, Ndiaye JL, Lo AC, Sylla K, Abiola A, Dieng Y, Ndiaye D, Hallett R, Gaye O, Alifrangis M",520,54,81,2013,2010,NA,Senegal,West Africa,66.66666667,dhps 437G
"Zhang Y, Yan H, Wei G, Han S, Huang Y, Zhang Q, Pan W",523,7,37,2014,2003,NA,China,Asia,18.91891892,dhps 437G
"Zhang Y, Yan H, Wei G, Han S, Huang Y, Zhang Q, Pan W",523,10,50,2014,2003,NA,China,Asia,20,dhps 437G
"Zhang Y, Yan H, Wei G, Han S, Huang Y, Zhang Q, Pan W",523,86,92,2014,2003,NA,China,Asia,93.47826087,dhps 437G
"Zhang Y, Yan H, Wei G, Han S, Huang Y, Zhang Q, Pan W",523,74,78,2014,2003,NA,China,Asia,94.87179487,dhps 437G
"Zhang Y, Yan H, Wei G, Han S, Huang Y, Zhang Q, Pan W",523,3,32,2014,2003,NA,China,Asia,9.375,dhps 437G
"Zhang Y, Yan H, Wei G, Han S, Huang Y, Zhang Q, Pan W",523,60,60,2014,2003,NA,China,Asia,100,dhps 437G
"Das S, Chakraborty SP, Hati A, Roy S",524,86,176,2013,2008,0.076739519,India,Asia,48.86363636,dhps 437G
"Taylor SM, Antonia AL, Parobek CM, Juliano JJ, Janko M, Emch M, Alam MT, Udhayakumar V, Tshefu AK, Meshnick SR",525,66,151,2013,2007,21.40135914,Democratic Republic of the Congo,Central Africa,43.70860927,dhps 437G
"Pearce RJ, Ord R, Kaur H, Lupala C, Schellenberg J, Shirima K, Manzi F, Alonso P, Tanner M, Mshinda H, Roper C, Schellenberg D",528,186,499,2013,2004,9.699380398,Tanzania,East Africa,37.2745491,dhps 437G
"Pearce RJ, Ord R, Kaur H, Lupala C, Schellenberg J, Shirima K, Manzi F, Alonso P, Tanner M, Mshinda H, Roper C, Schellenberg D",528,286,509,2013,2006,8.89120549,Tanzania,East Africa,56.18860511,dhps 437G
"Pearce RJ, Ord R, Kaur H, Lupala C, Schellenberg J, Shirima K, Manzi F, Alonso P, Tanner M, Mshinda H, Roper C, Schellenberg D",528,95,194,2013,2007,9.232383221,Tanzania,East Africa,48.96907216,dhps 437G
"Hern<e1>ndez DC, Guerra AP, Cucunub<e1> ZM, Nicholls RS, Barrera SM",529,10,58,2013,2006,3.956342489,Colombia,South America,17.24137931,dhps 437G
"Hern<e1>ndez DC, Guerra AP, Cucunub<e1> ZM, Nicholls RS, Barrera SM",529,84,122,2013,2006,0.025584651,Colombia,South America,68.85245902,dhps 437G
"Griffing SM, Viana GM, Mixson-Hayden T, Sridaran S, Alam MT, de Oliveira AM, Barnwell JW, Escalante AA, Povoa MM, Udhayakumar V",530,5,5,2013,1983,NA,Brazil,South America,100,dhps 437G
"Griffing SM, Viana GM, Mixson-Hayden T, Sridaran S, Alam MT, de Oliveira AM, Barnwell JW, Escalante AA, Povoa MM, Udhayakumar V",530,2,2,2013,1983,NA,Brazil,South America,100,dhps 437G
"Griffing SM, Viana GM, Mixson-Hayden T, Sridaran S, Alam MT, de Oliveira AM, Barnwell JW, Escalante AA, Povoa MM, Udhayakumar V",530,12,12,2013,1983,NA,Brazil,South America,100,dhps 437G
"Griffing SM, Viana GM, Mixson-Hayden T, Sridaran S, Alam MT, de Oliveira AM, Barnwell JW, Escalante AA, Povoa MM, Udhayakumar V",530,8,8,2013,1985,NA,Brazil,South America,100,dhps 437G
"Griffing SM, Viana GM, Mixson-Hayden T, Sridaran S, Alam MT, de Oliveira AM, Barnwell JW, Escalante AA, Povoa MM, Udhayakumar V",530,2,2,2013,1984,NA,Brazil,South America,100,dhps 437G
"Lin JT, Mbewe B, Taylor SM, Luntamo M, Meshnick SR, Ashorn P",531,79,88,2013,2003,NA,Malawi,Southern Africa,89.77272727,dhps 437G
"Zongo I, Milligan P, Compaore YD, Some AF, Greenwood B, Tarning J, Rosenthal PJ, Sutherland C, Nosten F, Ouedraogo JB",532,48,64,2015,2009,29.34296429,Burkina Faso,West Africa,75,dhps 437G
"Iwalokun BA, Iwalokun SO, Adebodun V, Balogun M",534,3,40,2015,2011,NA,Nigeria,West Africa,7.5,dhps 437G
"Mbonye AK, Birungi J, Yanow SK, Shokoples S, Malamba S, Alifrangis M, Magnussen P",535,116,117,2015,2010,NA,Uganda,East Africa,99.14529915,dhps 437G
"Chauvin P, Menard S, Iriart X, Nsango SE, Tchioffo MT, Abate L, Awono-Amb<e9>n<e9> PH, Morlais I, Berry A",536,39,51,2015,2010,13.16192001,Cameroon,Central Africa,76.47058824,dhps 437G
"Gutman J, Mwandama D, Wiegand RE, Abdallah J, Iriemenam NC, Shi YP, Mathanga DP, Skarbinski J",537,219,225,2015,2010,NA,Malawi,Southern Africa,97.33333333,dhps 437G
"Oguike MC, Falade CO, Shu E, Enato IG, Watila I, Baba ES, Bruce J, Webster J, Hamade P, Meek S, Chandramohan D, Sutherland CJ, Warhurst D, Roper C",553,36,36,2016,2003,32.83747435,Nigeria,West Africa,100,dhps 437G
"Oguike MC, Falade CO, Shu E, Enato IG, Watila I, Baba ES, Bruce J, Webster J, Hamade P, Meek S, Chandramohan D, Sutherland CJ, Warhurst D, Roper C",553,183,198,2016,2007,34.60164964,Nigeria,West Africa,92.42424242,dhps 437G
"Oguike MC, Falade CO, Shu E, Enato IG, Watila I, Baba ES, Bruce J, Webster J, Hamade P, Meek S, Chandramohan D, Sutherland CJ, Warhurst D, Roper C",553,92,95,2016,2014,22.89843261,Nigeria,West Africa,96.84210526,dhps 437G
"Oguike MC, Falade CO, Shu E, Enato IG, Watila I, Baba ES, Bruce J, Webster J, Hamade P, Meek S, Chandramohan D, Sutherland CJ, Warhurst D, Roper C",553,32,38,2016,2010,NA,Nigeria,West Africa,84.21052632,dhps 437G
"Das MK, Chetry S, Kalita MC, Dutta P",554,30,49,2016,2014,6.225283071,India,Asia,61.2244898,dhps 437G
"Das MK, Chetry S, Kalita MC, Dutta P",554,36,45,2016,2014,NA,India,Asia,80,dhps 437G
"Das MK, Chetry S, Kalita MC, Dutta P",554,31,31,2016,2014,NA,India,Asia,100,dhps 437G
"Ravenhall M, Benavente ED, Mipando M, Jensen AT, Sutherland CJ, Roper C, Sep<fa>lveda N, Kwiatkowski DP, Montgomery J, Phiri KS, Terlouw A, Craig A, Campino S, Ocholla H, Clark TG",555,220,220,2016,2010,16.92467332,Malawi,Southern Africa,100,dhps 437G
"Zeng W, Bai Y, Wang M, Wang Z, Deng S, Ruan Y, Feng S, Yang Z, Cui L",556,18,31,2017,2008,2.346665785,Myanmar,SEA,58.06451613,dhps 437G
"Zeng W, Bai Y, Wang M, Wang Z, Deng S, Ruan Y, Feng S, Yang Z, Cui L",556,29,31,2017,2008,0.487374235,Myanmar,SEA,93.5483871,dhps 437G
"Berzosa P, Esteban-Cantos A, Garc<ed>a L, Gonz<e1>lez V, Navarro M, Fern<e1>ndez T, Romay-Barja M, Herrador Z, Rubio JM, Ncogo P, Santana-Morales M, Valladares B, Riloha M, Benito A",557,220,244,2017,2013,24.22609776,Equatorial Guinea,Central Africa,90.16393443,dhps 437G
"Jovel IT, Bj<f6>rkman A, Roper C, M<e5>rtensson A, Ursing J",561,0,40,2017,1978,NA,Liberia,West Africa,0,dhps 437G
"Ould Ahmedou Salem MS, Mint Lekweiry K, Bouchiba H, Pascual A, Pradines B, Ould Mohamed Salem Boukhary A, Briolant S, Basco LK, Bogreau H",564,10,53,2017,2010,3.889230266,Mauritania,West Africa,18.86792453,dhps 437G
"Ould Ahmedou Salem MS, Mint Lekweiry K, Bouchiba H, Pascual A, Pradines B, Ould Mohamed Salem Boukhary A, Briolant S, Basco LK, Bogreau H",564,18,126,2017,2010,3.69855091,Mauritania,West Africa,14.28571429,dhps 437G
"Ould Ahmedou Salem MS, Mint Lekweiry K, Bouchiba H, Pascual A, Pradines B, Ould Mohamed Salem Boukhary A, Briolant S, Basco LK, Bogreau H",564,32,84,2017,2010,3.528710455,Mauritania,West Africa,38.0952381,dhps 437G
"Nag S, Dalgaard MD, Kofoed PE, Ursing J, Crespo M, Andersen LO, Aarestrup FM, Lund O, Alifrangis M",567,211,316,2017,2014,2.868559584,Guinea-Bissau,West Africa,66.7721519,dhps 437G
"Mbaye A, Gaye A, Dieye B, Ndiaye YD, Bei AK, Affara M, Deme AB, Yade MS, Diongue K, Ndiaye IM, Ndiaye T, Sy M, Sy N, Koita O, Krogstad DJ, Volkman S, Nwakanma D, Ndiaye D",570,24,54,2017,2014,3.427685425,Senegal,West Africa,44.44444444,dhps 437G
"Diawara F, Steinhardt LC, Mahamar A, Traore T, Kone DT, Diawara H, Kamate B, Kone D, Diallo M, Sadou A, Mihigo J, Sagara I, Djimde AA, Eckert E, Dicko A",572,20,48,2017,2014,45.00828385,Mali,West Africa,41.66666667,dhps 437G
"Diawara F, Steinhardt LC, Mahamar A, Traore T, Kone DT, Diawara H, Kamate B, Kone D, Diallo M, Sadou A, Mihigo J, Sagara I, Djimde AA, Eckert E, Dicko A",572,23,56,2017,2014,35.85107923,Mali,West Africa,41.07142857,dhps 437G
"Conrad MD, Mota D, Foster M, Tukwasibwe S, Legac J, Tumwebaze P, Whalen M, Kakuru A, Nayebare P, Wallender E, Havlir DV, Jagannathan P, Huang L, Aweeka F, Kamya MR, Dorsey G, Rosenthal PJ",573,203,204,2017,2015,29.91955876,Uganda,East Africa,99.50980392,dhps 437G
"Baraka V, Delgado-Ratto C, Nag S, Ishengoma DS, Madebe RA, Mavoko HM, Nabasumba C, Lutumba P, Alifrangis M, Van Geertruyden JP",575,37,37,2017,2012,19.28622276,Democratic Republic of the Congo,Central Africa,100,dhps 437G
"Baraka V, Delgado-Ratto C, Nag S, Ishengoma DS, Madebe RA, Mavoko HM, Nabasumba C, Lutumba P, Alifrangis M, Van Geertruyden JP",575,37,41,2017,2014,12.08738089,Tanzania,East Africa,90.24390244,dhps 437G
"Baraka V, Delgado-Ratto C, Nag S, Ishengoma DS, Madebe RA, Mavoko HM, Nabasumba C, Lutumba P, Alifrangis M, Van Geertruyden JP",575,62,62,2017,2012,NA,Uganda,East Africa,100,dhps 437G
"Chatterjee M, Ganguly S, Saha P, Guha SK, Maji AK",576,26,113,2017,2014,0.061280309,India,Asia,23.00884956,dhps 437G
"Desai M, Gutman J, Taylor SM, Wiegand RE, Khairallah C, Kayentao K, Ouma P, Coulibaly SO, Kalilani L, Mace KE, Arinaitwe E, Mathanga DP, Doumbo O, Otieno K, Edgar D, Chaluluka E, Kamuliwo M, Ades V, Skarbinski J, Shi YP, Magnussen P, Meshnick S, Ter Kuile FO",585,36,130,2016,2009,NA,Mali,West Africa,27.69230769,dhps 437G
"Chenet SM, Okoth SA, Kelley J, Lucchi N, Huber CS, Vreden S, Macedo de Oliveira A, Barnwell JW, Udhayakumar V, Adhin MR",589,38,38,2017,2013,0,Suriname,South America,100,dhps 437G
"Tumwebaze P, Tukwasibwe S, Taylor A, Conrad M, Ruhamyankaka E, Asua V, Walakira A, Nankabirwa J, Yeka A, Staedke SG, Greenhouse B, Nsobya SL, Kamya MR, Dorsey G, Rosenthal PJ",591,56,56,2017,2012,7.849647105,Uganda,East Africa,100,dhps 437G
"Tumwebaze P, Tukwasibwe S, Taylor A, Conrad M, Ruhamyankaka E, Asua V, Walakira A, Nankabirwa J, Yeka A, Staedke SG, Greenhouse B, Nsobya SL, Kamya MR, Dorsey G, Rosenthal PJ",591,35,35,2017,2012,50.73883533,Uganda,East Africa,100,dhps 437G
"Tumwebaze P, Tukwasibwe S, Taylor A, Conrad M, Ruhamyankaka E, Asua V, Walakira A, Nankabirwa J, Yeka A, Staedke SG, Greenhouse B, Nsobya SL, Kamya MR, Dorsey G, Rosenthal PJ",591,237,263,2017,2012,61.95163131,Uganda,East Africa,90.11406844,dhps 437G
"Tumwebaze P, Tukwasibwe S, Taylor A, Conrad M, Ruhamyankaka E, Asua V, Walakira A, Nankabirwa J, Yeka A, Staedke SG, Greenhouse B, Nsobya SL, Kamya MR, Dorsey G, Rosenthal PJ",591,50,50,2017,2013,7.722874731,Uganda,East Africa,100,dhps 437G
"Tumwebaze P, Tukwasibwe S, Taylor A, Conrad M, Ruhamyankaka E, Asua V, Walakira A, Nankabirwa J, Yeka A, Staedke SG, Greenhouse B, Nsobya SL, Kamya MR, Dorsey G, Rosenthal PJ",591,41,41,2017,2013,38.49323094,Uganda,East Africa,100,dhps 437G
"Tumwebaze P, Tukwasibwe S, Taylor A, Conrad M, Ruhamyankaka E, Asua V, Walakira A, Nankabirwa J, Yeka A, Staedke SG, Greenhouse B, Nsobya SL, Kamya MR, Dorsey G, Rosenthal PJ",591,181,185,2017,2013,51.93749666,Uganda,East Africa,97.83783784,dhps 437G
"Tumwebaze P, Tukwasibwe S, Taylor A, Conrad M, Ruhamyankaka E, Asua V, Walakira A, Nankabirwa J, Yeka A, Staedke SG, Greenhouse B, Nsobya SL, Kamya MR, Dorsey G, Rosenthal PJ",591,101,117,2017,2015,8.142995089,Uganda,East Africa,86.32478632,dhps 437G
"Tumwebaze P, Tukwasibwe S, Taylor A, Conrad M, Ruhamyankaka E, Asua V, Walakira A, Nankabirwa J, Yeka A, Staedke SG, Greenhouse B, Nsobya SL, Kamya MR, Dorsey G, Rosenthal PJ",591,30,33,2017,2015,29.47316468,Uganda,East Africa,90.90909091,dhps 437G
"Barnadas C, Senn N, Iga J, Timinao L, Javati S, Malau E, Rarau P, Reeder JC, Siba P, Karunajeewa H, Zimmerman PA, Davis TM, Mueller I",592,19,63,2014,2006,0.015301065,Papua New Guinea,Oceania,30.15873016,dhps 437G
"Obaldia N, Baro NK, Calzada JE, Santamaria AM, Daniels R, Wong W, Chang HH, Hamilton EJ, Arevalo-Herrera M, Herrera S, Wirth DF, Hartl DL, Marti M, Volkman SK",595,0,5,2015,2011,4.232206941,Colombia,South America,0,dhps 437G
"Obaldia N, Baro NK, Calzada JE, Santamaria AM, Daniels R, Wong W, Chang HH, Hamilton EJ, Arevalo-Herrera M, Herrera S, Wirth DF, Hartl DL, Marti M, Volkman SK",595,2,9,2015,2011,0.016108825,Colombia,South America,22.22222222,dhps 437G
"Obaldia N, Baro NK, Calzada JE, Santamaria AM, Daniels R, Wong W, Chang HH, Hamilton EJ, Arevalo-Herrera M, Herrera S, Wirth DF, Hartl DL, Marti M, Volkman SK",595,1,5,2015,2011,2.071360126,Colombia,South America,20,dhps 437G
"Obaldia N, Baro NK, Calzada JE, Santamaria AM, Daniels R, Wong W, Chang HH, Hamilton EJ, Arevalo-Herrera M, Herrera S, Wirth DF, Hartl DL, Marti M, Volkman SK",595,15,15,2015,2003,0,Panama,Central America,100,dhps 437G
"Obaldia N, Baro NK, Calzada JE, Santamaria AM, Daniels R, Wong W, Chang HH, Hamilton EJ, Arevalo-Herrera M, Herrera S, Wirth DF, Hartl DL, Marti M, Volkman SK",595,15,17,2015,2003,1.75E-05,Panama,Central America,88.23529412,dhps 437G
"Obaldia N, Baro NK, Calzada JE, Santamaria AM, Daniels R, Wong W, Chang HH, Hamilton EJ, Arevalo-Herrera M, Herrera S, Wirth DF, Hartl DL, Marti M, Volkman SK",595,5,5,2015,2003,1.49E-05,Panama,Central America,100,dhps 437G
"Esu E, Tacoli C, Gai P, Berens-Riha N, Pritsch M, Loescher T, Meremikwu M",598,27,28,2018,2013,NA,Nigeria,West Africa,96.42857143,dhps 437G
"Gupta H, Macete E, Bulo H, Salvador C, Warsame M, Carvalho E, M<e9>nard D, Ringwald P, Bassat Q, Enosse S, Mayor A",599,51,87,2018,2015,24.99049455,Mozambique,Southern Africa,58.62068966,dhps 437G
"Gupta H, Macete E, Bulo H, Salvador C, Warsame M, Carvalho E, M<e9>nard D, Ringwald P, Bassat Q, Enosse S, Mayor A",599,77,88,2018,2015,15.18557966,Mozambique,Southern Africa,87.5,dhps 437G
"Gupta H, Macete E, Bulo H, Salvador C, Warsame M, Carvalho E, M<e9>nard D, Ringwald P, Bassat Q, Enosse S, Mayor A",599,79,87,2018,2015,9.647319466,Mozambique,Southern Africa,90.8045977,dhps 437G
"Gupta H, Macete E, Bulo H, Salvador C, Warsame M, Carvalho E, M<e9>nard D, Ringwald P, Bassat Q, Enosse S, Mayor A",599,82,89,2018,2015,11.83382049,Mozambique,Southern Africa,92.13483146,dhps 437G
"Patel P, Bharti PK, Bansal D, Ali NA, Raman RK, Mohapatra PK, Sehgal R, Mahanta J, Sultan AA, Singh N",605,9,163,2017,2013,1.631412841,India,Asia,5.521472393,dhps 437G
"Suttipat Srisutham, Nguyen Than Thuy-Nhien, Ranitha Vongpromek, Teeradet Khomvarn, Mayfong Mayxay, Olivo Miotto, Francois Nosten, Frank Smithuis, Rob van der Pluijm, Lorenz von Seidlein, Carol H Sibley, Philippe J. Gu<e9>rin, Nicholas P. J. Day, Arjen Dondorp, Mehul Dhorda, Mallika Imwong",607,79,185,2016,2016,16.04759842,Chad,Central Africa,42.7027027,dhps 437G
"Hemming-Schroeder E, Umukoro E, Lo E, Fung B, Tomás-Domingo P, Zhou G, Zhong D, Dixit A, Atieli H, Githeko A, Vardo-Zalik A, Yan G.",614,27,33,2018,2003,58.67223144,Kenya,East Africa,81.81818182,dhps 437G
"Hemming-Schroeder E, Umukoro E, Lo E, Fung B, Tomás-Domingo P, Zhou G, Zhong D, Dixit A, Atieli H, Githeko A, Vardo-Zalik A, Yan G.",614,49,53,2018,2003,60.80369353,Kenya,East Africa,92.45283019,dhps 437G
"Hemming-Schroeder E, Umukoro E, Lo E, Fung B, Tomás-Domingo P, Zhou G, Zhong D, Dixit A, Atieli H, Githeko A, Vardo-Zalik A, Yan G.",614,61,73,2018,2005,29.84546125,Kenya,East Africa,83.56164384,dhps 437G
"Hemming-Schroeder E, Umukoro E, Lo E, Fung B, Tomás-Domingo P, Zhou G, Zhong D, Dixit A, Atieli H, Githeko A, Vardo-Zalik A, Yan G.",614,106,109,2018,2005,19.98243779,Kenya,East Africa,97.24770642,dhps 437G
"Hemming-Schroeder E, Umukoro E, Lo E, Fung B, Tomás-Domingo P, Zhou G, Zhong D, Dixit A, Atieli H, Githeko A, Vardo-Zalik A, Yan G.",614,152,194,2018,2008,17.35485345,Kenya,East Africa,78.35051546,dhps 437G
"Hemming-Schroeder E, Umukoro E, Lo E, Fung B, Tomás-Domingo P, Zhou G, Zhong D, Dixit A, Atieli H, Githeko A, Vardo-Zalik A, Yan G.",614,90,93,2018,2015,19.11586225,Kenya,East Africa,96.77419355,dhps 437G
"Hemming-Schroeder E, Umukoro E, Lo E, Fung B, Tomás-Domingo P, Zhou G, Zhong D, Dixit A, Atieli H, Githeko A, Vardo-Zalik A, Yan G.",614,31,40,2018,2015,11.93156317,Kenya,East Africa,77.5,dhps 437G
"Grais RF, Laminou IM, Woi-Messe L, Makarimi R, Bouriema SH, Langendorf C, Amambua-Ngwa A, D'Alessandro U, Guérin PJ, Fandeur T, Sibley CH.",615,89,108,2018,2011,16.22333229,Niger,West Africa,82.40740741,dhps 437G
"Moyeh MN, Njimoh DL, Evehe MS, Ali IM, Nji AM, Nkafu DN, Masumbe PN, Barbara AT, Ndikum VN, Mbacham WF.",631,195,225,2018,2003,59.85939503,Cameroon,Central Africa,86.66666667,dhps 437G
"Moyeh MN, Njimoh DL, Evehe MS, Ali IM, Nji AM, Nkafu DN, Masumbe PN, Barbara AT, Ndikum VN, Mbacham WF.",631,216,240,2018,2009,26.94547772,Cameroon,Central Africa,90,dhps 437G
"Smith SJ, Kamara ARY, Sahr F, Samai M, Swaray AS, Menard D, Warsame M.",632,99,114,2018,2016,NA,Sierra Leone,West Africa,86.84210526,dhps 437G
"Smith SJ, Kamara ARY, Sahr F, Samai M, Swaray AS, Menard D, Warsame M.",632,88,117,2018,2016,NA,Sierra Leone,West Africa,75.21367521,dhps 437G
"Smith SJ, Kamara ARY, Sahr F, Samai M, Swaray AS, Menard D, Warsame M.",632,53,64,2018,2016,NA,Sierra Leone,West Africa,82.8125,dhps 437G
"Osarfo J, Tagbor H, Magnussen P, Alifrangis M.",656,140,147,2018,2011,31.93092942,Ghana,West Africa,95.23809524,dhps 437G
NA,705,4,4,NA,2016,NA,South Africa,Southern Africa,100,dhps 437G
NA,705,98,108,NA,2017,NA,South Africa,Southern Africa,90.74074074,dhps 437G
NA,705,50,53,NA,2018,NA,South Africa,Southern Africa,94.33962264,dhps 437G
"Voumbo-Matoumona DF, Akiana J, Madamet M, Kouna LC, Lekana-Douki JB, Pradines B.",712,1,8,2018,2010,4.74637337,Congo,Central Africa,12.5,dhps 437G
"Voumbo-Matoumona DF, Akiana J, Madamet M, Kouna LC, Lekana-Douki JB, Pradines B.",712,7,8,2018,2013,14.35489357,Congo,Central Africa,87.5,dhps 437G
"Voumbo-Matoumona DF, Akiana J, Madamet M, Kouna LC, Lekana-Douki JB, Pradines B.",712,2,3,2018,2015,10.97750068,Congo,Central Africa,66.66666667,dhps 437G
"Nkoli Mandoko P, Rouvier F, Matendo Kakina L, Moke Mbongi D, Latour C, Losimba Likwela J, Ngoyi Mumba D, Bi Shamamba SK, Tamfum Muyembe JJ, Muepu Tshilolo L, Parzy D, Sinou V.",713,382,390,2018,2014,NA,Democratic Republic of the Congo,Central Africa,97.94871795,dhps 437G
"Nkoli Mandoko P, Rouvier F, Matendo Kakina L, Moke Mbongi D, Latour C, Losimba Likwela J, Ngoyi Mumba D, Bi Shamamba SK, Tamfum Muyembe JJ, Muepu Tshilolo L, Parzy D, Sinou V.",713,299,311,2018,2014,NA,Democratic Republic of the Congo,Central Africa,96.1414791,dhps 437G
"Nkoli Mandoko P, Rouvier F, Matendo Kakina L, Moke Mbongi D, Latour C, Losimba Likwela J, Ngoyi Mumba D, Bi Shamamba SK, Tamfum Muyembe JJ, Muepu Tshilolo L, Parzy D, Sinou V.",713,319,326,2018,2014,NA,Democratic Republic of the Congo,Central Africa,97.85276074,dhps 437G
"Nkoli Mandoko P, Rouvier F, Matendo Kakina L, Moke Mbongi D, Latour C, Losimba Likwela J, Ngoyi Mumba D, Bi Shamamba SK, Tamfum Muyembe JJ, Muepu Tshilolo L, Parzy D, Sinou V.",713,404,408,2018,2014,NA,Democratic Republic of the Congo,Central Africa,99.01960784,dhps 437G
"Das S, Manna S, Saha B, Hati AK, Roy S.",716,167,226,2018,2014,0.049592723,India,Asia,73.89380531,dhps 437G
"Yaqoob A, Khattak AA, Nadeem MF, Fatima H, Mbambo G, Ouattara A, Adams M, Zeeshan N, Takala-Harrison S.",717,30,90,2018,2016,0.162209128,Pakistan,Asia,33.33333333,dhps 437G
"Yaqoob A, Khattak AA, Nadeem MF, Fatima H, Mbambo G, Ouattara A, Adams M, Zeeshan N, Takala-Harrison S.",717,46,52,2018,2016,NA,Pakistan,Asia,88.46153846,dhps 437G
"Yaqoob A, Khattak AA, Nadeem MF, Fatima H, Mbambo G, Ouattara A, Adams M, Zeeshan N, Takala-Harrison S.",717,9,88,2018,2016,NA,Pakistan,Asia,10.22727273,dhps 437G
"Yaqoob A, Khattak AA, Nadeem MF, Fatima H, Mbambo G, Ouattara A, Adams M, Zeeshan N, Takala-Harrison S.",717,6,57,2018,2016,NA,Pakistan,Asia,10.52631579,dhps 437G
Jean Bernard Lekana-Douki,722,4,4,2018,2011,7.172894478,Gabon,Central Africa,100,dhps 437G
Jean Bernard Lekana-Douki,722,10,12,2018,2013,11.52056009,Gabon,Central Africa,83.33333333,dhps 437G
Jean Bernard Lekana-Douki,722,13,19,2018,2013,10.85176542,Gabon,Central Africa,68.42105263,dhps 437G
Jean Bernard Lekana-Douki,722,19,22,2018,2013,11.8711412,Gabon,Central Africa,86.36363636,dhps 437G
Jean Bernard Lekana-Douki,722,5,10,2018,2014,15.19322544,Gabon,Central Africa,50,dhps 437G
Jean Bernard Lekana-Douki,722,18,22,2018,2014,13.41536939,Gabon,Central Africa,81.81818182,dhps 437G
Jean Bernard Lekana-Douki,722,5,7,2018,2014,14.92462605,Gabon,Central Africa,71.42857143,dhps 437G
"Tingting Jiang, Jiangtao Chen, Hongxia Fu, Kai Wu, Yi Yao, Juan Urbano Monsuy Eyi, Rocio Apicante Matesa, Maximo Miko Ondo Obono, Weixing Du, Huabing Tan, Min Lin,Jian Li",725,143,158,2019,2013,15.89104086,Equatorial Guinea,Central Africa,90.50632911,dhps 437G
"Ndiaye JLA, Ndiaye Y, Ba MS, Faye B, Ndiaye M, Seck A, Tine R, Thior PM, Atwal S, Beshir K, Sutherland C, Gaye O, Milligan P.",732,130,171,2019,2011,10.49475893,Senegal,West Africa,76.02339181,dhps 437G
"Juma DW, Muiruri P, Yuhas K, John-Stewart G, Ottichilo R, Waitumbi J, Singa B, Polyak C, Kamau E.",734,24,36,2019,2012,NA,Kenya,East Africa,66.66666667,dhps 437G
"Xu C, Sun H, Wei Q, Li J, Xiao T, Kong X, Wang Y, Zhao G, Wang L, Liu G, Yan G, Huang B, Yin K.",736,63,69,2019,2013,5.771196634,Angola,Southern Africa,91.30434783,dhps 437G
"Xu C, Sun H, Wei Q, Li J, Xiao T, Kong X, Wang Y, Zhao G, Wang L, Liu G, Yan G, Huang B, Yin K.",736,5,6,2019,2013,10.74301153,Cameroon,Central Africa,83.33333333,dhps 437G
"Xu C, Sun H, Wei Q, Li J, Xiao T, Kong X, Wang Y, Zhao G, Wang L, Liu G, Yan G, Huang B, Yin K.",736,12,12,2019,2013,19.13495511,Democratic Republic of the Congo,Central Africa,100,dhps 437G
"Xu C, Sun H, Wei Q, Li J, Xiao T, Kong X, Wang Y, Zhao G, Wang L, Liu G, Yan G, Huang B, Yin K.",736,73,80,2019,2013,26.07810497,Equatorial Guinea,Central Africa,91.25,dhps 437G
"Xu C, Sun H, Wei Q, Li J, Xiao T, Kong X, Wang Y, Zhao G, Wang L, Liu G, Yan G, Huang B, Yin K.",736,21,21,2019,2013,8.756301552,Ghana,West Africa,100,dhps 437G
"Xu C, Sun H, Wei Q, Li J, Xiao T, Kong X, Wang Y, Zhao G, Wang L, Liu G, Yan G, Huang B, Yin K.",736,13,13,2019,2013,NA,Guinea,West Africa,100,dhps 437G
"Xu C, Sun H, Wei Q, Li J, Xiao T, Kong X, Wang Y, Zhao G, Wang L, Liu G, Yan G, Huang B, Yin K.",736,17,17,2019,2013,6.333504617,Mozambique,Southern Africa,100,dhps 437G
"Xu C, Sun H, Wei Q, Li J, Xiao T, Kong X, Wang Y, Zhao G, Wang L, Liu G, Yan G, Huang B, Yin K.",736,33,36,2019,2013,20.08593827,Nigeria,West Africa,91.66666667,dhps 437G
"Patricia Mula, Amalia Fern<e1>ndez-Mart<ed>nez, Aida de Lucio, Jose Manuel Ramos, Francisco Reyes, Vicenta Gonz<e1>lez, Agust<ed>n Benito,Pedro Berzosa",738,70,76,2011,2007,0,Ethiopia,East Africa,92.10526316,dhps 437G
"Amor A, Toro C, Fernández-Martínez A, Baquero M, Benito A, Berzosa P.",740,99,139,2012,2002,85.23999453,Central African Republic,Central Africa,71.22302158,dhps 437G
"Amor A, Toro C, Fernández-Martínez A, Baquero M, Benito A, Berzosa P.",740,51,61,2012,2008,60.8404696,Central African Republic,Central Africa,83.60655738,dhps 437G
"Duah NO, Quashie NB, Abuaku BK, Sebeny PJ, Kronmann KC, Koram KA.",741,70,78,2012,2003,16.46893471,Ghana,West Africa,89.74358974,dhps 437G
"Duah NO, Quashie NB, Abuaku BK, Sebeny PJ, Kronmann KC, Koram KA.",741,25,34,2012,2003,45.20286322,Ghana,West Africa,73.52941176,dhps 437G
"Duah NO, Quashie NB, Abuaku BK, Sebeny PJ, Kronmann KC, Koram KA.",741,20,50,2012,2003,40.79174995,Ghana,West Africa,40,dhps 437G
"Duah NO, Quashie NB, Abuaku BK, Sebeny PJ, Kronmann KC, Koram KA.",741,20,50,2012,2003,40.79174995,Ghana,West Africa,40,dhps 437G
"Duah NO, Quashie NB, Abuaku BK, Sebeny PJ, Kronmann KC, Koram KA.",741,11,50,2012,2003,46.72391713,Ghana,West Africa,22,dhps 437G
"Duah NO, Quashie NB, Abuaku BK, Sebeny PJ, Kronmann KC, Koram KA.",741,35,40,2012,2005,22.02610373,Ghana,West Africa,87.5,dhps 437G
"Duah NO, Quashie NB, Abuaku BK, Sebeny PJ, Kronmann KC, Koram KA.",741,20,40,2012,2005,40.27384818,Ghana,West Africa,50,dhps 437G
"Duah NO, Quashie NB, Abuaku BK, Sebeny PJ, Kronmann KC, Koram KA.",741,16,20,2012,2005,56.46920204,Ghana,West Africa,80,dhps 437G
"Duah NO, Quashie NB, Abuaku BK, Sebeny PJ, Kronmann KC, Koram KA.",741,29,40,2012,2005,15.54579288,Ghana,West Africa,72.5,dhps 437G
"Duah NO, Quashie NB, Abuaku BK, Sebeny PJ, Kronmann KC, Koram KA.",741,26,35,2012,2005,35.5358839,Ghana,West Africa,74.28571429,dhps 437G
"Duah NO, Quashie NB, Abuaku BK, Sebeny PJ, Kronmann KC, Koram KA.",741,26,35,2012,2005,35.5358839,Ghana,West Africa,74.28571429,dhps 437G
"Duah NO, Quashie NB, Abuaku BK, Sebeny PJ, Kronmann KC, Koram KA.",741,15,20,2012,2005,25.47551095,Ghana,West Africa,75,dhps 437G
"Duah NO, Quashie NB, Abuaku BK, Sebeny PJ, Kronmann KC, Koram KA.",741,46,50,2012,2007,26.34103298,Ghana,West Africa,92,dhps 437G
"Duah NO, Quashie NB, Abuaku BK, Sebeny PJ, Kronmann KC, Koram KA.",741,50,50,2012,2007,12.76755184,Ghana,West Africa,100,dhps 437G
"Duah NO, Quashie NB, Abuaku BK, Sebeny PJ, Kronmann KC, Koram KA.",741,33,50,2012,2007,53.42710614,Ghana,West Africa,66,dhps 437G
"Duah NO, Quashie NB, Abuaku BK, Sebeny PJ, Kronmann KC, Koram KA.",741,28,50,2012,2007,56.88583851,Ghana,West Africa,56,dhps 437G
"Duah NO, Quashie NB, Abuaku BK, Sebeny PJ, Kronmann KC, Koram KA.",741,50,50,2012,2007,18.25570464,Ghana,West Africa,100,dhps 437G
"Duah NO, Quashie NB, Abuaku BK, Sebeny PJ, Kronmann KC, Koram KA.",741,11,18,2012,2007,35.46856344,Ghana,West Africa,61.11111111,dhps 437G
"Duah NO, Quashie NB, Abuaku BK, Sebeny PJ, Kronmann KC, Koram KA.",741,44,50,2012,2007,33.95087719,Ghana,West Africa,88,dhps 437G
"Duah NO, Quashie NB, Abuaku BK, Sebeny PJ, Kronmann KC, Koram KA.",741,15,15,2012,2010,36.5219444,Ghana,West Africa,100,dhps 437G
"Duah NO, Quashie NB, Abuaku BK, Sebeny PJ, Kronmann KC, Koram KA.",741,16,20,2012,2010,62.97404766,Ghana,West Africa,80,dhps 437G
"Duah NO, Quashie NB, Abuaku BK, Sebeny PJ, Kronmann KC, Koram KA.",741,16,20,2012,2010,27.07900703,Ghana,West Africa,80,dhps 437G
"Duah NO, Quashie NB, Abuaku BK, Sebeny PJ, Kronmann KC, Koram KA.",741,12,14,2012,2010,40.41906595,Ghana,West Africa,85.71428571,dhps 437G
"Duah NO, Quashie NB, Abuaku BK, Sebeny PJ, Kronmann KC, Koram KA.",741,26,39,2012,2005,NA,Ghana,West Africa,66.66666667,dhps 437G
"Duah NO, Quashie NB, Abuaku BK, Sebeny PJ, Kronmann KC, Koram KA.",741,26,42,2012,2007,NA,Ghana,West Africa,61.9047619,dhps 437G
"Duah NO, Quashie NB, Abuaku BK, Sebeny PJ, Kronmann KC, Koram KA.",741,10,20,2012,2010,NA,Ghana,West Africa,50,dhps 437G
"Fortes F, Dimbu R, Figueiredo P, Neto Z, do Rosário VE, Lopes D.",742,52,52,2011,2007,17.72818416,Angola,Southern Africa,100,dhps 437G
"Fortes F, Dimbu R, Figueiredo P, Neto Z, do Rosário VE, Lopes D.",742,6,8,2011,2007,NA,Angola,Southern Africa,75,dhps 437G
"Fortes F, Dimbu R, Figueiredo P, Neto Z, do Rosário VE, Lopes D.",742,53,57,2011,2007,NA,Angola,Southern Africa,92.98245614,dhps 437G
"Fortes F, Dimbu R, Figueiredo P, Neto Z, do Rosário VE, Lopes D.",742,149,161,2011,2007,NA,Angola,Southern Africa,92.54658385,dhps 437G
"Fortes F, Dimbu R, Figueiredo P, Neto Z, do Rosário VE, Lopes D.",742,91,94,2011,2007,NA,Angola,Southern Africa,96.80851064,dhps 437G
"Iriemenam NC, Shah M, Gatei W, van Eijk AM, Ayisi J, Kariuki S, Vanden Eng J, Owino SO, Lal AA, Omosun YO, Otieno K, Desai M, ter Kuile FO, Nahlen B, Moore J, Hamel MJ, Ouma P, Slutsker L, Shi YP.",743,77,180,2012,1996,NA,Kenya,East Africa,42.77777778,dhps 437G
"Iriemenam NC, Shah M, Gatei W, van Eijk AM, Ayisi J, Kariuki S, Vanden Eng J, Owino SO, Lal AA, Omosun YO, Otieno K, Desai M, ter Kuile FO, Nahlen B, Moore J, Hamel MJ, Ouma P, Slutsker L, Shi YP.",743,172,176,2012,2002,NA,Kenya,East Africa,97.72727273,dhps 437G
"Iriemenam NC, Shah M, Gatei W, van Eijk AM, Ayisi J, Kariuki S, Vanden Eng J, Owino SO, Lal AA, Omosun YO, Otieno K, Desai M, ter Kuile FO, Nahlen B, Moore J, Hamel MJ, Ouma P, Slutsker L, Shi YP.",743,133,133,2012,2008,NA,Kenya,East Africa,100,dhps 437G
"McCollum AM, Schneider KA, Griffing SM, Zhou Z, Kariuki S, Ter-Kuile F, Shi YP, Slutsker L, Lal AA, Udhayakumar V, Escalante AA.",744,15,217,2012,1992,NA,Kenya,East Africa,6.912442396,dhps 437G
"McCollum AM, Schneider KA, Griffing SM, Zhou Z, Kariuki S, Ter-Kuile F, Shi YP, Slutsker L, Lal AA, Udhayakumar V, Escalante AA.",744,12,166,2012,1992,NA,Kenya,East Africa,7.228915663,dhps 437G
"Mombo-Ngoma G, Oyakhirome S, Ord R, Gabor JJ, Greutélaers KC, Profanter K, Greutélaers B, Kurth F, Lell B, Kun JF, Issifou S, Roper C, Kremsner PG, Grobusch MP.",745,60,121,2011,2005,4.942434281,Gabon,Central Africa,49.58677686,dhps 437G
"Mita T, Venkatesan M, Ohashi J, Culleton R, Takahashi N, Tsukahara T, Ndounga M, Dysoley L, Endo H, Hombhanje F, Ferreira MU, Plowe CV, Tanabe K.",746,99,339,2011,2007,5.856979266,Bangladesh,Asia,29.20353982,dhps 437G
"Mita T, Venkatesan M, Ohashi J, Culleton R, Takahashi N, Tsukahara T, Ndounga M, Dysoley L, Endo H, Hombhanje F, Ferreira MU, Plowe CV, Tanabe K.",746,29,339,2011,1985,NA,Brazil,South America,8.554572271,dhps 437G
"Mita T, Venkatesan M, Ohashi J, Culleton R, Takahashi N, Tsukahara T, Ndounga M, Dysoley L, Endo H, Hombhanje F, Ferreira MU, Plowe CV, Tanabe K.",746,24,339,2011,2004,0.173817924,Cambodia,SEA,7.079646018,dhps 437G
"Mita T, Venkatesan M, Ohashi J, Culleton R, Takahashi N, Tsukahara T, Ndounga M, Dysoley L, Endo H, Hombhanje F, Ferreira MU, Plowe CV, Tanabe K.",746,20,339,2011,2006,28.17609012,Democratic Republic of the Congo,Central Africa,5.899705015,dhps 437G
"Mita T, Venkatesan M, Ohashi J, Culleton R, Takahashi N, Tsukahara T, Ndounga M, Dysoley L, Endo H, Hombhanje F, Ferreira MU, Plowe CV, Tanabe K.",746,52,339,2011,2004,11.89404652,Ghana,West Africa,15.33923304,dhps 437G
"Mita T, Venkatesan M, Ohashi J, Culleton R, Takahashi N, Tsukahara T, Ndounga M, Dysoley L, Endo H, Hombhanje F, Ferreira MU, Plowe CV, Tanabe K.",746,16,339,2011,1998,21.63120359,Kenya,East Africa,4.719764012,dhps 437G
"Mita T, Venkatesan M, Ohashi J, Culleton R, Takahashi N, Tsukahara T, Ndounga M, Dysoley L, Endo H, Hombhanje F, Ferreira MU, Plowe CV, Tanabe K.",746,39,339,2011,2000,NA,Malawi,Southern Africa,11.50442478,dhps 437G
"Mita T, Venkatesan M, Ohashi J, Culleton R, Takahashi N, Tsukahara T, Ndounga M, Dysoley L, Endo H, Hombhanje F, Ferreira MU, Plowe CV, Tanabe K.",746,6,339,2011,2002,0.002960802,Papua New Guinea,Oceania,1.769911504,dhps 437G
"Mita T, Venkatesan M, Ohashi J, Culleton R, Takahashi N, Tsukahara T, Ndounga M, Dysoley L, Endo H, Hombhanje F, Ferreira MU, Plowe CV, Tanabe K.",746,7,339,2011,1998,36.01737916,Tanzania,East Africa,2.064896755,dhps 437G
"Mita T, Venkatesan M, Ohashi J, Culleton R, Takahashi N, Tsukahara T, Ndounga M, Dysoley L, Endo H, Hombhanje F, Ferreira MU, Plowe CV, Tanabe K.",746,57,339,2011,2001,0.014805817,Thailand,SEA,16.81415929,dhps 437G
"Gama BE, Pereira-Carvalho GA, Lutucuta Kosi FJ, Almeida de Oliveira NK, Fortes F, Rosenthal PJ, do Rosário VE, Daniel-Ribeiro CT, de Fátima Ferreira-da-Cruz M.",747,28,30,2011,2007,6.536883861,Angola,Southern Africa,93.33333333,dhps 437G
Das S,752,61,90,2012,2010,NA,India,Asia,67.77777778,dhps 437G
"Sidsel, Nag",753,33,68,2019,2014,4.435056075,Guinea-Bissau,West Africa,48.52941176,dhps 437G
"Sidsel, Nag",753,41,93,2019,2015,2.551330253,Guinea-Bissau,West Africa,44.08602151,dhps 437G
"Sidsel, Nag",753,92,170,2019,2016,2.868559584,Guinea-Bissau,West Africa,54.11764706,dhps 437G
Bansal D,754,57,108,2019,2013,NA,Qatar,Asia,52.77777778,dhps 437G
"Dieng CC, Gonzalez L, Pestana K, Dhikrullahi SB, Amoah LE, Afrane YA, Lo E.",759,30,33,2019,2017,6.66295886,Ghana,West Africa,90.90909091,dhps 437G
"Dieng CC, Gonzalez L, Pestana K, Dhikrullahi SB, Amoah LE, Afrane YA, Lo E.",759,33,33,2019,2017,6.66295886,Ghana,West Africa,100,dhps 437G
"Dieng CC, Gonzalez L, Pestana K, Dhikrullahi SB, Amoah LE, Afrane YA, Lo E.",759,30,33,2019,2017,6.66295886,Ghana,West Africa,90.90909091,dhps 437G
"Dieng CC, Gonzalez L, Pestana K, Dhikrullahi SB, Amoah LE, Afrane YA, Lo E.",759,33,33,2019,2017,6.66295886,Ghana,West Africa,100,dhps 437G
"Dieng CC, Gonzalez L, Pestana K, Dhikrullahi SB, Amoah LE, Afrane YA, Lo E.",759,24,24,2019,2017,15.23041129,Ghana,West Africa,100,dhps 437G
"Dieng CC, Gonzalez L, Pestana K, Dhikrullahi SB, Amoah LE, Afrane YA, Lo E.",759,13,13,2019,2017,12.0314382,Ghana,West Africa,100,dhps 437G
"Dieng CC, Gonzalez L, Pestana K, Dhikrullahi SB, Amoah LE, Afrane YA, Lo E.",759,45,45,2019,2017,8.930120617,Ghana,West Africa,100,dhps 437G
"Kumar A, Singh SP, Bhatt R, Singh V",760,9,121,2019,2015,3.288357332,India,Asia,7.438016529,dhps 437G
"Bakhiet AMA, Abdelraheem MH, Kheir A, Omer S, Gismelseed L, Abdel-Muhsin AA, Naiem A, Al Hosni A, Al Dhuhli A, Al Rubkhi M, Al-Hamidhi S, Gadalla A, Mukhtar M, Sultan AA, Babiker HA.",761,37,74,2019,2009,8.850586414,South Sudan,East Africa,50,dhps 437G
"Bakhiet AMA, Abdelraheem MH, Kheir A, Omer S, Gismelseed L, Abdel-Muhsin AA, Naiem A, Al Hosni A, Al Dhuhli A, Al Rubkhi M, Al-Hamidhi S, Gadalla A, Mukhtar M, Sultan AA, Babiker HA.",761,49,85,2019,2009,2.577727474,Sudan,East Africa,57.64705882,dhps 437G
"Bakhiet AMA, Abdelraheem MH, Kheir A, Omer S, Gismelseed L, Abdel-Muhsin AA, Naiem A, Al Hosni A, Al Dhuhli A, Al Rubkhi M, Al-Hamidhi S, Gadalla A, Mukhtar M, Sultan AA, Babiker HA.",761,50,74,2019,2009,1.074588951,Sudan,East Africa,67.56756757,dhps 437G
"Bakhiet AMA, Abdelraheem MH, Kheir A, Omer S, Gismelseed L, Abdel-Muhsin AA, Naiem A, Al Hosni A, Al Dhuhli A, Al Rubkhi M, Al-Hamidhi S, Gadalla A, Mukhtar M, Sultan AA, Babiker HA.",761,52,70,2019,2009,6.11859411,Sudan,East Africa,74.28571429,dhps 437G
"Bakhiet AMA, Abdelraheem MH, Kheir A, Omer S, Gismelseed L, Abdel-Muhsin AA, Naiem A, Al Hosni A, Al Dhuhli A, Al Rubkhi M, Al-Hamidhi S, Gadalla A, Mukhtar M, Sultan AA, Babiker HA.",761,26,57,2019,2016,0.957139395,Sudan,East Africa,45.61403509,dhps 437G
"Smith-Aguasca R, Gupta H, Uberegui E, Maquina M, Saute F, Paaijmans KP, Mayor A, Huijben S.",765,82,87,2019,2016,4.247186705,Mozambique,Southern Africa,94.25287356,dhps 437G
"Ruimin Zhou, Chengyun Yang, Suhua Li, Yuling Zhao, Ying Liu,a Dan Qian, Hao Wang, Deling Lu, Hongwei Zhang, Fang Huangb",772,11,12,2019,2012,0,China,Asia,91.66666667,dhps 437G
"Ruimin Zhou, Chengyun Yang, Suhua Li, Yuling Zhao, Ying Liu,a Dan Qian, Hao Wang, Deling Lu, Hongwei Zhang, Fang Huangb",772,36,38,2019,2013,0,China,Asia,94.73684211,dhps 437G
"Ruimin Zhou, Chengyun Yang, Suhua Li, Yuling Zhao, Ying Liu,a Dan Qian, Hao Wang, Deling Lu, Hongwei Zhang, Fang Huangb",772,21,23,2019,2014,0,China,Asia,91.30434783,dhps 437G
"Ruimin Zhou, Chengyun Yang, Suhua Li, Yuling Zhao, Ying Liu,a Dan Qian, Hao Wang, Deling Lu, Hongwei Zhang, Fang Huangb",772,25,28,2019,2015,0,China,Asia,89.28571429,dhps 437G
"Ruimin Zhou, Chengyun Yang, Suhua Li, Yuling Zhao, Ying Liu,a Dan Qian, Hao Wang, Deling Lu, Hongwei Zhang, Fang Huangb",772,37,39,2019,2016,0,China,Asia,94.87179487,dhps 437G
"Ruimin Zhou, Chengyun Yang, Suhua Li, Yuling Zhao, Ying Liu,a Dan Qian, Hao Wang, Deling Lu, Hongwei Zhang, Fang Huangb",772,16,18,2019,2017,0,China,Asia,88.88888889,dhps 437G
"Raman J, Kagoro FM, Mabuza A, Malatje G, Reid A, Frean J, Barnes KI.",779,12,93,2019,2001,0,South Africa,Southern Africa,12.90322581,dhps 437G
"Raman J, Kagoro FM, Mabuza A, Malatje G, Reid A, Frean J, Barnes KI.",779,19,57,2019,2008,0,South Africa,Southern Africa,33.33333333,dhps 437G
"Raman J, Kagoro FM, Mabuza A, Malatje G, Reid A, Frean J, Barnes KI.",779,47,81,2019,2009,0,South Africa,Southern Africa,58.02469136,dhps 437G
"Raman J, Kagoro FM, Mabuza A, Malatje G, Reid A, Frean J, Barnes KI.",779,29,58,2019,2010,0,South Africa,Southern Africa,50,dhps 437G
"Raman J, Kagoro FM, Mabuza A, Malatje G, Reid A, Frean J, Barnes KI.",779,232,596,2019,2011,0,South Africa,Southern Africa,38.9261745,dhps 437G
"Raman J, Kagoro FM, Mabuza A, Malatje G, Reid A, Frean J, Barnes KI.",779,53,97,2019,2012,0,South Africa,Southern Africa,54.63917526,dhps 437G
"Raman J, Kagoro FM, Mabuza A, Malatje G, Reid A, Frean J, Barnes KI.",779,641,655,2019,2018,0,South Africa,Southern Africa,97.86259542,dhps 437G
"Mensah BA, Aydemir O, Myers-Hansen JL, Opoku M, Hathaway NJ, Marsh PW, Anto F, Bailey J, Abuaku B, Ghansah A.",780,80,80,2020,2014,28.79479825,Ghana,West Africa,100,dhps 437G
"Mensah BA, Aydemir O, Myers-Hansen JL, Opoku M, Hathaway NJ, Marsh PW, Anto F, Bailey J, Abuaku B, Ghansah A.",780,83,86,2020,2014,27.05202103,Ghana,West Africa,96.51162791,dhps 437G
"Mensah BA, Aydemir O, Myers-Hansen JL, Opoku M, Hathaway NJ, Marsh PW, Anto F, Bailey J, Abuaku B, Ghansah A.",780,79,83,2020,2015,24.11481589,Ghana,West Africa,95.18072289,dhps 437G
"Mensah BA, Aydemir O, Myers-Hansen JL, Opoku M, Hathaway NJ, Marsh PW, Anto F, Bailey J, Abuaku B, Ghansah A.",780,98,103,2020,2015,22.42917567,Ghana,West Africa,95.14563107,dhps 437G
"Mensah BA, Aydemir O, Myers-Hansen JL, Opoku M, Hathaway NJ, Marsh PW, Anto F, Bailey J, Abuaku B, Ghansah A.",780,72,72,2020,2016,19.38316971,Ghana,West Africa,100,dhps 437G
"Mensah BA, Aydemir O, Myers-Hansen JL, Opoku M, Hathaway NJ, Marsh PW, Anto F, Bailey J, Abuaku B, Ghansah A.",780,76,77,2020,2016,17.07802415,Ghana,West Africa,98.7012987,dhps 437G
"Mensah BA, Aydemir O, Myers-Hansen JL, Opoku M, Hathaway NJ, Marsh PW, Anto F, Bailey J, Abuaku B, Ghansah A.",780,48,49,2020,2017,15.79733342,Ghana,West Africa,97.95918367,dhps 437G
"Mensah BA, Aydemir O, Myers-Hansen JL, Opoku M, Hathaway NJ, Marsh PW, Anto F, Bailey J, Abuaku B, Ghansah A.",780,64,64,2020,2017,13.09164464,Ghana,West Africa,100,dhps 437G
"Zhao L, Pi L, Qin Y, Lu Y, Zeng W, Xiang Z, Qin P, Chen X, Li C, Zhang Y, Wang S, Si Y, Yang G, Rosenthal BM, Huang Y, Yang Z.",781,15,24,2020,2016,15.30762166,Cameroon,Central Africa,62.5,dhps 437G
"Zhao L, Pi L, Qin Y, Lu Y, Zeng W, Xiang Z, Qin P, Chen X, Li C, Zhang Y, Wang S, Si Y, Yang G, Rosenthal BM, Huang Y, Yang Z.",781,3,5,2020,2016,33.54780078,Central African Republic,Central Africa,60,dhps 437G
"Zhao L, Pi L, Qin Y, Lu Y, Zeng W, Xiang Z, Qin P, Chen X, Li C, Zhang Y, Wang S, Si Y, Yang G, Rosenthal BM, Huang Y, Yang Z.",781,4,4,2020,2016,11.71760112,Congo,Central Africa,100,dhps 437G
"Zhao L, Pi L, Qin Y, Lu Y, Zeng W, Xiang Z, Qin P, Chen X, Li C, Zhang Y, Wang S, Si Y, Yang G, Rosenthal BM, Huang Y, Yang Z.",781,6,6,2020,2016,16.22187197,Democratic Republic of the Congo,Central Africa,100,dhps 437G
"Zhao L, Pi L, Qin Y, Lu Y, Zeng W, Xiang Z, Qin P, Chen X, Li C, Zhang Y, Wang S, Si Y, Yang G, Rosenthal BM, Huang Y, Yang Z.",781,119,135,2020,2016,6.242749467,Ghana,West Africa,88.14814815,dhps 437G
"Zhao L, Pi L, Qin Y, Lu Y, Zeng W, Xiang Z, Qin P, Chen X, Li C, Zhang Y, Wang S, Si Y, Yang G, Rosenthal BM, Huang Y, Yang Z.",781,7,8,2020,2016,22.06098735,Liberia,West Africa,87.5,dhps 437G
"Zhao L, Pi L, Qin Y, Lu Y, Zeng W, Xiang Z, Qin P, Chen X, Li C, Zhang Y, Wang S, Si Y, Yang G, Rosenthal BM, Huang Y, Yang Z.",781,1,1,2020,2016,3.969840333,Mali,West Africa,100,dhps 437G
"Zhao L, Pi L, Qin Y, Lu Y, Zeng W, Xiang Z, Qin P, Chen X, Li C, Zhang Y, Wang S, Si Y, Yang G, Rosenthal BM, Huang Y, Yang Z.",781,2,3,2020,2016,10.20139828,Sierra Leone,West Africa,66.66666667,dhps 437G
"Mohamed AO, Hussien M, Mohamed A, Suliman A, Elkando NS, Abdelbagi H, Malik EM, Abdelraheem MH, Hamid MMA.",782,86,104,2020,2015,1.844608039,Sudan,East Africa,82.69230769,dhps 437G
"Rogier E, Herman C, Huber CS, Hamre KES, Pierre B, Mace KE, Pr?<a9>sum?<a9> J, Mond?<a9>lus G, Romilus I, Elism?<a9> T, Eisele TP, Druetz T, Existe A, Boncy J, Lemoine JF, Udhayakumar V, Chang MA.",783,0,6,2020,2016,0.054836256,Haiti,Caribbean,0,dhps 437G
"Rogier E, Herman C, Huber CS, Hamre KES, Pierre B, Mace KE, Pr?<a9>sum?<a9> J, Mond?<a9>lus G, Romilus I, Elism?<a9> T, Eisele TP, Druetz T, Existe A, Boncy J, Lemoine JF, Udhayakumar V, Chang MA.",783,0,3,2020,2016,0.057401822,Haiti,Caribbean,0,dhps 437G
"Rogier E, Herman C, Huber CS, Hamre KES, Pierre B, Mace KE, Pr?<a9>sum?<a9> J, Mond?<a9>lus G, Romilus I, Elism?<a9> T, Eisele TP, Druetz T, Existe A, Boncy J, Lemoine JF, Udhayakumar V, Chang MA.",783,0,155,2020,2016,0.049029489,Haiti,Caribbean,0,dhps 437G
"Rogier E, Herman C, Huber CS, Hamre KES, Pierre B, Mace KE, Pr?<a9>sum?<a9> J, Mond?<a9>lus G, Romilus I, Elism?<a9> T, Eisele TP, Druetz T, Existe A, Boncy J, Lemoine JF, Udhayakumar V, Chang MA.",783,0,8,2020,2016,0.017407119,Haiti,Caribbean,0,dhps 437G
"Rogier E, Herman C, Huber CS, Hamre KES, Pierre B, Mace KE, Pr?<a9>sum?<a9> J, Mond?<a9>lus G, Romilus I, Elism?<a9> T, Eisele TP, Druetz T, Existe A, Boncy J, Lemoine JF, Udhayakumar V, Chang MA.",783,0,1,2020,2016,0.320365815,Haiti,Caribbean,0,dhps 437G
"Rogier E, Herman C, Huber CS, Hamre KES, Pierre B, Mace KE, Pr?<a9>sum?<a9> J, Mond?<a9>lus G, Romilus I, Elism?<a9> T, Eisele TP, Druetz T, Existe A, Boncy J, Lemoine JF, Udhayakumar V, Chang MA.",783,0,138,2020,2016,0.051944092,Haiti,Caribbean,0,dhps 437G
"Rogier E, Herman C, Huber CS, Hamre KES, Pierre B, Mace KE, Pr?<a9>sum?<a9> J, Mond?<a9>lus G, Romilus I, Elism?<a9> T, Eisele TP, Druetz T, Existe A, Boncy J, Lemoine JF, Udhayakumar V, Chang MA.",783,0,39,2020,2016,1.41491387,Haiti,Caribbean,0,dhps 437G
"Rogier E, Herman C, Huber CS, Hamre KES, Pierre B, Mace KE, Pr?<a9>sum?<a9> J, Mond?<a9>lus G, Romilus I, Elism?<a9> T, Eisele TP, Druetz T, Existe A, Boncy J, Lemoine JF, Udhayakumar V, Chang MA.",783,1,138,2020,2016,0.760647794,Haiti,Caribbean,0.724637681,dhps 437G
32380999,784,50,50,2020,2018,3.212216124,Venezuela,South America,100,dhps 437G
"Kunasol C, Dondorp AM, Batty EM, Nakhonsri V, Sinjanakhom P, Day NPJ, Imwong M.",800,17,17,2022,2014,0.019272014,Thailand,SEA,100,dhps 437G
"Kunasol C, Dondorp AM, Batty EM, Nakhonsri V, Sinjanakhom P, Day NPJ, Imwong M.",800,8,8,2022,2017,0,Thailand,SEA,100,dhps 437G
"Mahamar A, Sumner KM, Levitt B, Freedman B, Traore A, Barry A, Issiaka D, Dembele AB, Kanoute MB, Attaher O, Diarra BN, Sagara I, Djimde A, Duffy PE, Fried M, Taylor SM, Dicko A.",803,73,98,2022,2014,44.30965185,Mali,West Africa,74.48979592,dhps 437G
"Berzosa P, Molina de la Fuente I, Ta-Tang TH, Gonz<e1>lez V, Garc<ed>a L, Rodr<ed>guez-Galet A, D<ed>az-Rega<f1><f3>n R, Gal<e1>n R, Cerrada-G<e1>lvez L, Ncogo P, Riloha M, Benito A.",806,62,102,2021,2001,26.5288353,Equatorial Guinea,Central Africa,60.78431373,dhps 437G
"Berzosa P, Molina de la Fuente I, Ta-Tang TH, Gonz<e1>lez V, Garc<ed>a L, Rodr<ed>guez-Galet A, D<ed>az-Rega<f1><f3>n R, Gal<e1>n R, Cerrada-G<e1>lvez L, Ncogo P, Riloha M, Benito A.",806,158,262,2021,2004,16.36670828,Equatorial Guinea,Central Africa,60.30534351,dhps 437G
"Berzosa P, Molina de la Fuente I, Ta-Tang TH, Gonz<e1>lez V, Garc<ed>a L, Rodr<ed>guez-Galet A, D<ed>az-Rega<f1><f3>n R, Gal<e1>n R, Cerrada-G<e1>lvez L, Ncogo P, Riloha M, Benito A.",806,44,158,2021,2006,14.52785283,Equatorial Guinea,Central Africa,27.84810127,dhps 437G
"Berzosa P, Molina de la Fuente I, Ta-Tang TH, Gonz<e1>lez V, Garc<ed>a L, Rodr<ed>guez-Galet A, D<ed>az-Rega<f1><f3>n R, Gal<e1>n R, Cerrada-G<e1>lvez L, Ncogo P, Riloha M, Benito A.",806,136,163,2021,2011,12.53275424,Equatorial Guinea,Central Africa,83.43558282,dhps 437G
"Berzosa P, Molina de la Fuente I, Ta-Tang TH, Gonz<e1>lez V, Garc<ed>a L, Rodr<ed>guez-Galet A, D<ed>az-Rega<f1><f3>n R, Gal<e1>n R, Cerrada-G<e1>lvez L, Ncogo P, Riloha M, Benito A.",806,6,163,2021,2011,12.53275424,Equatorial Guinea,Central Africa,3.680981595,dhps 437G
"Berzosa P, Molina de la Fuente I, Ta-Tang TH, Gonz<e1>lez V, Garc<ed>a L, Rodr<ed>guez-Galet A, D<ed>az-Rega<f1><f3>n R, Gal<e1>n R, Cerrada-G<e1>lvez L, Ncogo P, Riloha M, Benito A.",806,149,170,2021,2013,16.67919159,Equatorial Guinea,Central Africa,87.64705882,dhps 437G
"Berzosa P, Molina de la Fuente I, Ta-Tang TH, Gonz<e1>lez V, Garc<ed>a L, Rodr<ed>guez-Galet A, D<ed>az-Rega<f1><f3>n R, Gal<e1>n R, Cerrada-G<e1>lvez L, Ncogo P, Riloha M, Benito A.",806,156,169,2021,2016,23.04629683,Equatorial Guinea,Central Africa,92.30769231,dhps 437G
"Berzosa P, Molina de la Fuente I, Ta-Tang TH, Gonz<e1>lez V, Garc<ed>a L, Rodr<ed>guez-Galet A, D<ed>az-Rega<f1><f3>n R, Gal<e1>n R, Cerrada-G<e1>lvez L, Ncogo P, Riloha M, Benito A.",806,130,139,2021,2019,20.46331912,Equatorial Guinea,Central Africa,93.52517986,dhps 437G
"Berzosa P, Molina de la Fuente I, Ta-Tang TH, Gonz<e1>lez V, Garc<ed>a L, Rodr<ed>guez-Galet A, D<ed>az-Rega<f1><f3>n R, Gal<e1>n R, Cerrada-G<e1>lvez L, Ncogo P, Riloha M, Benito A.",806,30,60,2021,1999,NA,Equatorial Guinea,Central Africa,50,dhps 437G
"Bareng APN, Grignard L, Reyes R, Fornace K, Spencer F, Macalinao ML, Luchavez J, Espino FE, Drakeley C, Hafalla JCR.",808,40,64,2022,2016,1.492378209,Philippines,SEA,62.5,dhps 437G
"Yan H, Feng J, Yin JH, Huang F, Kong XL, Lin KM, Zhang T, Feng XY, Zhou SS, Cao JP, Xia ZG.",811,0,3,2021,2017,0,Ethiopia,East Africa,0,dhps 437G
"Yan H, Feng J, Yin JH, Huang F, Kong XL, Lin KM, Zhang T, Feng XY, Zhou SS, Cao JP, Xia ZG.",811,0,1,2021,2017,0,Kenya,East Africa,0,dhps 437G
"Yan H, Feng J, Yin JH, Huang F, Kong XL, Lin KM, Zhang T, Feng XY, Zhou SS, Cao JP, Xia ZG.",811,0,1,2021,2017,NA,Libya,North Africa,0,dhps 437G
"Yan H, Feng J, Yin JH, Huang F, Kong XL, Lin KM, Zhang T, Feng XY, Zhou SS, Cao JP, Xia ZG.",811,0,2,2021,2017,3.773084283,Madagascar,East Africa,0,dhps 437G
"Yan H, Feng J, Yin JH, Huang F, Kong XL, Lin KM, Zhang T, Feng XY, Zhou SS, Cao JP, Xia ZG.",811,0,1,2021,2017,19.48182583,South Sudan,East Africa,0,dhps 437G
"Yan H, Feng J, Yin JH, Huang F, Kong XL, Lin KM, Zhang T, Feng XY, Zhou SS, Cao JP, Xia ZG.",811,0,4,2021,2017,2.438837662,Zambia,Southern Africa,0,dhps 437G
"Jakob Wedam, Costanza Tacoli, Prabhanjan P. Gai, Konrad Siegert, Suyamindra Kulkarni, Rashmi Rasalkar, Animesh Jain, Chakrapani Mahabala, Shantaram Baliga, Damodara Shenoy, Pramod Gai, Rajeshwari Devi, Frank P. Mockenhaupt",812,77,107,2017,2014,0.04316837,India,Asia,71.96261682,dhps 437G
"Sabyasachi Das, Amrita Kar, Subhankar Manna, Samaresh Mandal, Sayantani Mandal, Subhasis Das, Bhaskar Saha & Amiya Kumar Hati",813,132,180,2021,2015,0.396562181,India,Asia,73.33333333,dhps 437G
"Aarti Ozarkar, Abhishek Kanyal, Swati Dass, Prakash Deshpande, Deepti Deobagkar, Krishanpal Karmodiya",814,28,63,2021,2012,NA,India,Asia,44.44444444,dhps 437G
"Jakob Wedam, Costanza Tacoli, Prabhanjan P. Gai, Konrad Siegert, Suyamindra S. Kulkarni, Rashmi Rasalkar, Archith Boloor, Animesh Jain, Chakrapani Mahabala, Shantaram Baliga, Damodara Shenoy, Rajeshwari Devi, Pramod Gai, and Frank P. Mockenhaupt",815,79,112,2018,2015,0.05499362,India,Asia,70.53571429,dhps 437G
"Jakob Wedam, Costanza Tacoli, Prabhanjan P. Gai, Konrad Siegert, Suyamindra S. Kulkarni, Rashmi Rasalkar, Archith Boloor, Animesh Jain, Chakrapani Mahabala, Shantaram Baliga, Damodara Shenoy, Rajeshwari Devi, Pramod Gai, and Frank P. Mockenhaupt",815,51,112,2018,2015,0.05499362,India,Asia,45.53571429,dhps 437G
"Sharma J, Dutta P, Khan SA, Soni M, Dey D, Mahanta J.",820,10,22,2018,2012,0.055196619,India,Asia,45.45454545,dhps 437G
"Sharma J, Dutta P, Khan SA, Soni M, Dey D, Mahanta J.",820,10,11,2018,2012,0.010060592,India,Asia,90.90909091,dhps 437G
"Sharma J, Dutta P, Khan SA, Soni M, Dey D, Mahanta J.",820,6,11,2018,2012,NA,India,Asia,54.54545455,dhps 437G
"Sharma J, Dutta P, Khan SA, Soni M, Dey D, Mahanta J.",820,6,7,2018,2012,NA,India,Asia,85.71428571,dhps 437G
"Sharma J, Dutta P, Khan SA, Soni M, Dey D, Mahanta J.",820,8,11,2018,2012,NA,India,Asia,72.72727273,dhps 437G
"Sharma J, Dutta P, Khan SA, Soni M, Dey D, Mahanta J.",820,10,11,2018,2012,NA,India,Asia,90.90909091,dhps 437G
"Sharma J, Dutta P, Khan SA, Soni M, Dey D, Mahanta J.",820,8,9,2018,2012,NA,India,Asia,88.88888889,dhps 437G
"Sharma J, Dutta P, Khan SA, Soni M, Dey D, Mahanta J.",820,3,13,2018,2012,NA,India,Asia,23.07692308,dhps 437G
"Sharma J, Dutta P, Khan SA, Soni M, Dey D, Mahanta J.",820,6,7,2018,2012,NA,India,Asia,85.71428571,dhps 437G
"Jitendra Sharma , Prafulla Dutta, Siraj Ahmed Khan",822,9,22,2016,2012,0.044078549,India,Asia,40.90909091,dhps 437G
"Jitendra Sharma , Prafulla Dutta, Siraj Ahmed Khan",822,7,8,2016,2012,0.506333588,India,Asia,87.5,dhps 437G
"Jitendra Sharma , Prafulla Dutta, Siraj Ahmed Khan",822,8,12,2016,2012,0.279806368,India,Asia,66.66666667,dhps 437G
"Jitendra Sharma , Prafulla Dutta, Siraj Ahmed Khan",822,3,5,2016,2014,0.246563926,India,Asia,60,dhps 437G
"Jitendra Sharma , Prafulla Dutta, Siraj Ahmed Khan",822,2,11,2016,2012,NA,India,Asia,18.18181818,dhps 437G
"Ashish Pathak , Andreas M<e5>rtensson , Sudhir Gawariker , Ashish Sharma , Vishal Diwan , Manju Purohit , Johan Ursing",823,10,105,2020,2015,0.001171498,India,Asia,9.523809524,dhps 437G
"Sweta Mishra, Praveen K. Bharti, Man M. Shukla, Nazia A. Ali, Sher S. Kashyotia, Avdhesh Kumar, Akshay C. Dhariwal and Neeru Singh",824,13,80,2017,2012,NA,India,Asia,16.25,dhps 437G
"Sweta Mishra, Praveen K. Bharti, Man M. Shukla, Nazia A. Ali, Sher S. Kashyotia, Avdhesh Kumar, Akshay C. Dhariwal and Neeru Singh",824,18,65,2017,2013,NA,India,Asia,27.69230769,dhps 437G
"Sweta Mishra, Praveen K. Bharti, Man M. Shukla, Nazia A. Ali, Sher S. Kashyotia, Avdhesh Kumar, Akshay C. Dhariwal and Neeru Singh",824,11,71,2017,2014,NA,India,Asia,15.49295775,dhps 437G
"Mary Dias, George D<92>Souza, Aquinas Edassery, Mehul Dhorda",825,4,103,2022,2018,NA,India,Asia,3.883495146,dhps 437G
"Mary Dias, George D<92>Souza, Aquinas Edassery, Mehul Dhorda",825,3,86,2022,2018,NA,India,Asia,3.488372093,dhps 437G
"Mary Dias, George D<92>Souza, Aquinas Edassery, Mehul Dhorda",825,1,170,2022,2019,NA,India,Asia,0.588235294,dhps 437G
"Mary Dias, George D<92>Souza, Aquinas Edassery, Mehul Dhorda",825,1,39,2022,2019,NA,India,Asia,2.564102564,dhps 437G
"Md Tauqeer Alam, Dziedzom K. de Souza, Sumiti Vinayak, Sean M. Griffing, Amanda C. Poe, Nancy O. Duah, Anita Ghansah, Kwame Asamoa, Laurence Slutsker, Michael D. Wilson, John W. Barnwell, Venkatachalam Udhayakumar, and Kwadwo A. Koram",21288822,21,39,2011,2007,53.42710614,Ghana,West Africa,53.84615385,dhps 437G
"Md Tauqeer Alam, Dziedzom K. de Souza, Sumiti Vinayak, Sean M. Griffing, Amanda C. Poe, Nancy O. Duah, Anita Ghansah, Kwame Asamoa, Laurence Slutsker, Michael D. Wilson, John W. Barnwell, Venkatachalam Udhayakumar, and Kwadwo A. Koram",21288822,40,48,2011,2007,18.25570464,Ghana,West Africa,83.33333333,dhps 437G
"Md Tauqeer Alam, Dziedzom K. de Souza, Sumiti Vinayak, Sean M. Griffing, Amanda C. Poe, Nancy O. Duah, Anita Ghansah, Kwame Asamoa, Laurence Slutsker, Michael D. Wilson, John W. Barnwell, Venkatachalam Udhayakumar, and Kwadwo A. Koram",21288822,43,49,2011,2007,34.52163041,Ghana,West Africa,87.75510204,dhps 437G
"Md Tauqeer Alam, Dziedzom K. de Souza, Sumiti Vinayak, Sean M. Griffing, Amanda C. Poe, Nancy O. Duah, Anita Ghansah, Kwame Asamoa, Laurence Slutsker, Michael D. Wilson, John W. Barnwell, Venkatachalam Udhayakumar, and Kwadwo A. Koram",21288822,43,49,2011,2007,34.52163041,Ghana,West Africa,87.75510204,dhps 437G
"Md Tauqeer Alam, Dziedzom K. de Souza, Sumiti Vinayak, Sean M. Griffing, Amanda C. Poe, Nancy O. Duah, Anita Ghansah, Kwame Asamoa, Laurence Slutsker, Michael D. Wilson, John W. Barnwell, Venkatachalam Udhayakumar, and Kwadwo A. Koram",21288822,31,39,2011,2007,33.95087719,Ghana,West Africa,79.48717949,dhps 437G
"Gwladys Bertin,Val<e9>rie Briand, Diana Bonaventure, Ambre Carrieu, Achille Massougbodji, Michel Cot, and Philippe Deloron",21767415,52,55,2011,2005,NA,Benin,West Africa,94.54545455,dhps 437G
"Monica Shah, Simon Kariuki, Jodi Vanden Eng, Anna J. Blackstock, Kimberly Garner, Wangeci Gatei, John E. Gimnig, Kim Lindblade, Dianne Terlouw, Feiko ter Kuile, William A. Hawley, Penelope Phillips-Howard, Bernard Nahlen, Edward Walker, Mary J. Hamel, Laurence Slutsker, Ya Ping Shi",22096496,231,242,2011,2001,65.26237726,Kenya,East Africa,95.45454545,dhps 437G
"Monica Shah, Simon Kariuki, Jodi Vanden Eng, Anna J. Blackstock, Kimberly Garner, Wangeci Gatei, John E. Gimnig, Kim Lindblade, Dianne Terlouw, Feiko ter Kuile, William A. Hawley, Penelope Phillips-Howard, Bernard Nahlen, Edward Walker, Mary J. Hamel, Laurence Slutsker, Ya Ping Shi",22096496,133,250,2011,1996,NA,Kenya,East Africa,53.2,dhps 437G
Jovel IT,22183028,0,30,2011,2004,0,Honduras,Central America,0,dhps 437G
"Erasmus Kamugisha, Sun Jing, Mercy Minde, Johaness Kataraihya, Gilbert Kongola, Fred Kironde,G<f6>te Swedberg",22369089,71,96,2012,2010,11.75213009,Tanzania,East Africa,73.95833333,dhps 437G
"Nathalie Wurtz, B<e9>caye Fall, Aur<e9>lie Pascual, Silmane Diawara, Kowry Sow, Eric Baret, Bakary Diatta, Khadidiatou B Fall, Pape S Mbaye, Fatou Fall, Yaya Di<e9>m<e9>, Christophe Rogier, Raymond Bercion, S<e9>bastien Briolant, Boubacar Wade, Bruno Pradines",22694921,70,174,2012,2009,4.408326,Senegal,West Africa,40.22988506,dhps 437G
Huang F,22839209,77,93,2012,2009,0,China,Asia,82.79569892,dhps 437G
"Fang Huang, Linhua Tang, Henglin Yang, Shuisen Zhou, Xiaodong Sun, Hui Liu",22898135,41,55,2012,2009,3.373168781,Myanmar,SEA,74.54545455,dhps 437G
Das Sutar SK,23357175,22,201,2013,2008,0.015528615,India,Asia,10.94527363,dhps 437G
Ganguly S,23426929,22,24,2013,2012,0.092291867,India,Asia,91.66666667,dhps 437G
Fall B,23510258,75,158,2013,2010,4.069893435,Senegal,West Africa,47.46835443,dhps 437G
Lo AC,23617576,25,37,2013,2008,3.079763427,Senegal,West Africa,67.56756757,dhps 437G
Lo AC,23617576,25,35,2013,2009,2.298526652,Senegal,West Africa,71.42857143,dhps 437G
Lo AC,23617576,4,4,2013,2010,3.695127368,Senegal,West Africa,100,dhps 437G
Gadalla NB,23870667,50,65,2013,2012,2.577727474,Sudan,East Africa,76.92307692,dhps 437G
Khattak AA,23988011,103,171,2013,2011,0.252182991,Pakistan,Asia,60.23391813,dhps 437G
van Schalkwyk DA,24028570,1,1,2013,2012,19.19344068,Burkina Faso,West Africa,100,dhps 437G
van Schalkwyk DA,24028570,1,1,2013,2012,13.47832382,Ghana,West Africa,100,dhps 437G
van Schalkwyk DA,24028570,1,1,2013,2012,0,Kenya,East Africa,100,dhps 437G
van Schalkwyk DA,24028570,0,1,2013,2012,8.959149569,Nigeria,West Africa,0,dhps 437G
van Schalkwyk DA,24028570,0,1,2013,2012,21.84628993,South Sudan,East Africa,0,dhps 437G
Dahlstr<f6>m S,24100489,39,41,2013,2007,48.35333526,Benin,West Africa,95.12195122,dhps 437G
Som<e9> F,24733476,148,261,2014,2009,60.30772924,Burkina Faso,West Africa,56.70498084,dhps 437G
Mbogo GW,24799371,280,333,2014,2003,99.98051524,Uganda,East Africa,84.08408408,dhps 437G
Mbogo GW,24799371,33,33,2014,2007,49.11201894,Uganda,East Africa,100,dhps 437G
Mbogo GW,24799371,142,144,2014,2008,50.55534244,Uganda,East Africa,98.61111111,dhps 437G
Mbogo GW,24799371,91,93,2014,2009,56.04692698,Uganda,East Africa,97.84946237,dhps 437G
Mbogo GW,24799371,108,111,2014,2010,58.27106833,Uganda,East Africa,97.2972973,dhps 437G
Mbogo GW,24799371,105,110,2014,2011,60.74368954,Uganda,East Africa,95.45454545,dhps 437G
Mbogo GW,24799371,75,79,2014,2012,61.95163131,Uganda,East Africa,94.93670886,dhps 437G
"Shah M, Omosun Y, Lal A, Odero C, Gatei W, Otieno K, Gimnig JE, ter Kuile F, Hawley WA, Nahlen B, Kariuki S, Walker E, Slutsker L, Hamel M, Shi YP",25889220,24,25,2015,2007,33.97777677,Kenya,East Africa,96,dhps 437G
"Shah M, Omosun Y, Lal A, Odero C, Gatei W, Otieno K, Gimnig JE, ter Kuile F, Hawley WA, Nahlen B, Kariuki S, Walker E, Slutsker L, Hamel M, Shi YP",25889220,32,32,2015,2007,27.86350548,Kenya,East Africa,100,dhps 437G
"Shah M, Omosun Y, Lal A, Odero C, Gatei W, Otieno K, Gimnig JE, ter Kuile F, Hawley WA, Nahlen B, Kariuki S, Walker E, Slutsker L, Hamel M, Shi YP",25889220,16,17,2015,2007,23.67905676,Kenya,East Africa,94.11764706,dhps 437G
Foumane Ngane V,25889865,26,30,2015,2010,5.603127554,Angola,Southern Africa,86.66666667,dhps 437G
Baldeviano GC,25897626,54,54,2015,2010,1.43E-06,Peru,South America,100,dhps 437G
"S<e1>enz FE, Morton LC, Okoth SA, Valenzuela G, Vera-Arias CA, V<e9>lez-<c1>lvarez E, Lucchi NW, Castro LE, Udhayakumar V",26651993,0,32,2014,2012,0.002847084,Ecuador,South America,0,dhps 437G
"Kar NP, Chauhan K, Nanda N, Kumar A, Carlton JM, Das A",26988711,12,41,2016,2011,0.426660711,India,Asia,29.26829268,dhps 437G
"Kar NP, Chauhan K, Nanda N, Kumar A, Carlton JM, Das A",26988711,9,43,2016,2011,0.246437429,India,Asia,20.93023256,dhps 437G
