author,study.Id,k,n,pyear,year,PR,country,Region,Prev_DR,mutation
Al-Hamidhi S,329,58,108,2013,2010,0.077080855,Yemen,Asia,53.7037037,dhfr 108N
Adhin MR,363,30,30,2014,2002,0,Suriname,South America,100,dhfr 108N
Adhin MR,363,28,28,2014,2009,0,Suriname,South America,100,dhfr 108N
Pathak A,364,75,78,2014,2009,0.030681427,India,Asia,96.15384615,dhfr 108N
Okombo J,386,51,62,2014,1999,36.86255515,Kenya,East Africa,82.25806452,dhfr 108N
Okombo J,386,51,51,2014,2006,3.794889525,Kenya,East Africa,100,dhfr 108N
Okombo J,386,52,52,2014,2012,2.263981104,Kenya,East Africa,100,dhfr 108N
Okombo J,386,59,75,2014,1995,NA,Kenya,East Africa,78.66666667,dhfr 108N
"Barnadas C, Timinao L, Javati S, Iga J, Malau E, Koepfli C, Robinson LJ, Senn N, Kiniboro B, Rare L, Reeder JC, Siba PM, Zimmerman PA, Karunajeewa H, Davis TM, Mueller I",405,114,114,2015,2006,0.023434706,Papua New Guinea,Oceania,100,dhfr 108N
"Barnadas C, Timinao L, Javati S, Iga J, Malau E, Koepfli C, Robinson LJ, Senn N, Kiniboro B, Rare L, Reeder JC, Siba PM, Zimmerman PA, Karunajeewa H, Davis TM, Mueller I",405,91,96,2015,2006,0.111931167,Papua New Guinea,Oceania,94.79166667,dhfr 108N
"Barnadas C, Timinao L, Javati S, Iga J, Malau E, Koepfli C, Robinson LJ, Senn N, Kiniboro B, Rare L, Reeder JC, Siba PM, Zimmerman PA, Karunajeewa H, Davis TM, Mueller I",405,62,63,2015,2010,0.118241622,Papua New Guinea,Oceania,98.41269841,dhfr 108N
"Rao PN, Uplekar S, Kayal S, Mallick PK, Bandyopadhyay N, Kale S, Singh OP, Mohanty A, Mohanty S, Wassmer SC, Carlton JM",418,5,16,2016,2014,0.777037814,India,Asia,31.25,dhfr 108N
"Mishra N, Srivastava B, Bharti RS, Rana R, Kaitholia K, Anvikar AR, Das MK, Ghosh SK, Bhatt RM, Tyagi PK, Dev V, Phookan S, Wattal SL, Sonal GS, Dhariwal AC, Valecha N",431,252,292,2016,2011,0,India,Asia,86.30136986,dhfr 108N
"Kaingona-Daniel EP, Gomes LR, Gama BE, Almeida-de-Oliveira NK, Fortes F, M<e9>nard D, Daniel-Ribeiro CT, Ferreira-da-Cruz Mde F",433,51,51,2016,2011,NA,Angola,Southern Africa,100,dhfr 108N
"Atroosh WM, Al-Mekhlafi HM, Snounou G, Al-Jasari A, Sady H, Nasr NA, Lau YL, Surin J",434,53,81,2016,2014,0,Yemen,Asia,65.43209877,dhfr 108N
"Adeel AA, Elnour FA, Elmardi KA, Abd-Elmajid MB, Elhelo MM, Ali MS, Adam MA, Atta H, Zamani G, Warsame M, Barrette A, Mohammady HE, Nada RA",435,77,79,2016,2011,1.887289993,Sudan,East Africa,97.46835443,dhfr 108N
"Adeel AA, Elnour FA, Elmardi KA, Abd-Elmajid MB, Elhelo MM, Ali MS, Adam MA, Atta H, Zamani G, Warsame M, Barrette A, Mohammady HE, Nada RA",435,93,96,2016,2011,1.796823554,Sudan,East Africa,96.875,dhfr 108N
"Adeel AA, Elnour FA, Elmardi KA, Abd-Elmajid MB, Elhelo MM, Ali MS, Adam MA, Atta H, Zamani G, Warsame M, Barrette A, Mohammady HE, Nada RA",435,94,98,2016,2011,NA,Sudan,East Africa,95.91836735,dhfr 108N
"Adeel AA, Elnour FA, Elmardi KA, Abd-Elmajid MB, Elhelo MM, Ali MS, Adam MA, Atta H, Zamani G, Warsame M, Barrette A, Mohammady HE, Nada RA",435,84,92,2016,2011,NA,Sudan,East Africa,91.30434783,dhfr 108N
"Ndong Ngomo JM, Mawili-Mboumba DP, M'Bondoukwe NP, Niki<e9>ma Ndong Ella R, Bouyou Akotet MK",436,29,29,2016,2005,NA,Gabon,Central Africa,100,dhfr 108N
"Ndong Ngomo JM, Mawili-Mboumba DP, M'Bondoukwe NP, Niki<e9>ma Ndong Ella R, Bouyou Akotet MK",436,60,62,2016,2008,NA,Gabon,Central Africa,96.77419355,dhfr 108N
"Sharifi-Sarasiabi K, Haghighi A, Kazemi B, Taghipour N, Mojarad EN, Gachkar L",437,16,16,2016,2007,NA,Iran,Asia,100,dhfr 108N
"Awab GR, Imwong M, Pukrittayakamee S, Alim F, Hanpithakpong W, Tarning J, Dondorp AM, Day NP, White NJ, Woodrow CJ",438,32,32,2016,2007,0.006537374,Afghanistan,Asia,100,dhfr 108N
"Awab GR, Imwong M, Pukrittayakamee S, Alim F, Hanpithakpong W, Tarning J, Dondorp AM, Day NP, White NJ, Woodrow CJ",438,71,71,2016,2010,0.003493238,Afghanistan,Asia,100,dhfr 108N
"Awab GR, Imwong M, Pukrittayakamee S, Alim F, Hanpithakpong W, Tarning J, Dondorp AM, Day NP, White NJ, Woodrow CJ",438,7,7,2016,2007,NA,Afghanistan,Asia,100,dhfr 108N
"Awab GR, Imwong M, Pukrittayakamee S, Alim F, Hanpithakpong W, Tarning J, Dondorp AM, Day NP, White NJ, Woodrow CJ",438,3,3,2016,2007,NA,Afghanistan,Asia,100,dhfr 108N
"Awab GR, Imwong M, Pukrittayakamee S, Alim F, Hanpithakpong W, Tarning J, Dondorp AM, Day NP, White NJ, Woodrow CJ",438,2,2,2016,2007,NA,Afghanistan,Asia,100,dhfr 108N
"Awab GR, Imwong M, Pukrittayakamee S, Alim F, Hanpithakpong W, Tarning J, Dondorp AM, Day NP, White NJ, Woodrow CJ",438,49,49,2016,2012,NA,Afghanistan,Asia,100,dhfr 108N
"Bamaga OA, Mahdy MA, Lim YA",439,19,26,2015,2011,0,Yemen,Asia,73.07692308,dhfr 108N
"Bamaga OA, Mahdy MA, Lim YA",439,88,102,2015,2011,3.065836616,Yemen,Asia,86.2745098,dhfr 108N
"Baraka V, Ishengoma DS, Fransis F, Minja DT, Madebe RA, Ngatunga D, Van Geertruyden JP",440,76,77,2015,2013,10.60959026,Tanzania,East Africa,98.7012987,dhfr 108N
"Baraka V, Ishengoma DS, Fransis F, Minja DT, Madebe RA, Ngatunga D, Van Geertruyden JP",440,72,72,2015,2013,7.633348554,Tanzania,East Africa,100,dhfr 108N
"Baraka V, Ishengoma DS, Fransis F, Minja DT, Madebe RA, Ngatunga D, Van Geertruyden JP",440,82,85,2015,2013,NA,Tanzania,East Africa,96.47058824,dhfr 108N
"Artimovich E, Kapito-Tembo A, Pensulo P, Nyirenda O, Brown S, Joshi S, Taylor TE, Mathanga D, Escalante AA, Laufer MK, Takala-Harrison S",441,537,539,2015,2012,13.69988173,Malawi,Southern Africa,99.62894249,dhfr 108N
"Artimovich E, Kapito-Tembo A, Pensulo P, Nyirenda O, Brown S, Joshi S, Taylor TE, Mathanga D, Escalante AA, Laufer MK, Takala-Harrison S",441,711,726,2015,2012,NA,Malawi,Southern Africa,97.9338843,dhfr 108N
"Artimovich E, Kapito-Tembo A, Pensulo P, Nyirenda O, Brown S, Joshi S, Taylor TE, Mathanga D, Escalante AA, Laufer MK, Takala-Harrison S",441,656,660,2015,2012,NA,Malawi,Southern Africa,99.39393939,dhfr 108N
"Tessema SK, Kassa M, Kebede A, Mohammed H, Leta GT, Woyessa A, Guma GT, Petros B",442,58,63,2015,2005,0,Ethiopia,East Africa,92.06349206,dhfr 108N
"Tessema SK, Kassa M, Kebede A, Mohammed H, Leta GT, Woyessa A, Guma GT, Petros B",442,47,63,2015,2007,0,Ethiopia,East Africa,74.6031746,dhfr 108N
"Papa Mze N, Ndiaye YD, Diedhiou CK, Rahamatou S, Dieye B, Daniels RF, Hamilton EJ, Diallo M, Bei AK, Wirth DF, Mboup S, Volkman SK, Ahouidi AD, Ndiaye D",443,115,123,2015,2012,NA,Comoros,East Africa,93.49593496,dhfr 108N
"Papa Mze N, Ndiaye YD, Diedhiou CK, Rahamatou S, Dieye B, Daniels RF, Hamilton EJ, Diallo M, Bei AK, Wirth DF, Mboup S, Volkman SK, Ahouidi AD, Ndiaye D",443,68,71,2015,2010,NA,S<e9>n<e9>gal,NA,95.77464789,dhfr 108N
"Sharma D, Lather M, Mallick PK, Adak T, Dang AS, Valecha N, Singh OP",444,55,84,2015,2006,2.475940995,India,Asia,65.47619048,dhfr 108N
"Sharma D, Lather M, Mallick PK, Adak T, Dang AS, Valecha N, Singh OP",444,43,70,2015,2006,0.041470019,India,Asia,61.42857143,dhfr 108N
"Sharma D, Lather M, Mallick PK, Adak T, Dang AS, Valecha N, Singh OP",444,31,31,2015,2006,0.190753688,India,Asia,100,dhfr 108N
"Sharma D, Lather M, Mallick PK, Adak T, Dang AS, Valecha N, Singh OP",444,10,32,2015,2006,NA,India,Asia,31.25,dhfr 108N
"Tahita MC, Tinto H, Erhart A, Kazienga A, Fitzhenry R, VanOvermeir C, Rosanas-Urgell A, Ouedraogo JB, Guiguemde RT, Van Geertruyden JP, D'Alessandro U",445,142,225,2015,2012,46.92227542,Burkina Faso,West Africa,63.11111111,dhfr 108N
"Kumar A, Moirangthem R, Gahlawat SK, Chandra J, Gupta P, Valecha N, Anvikar A, Singh V",446,2,29,2015,2013,3.130232543,India,Asia,6.896551724,dhfr 108N
"Kumar A, Moirangthem R, Gahlawat SK, Chandra J, Gupta P, Valecha N, Anvikar A, Singh V",446,1,15,2015,1994,NA,India,Asia,6.666666667,dhfr 108N
"Kumar A, Moirangthem R, Gahlawat SK, Chandra J, Gupta P, Valecha N, Anvikar A, Singh V",446,4,17,2015,1995,NA,India,Asia,23.52941176,dhfr 108N
"Kumar A, Moirangthem R, Gahlawat SK, Chandra J, Gupta P, Valecha N, Anvikar A, Singh V",446,4,13,2015,1996,NA,India,Asia,30.76923077,dhfr 108N
"Kumar A, Moirangthem R, Gahlawat SK, Chandra J, Gupta P, Valecha N, Anvikar A, Singh V",446,7,17,2015,2000,NA,India,Asia,41.17647059,dhfr 108N
"Kumar A, Moirangthem R, Gahlawat SK, Chandra J, Gupta P, Valecha N, Anvikar A, Singh V",446,4,19,2015,2001,NA,India,Asia,21.05263158,dhfr 108N
"Kumar A, Moirangthem R, Gahlawat SK, Chandra J, Gupta P, Valecha N, Anvikar A, Singh V",446,5,18,2015,2008,NA,India,Asia,27.77777778,dhfr 108N
"Kumar A, Moirangthem R, Gahlawat SK, Chandra J, Gupta P, Valecha N, Anvikar A, Singh V",446,10,19,2015,2010,NA,India,Asia,52.63157895,dhfr 108N
"Kumar A, Moirangthem R, Gahlawat SK, Chandra J, Gupta P, Valecha N, Anvikar A, Singh V",446,17,26,2015,2011,NA,India,Asia,65.38461538,dhfr 108N
"Siame MN, Mharakurwa S, Chipeta J, Thuma P, Michelo C",448,68,72,2015,2013,38.86559606,Zambia,Southern Africa,94.44444444,dhfr 108N
"Lucchi NW, Okoth SA, Komino F, Onyona P, Goldman IF, Ljolje D, Shi YP, Barnwell JW, Udhayakumar V, Kariuki S",453,201,201,2015,2010,34.35435593,Kenya,East Africa,100,dhfr 108N
"Koleala T, Karl S, Laman M, Moore BR, Benjamin J, Barnadas C, Robinson LJ, Kattenberg JH, Javati S, Wong RP, Rosanas-Urgell A, Betuela I, Siba PM, Mueller I, Davis TM",454,39,45,2015,2012,0.101897854,Papua New Guinea,Oceania,86.66666667,dhfr 108N
"Gresty KJ, Gray KA, Bobogare A, Wini L, Taleo G, Hii J, Cheng Q, Waters NC",455,58,58,2014,2008,NA,Solomon Islands,Oceania,100,dhfr 108N
"Gresty KJ, Gray KA, Bobogare A, Wini L, Taleo G, Hii J, Cheng Q, Waters NC",455,34,34,2014,2008,NA,Solomon Islands,Oceania,100,dhfr 108N
"Gresty KJ, Gray KA, Bobogare A, Wini L, Taleo G, Hii J, Cheng Q, Waters NC",455,22,22,2014,2008,NA,Vanuatu,Oceania,100,dhfr 108N
"Mohapatra PK, Sarma DK, Prakash A, Bora K, Ahmed MA, Sarma B, Goswami BK, Bhattacharyya DR, Mahanta J",456,97,97,2014,2006,0.074836536,India,Asia,100,dhfr 108N
"Mohapatra PK, Sarma DK, Prakash A, Bora K, Ahmed MA, Sarma B, Goswami BK, Bhattacharyya DR, Mahanta J",456,71,71,2014,2006,0.061509339,India,Asia,100,dhfr 108N
"Warsame M, Hassan AM, Barrette A, Jibril AM, Elmi HH, Arale AM, Mohammady HE, Nada RA, Amran JG, Muse A, Yusuf FE, Omar AS",457,79,79,2015,2011,NA,Somalia,NA,100,dhfr 108N
"Mishra N, Kaitholia K, Srivastava B, Shah NK, Narayan JP, Dev V, Phookan S, Anvikar AR, Rana R, Bharti RS, Sonal GS, Dhariwal AC, Valecha N",458,155,155,2014,2012,NA,India,Asia,100,dhfr 108N
"Juma DW, Omondi AA, Ingasia L, Opot B, Cheruiyot A, Yeda R, Okudo C, Cheruiyot J, Muiruri P, Ngalah B, Chebon LJ, Eyase F, Johnson J, Bulimo WD, Akala HM, Andagalu B, Kamau E",459,19,19,2014,2008,1.139267161,Kenya,East Africa,100,dhfr 108N
"Juma DW, Omondi AA, Ingasia L, Opot B, Cheruiyot A, Yeda R, Okudo C, Cheruiyot J, Muiruri P, Ngalah B, Chebon LJ, Eyase F, Johnson J, Bulimo WD, Akala HM, Andagalu B, Kamau E",459,21,21,2014,2009,0.881263521,Kenya,East Africa,100,dhfr 108N
"Juma DW, Omondi AA, Ingasia L, Opot B, Cheruiyot A, Yeda R, Okudo C, Cheruiyot J, Muiruri P, Ngalah B, Chebon LJ, Eyase F, Johnson J, Bulimo WD, Akala HM, Andagalu B, Kamau E",459,18,20,2014,2010,0.845160615,Kenya,East Africa,90,dhfr 108N
"Juma DW, Omondi AA, Ingasia L, Opot B, Cheruiyot A, Yeda R, Okudo C, Cheruiyot J, Muiruri P, Ngalah B, Chebon LJ, Eyase F, Johnson J, Bulimo WD, Akala HM, Andagalu B, Kamau E",459,29,29,2014,2010,1.002324466,Kenya,East Africa,100,dhfr 108N
"Juma DW, Omondi AA, Ingasia L, Opot B, Cheruiyot A, Yeda R, Okudo C, Cheruiyot J, Muiruri P, Ngalah B, Chebon LJ, Eyase F, Johnson J, Bulimo WD, Akala HM, Andagalu B, Kamau E",459,16,16,2014,2011,0.962124299,Kenya,East Africa,100,dhfr 108N
"Juma DW, Omondi AA, Ingasia L, Opot B, Cheruiyot A, Yeda R, Okudo C, Cheruiyot J, Muiruri P, Ngalah B, Chebon LJ, Eyase F, Johnson J, Bulimo WD, Akala HM, Andagalu B, Kamau E",459,18,22,2014,2011,0.838923454,Kenya,East Africa,81.81818182,dhfr 108N
"Juma DW, Omondi AA, Ingasia L, Opot B, Cheruiyot A, Yeda R, Okudo C, Cheruiyot J, Muiruri P, Ngalah B, Chebon LJ, Eyase F, Johnson J, Bulimo WD, Akala HM, Andagalu B, Kamau E",459,18,18,2014,2012,1.251781732,Kenya,East Africa,100,dhfr 108N
"Juma DW, Omondi AA, Ingasia L, Opot B, Cheruiyot A, Yeda R, Okudo C, Cheruiyot J, Muiruri P, Ngalah B, Chebon LJ, Eyase F, Johnson J, Bulimo WD, Akala HM, Andagalu B, Kamau E",459,20,52,2014,2012,0.731999194,Kenya,East Africa,38.46153846,dhfr 108N
"Tan KR, Katalenich BL, Mace KE, Nambozi M, Taylor SM, Meshnick SR, Wiegand RE, Chalwe V, Filler SJ, Kamuliwo M, Craig AS",460,84,84,2014,2010,NA,Zambia,Southern Africa,100,dhfr 108N
"Geiger C, Compaore G, Coulibaly B, Sie A, Dittmer M, Sanchez C, Lanzer M, J<e4>nisch T",461,12,157,2014,2000,86.5098834,Burkina Faso,West Africa,7.643312102,dhfr 108N
"Geiger C, Compaore G, Coulibaly B, Sie A, Dittmer M, Sanchez C, Lanzer M, J<e4>nisch T",461,128,249,2014,2009,66.71504974,Burkina Faso,West Africa,51.40562249,dhfr 108N
"Geiger C, Compaore G, Coulibaly B, Sie A, Dittmer M, Sanchez C, Lanzer M, J<e4>nisch T",461,132,223,2014,2010,70.07732391,Burkina Faso,West Africa,59.19282511,dhfr 108N
"Geiger C, Compaore G, Coulibaly B, Sie A, Dittmer M, Sanchez C, Lanzer M, J<e4>nisch T",461,147,213,2014,2011,71.03868723,Burkina Faso,West Africa,69.01408451,dhfr 108N
"Geiger C, Compaore G, Coulibaly B, Sie A, Dittmer M, Sanchez C, Lanzer M, J<e4>nisch T",461,32,36,2014,2012,70.33112049,Burkina Faso,West Africa,88.88888889,dhfr 108N
"Matondo SI, Temba GS, Kavishe AA, Kauki JS, Kalinga A, van Zwetselaar M, Reyburn H, Kavishe RA",462,62,64,2014,2010,15.08151293,Tanzania,East Africa,96.875,dhfr 108N
"Matondo SI, Temba GS, Kavishe AA, Kauki JS, Kalinga A, van Zwetselaar M, Reyburn H, Kavishe RA",462,86,96,2014,2010,21.79097533,Tanzania,East Africa,89.58333333,dhfr 108N
"Matondo SI, Temba GS, Kavishe AA, Kauki JS, Kalinga A, van Zwetselaar M, Reyburn H, Kavishe RA",462,116,116,2014,2010,11.99420169,Tanzania,East Africa,100,dhfr 108N
"Guerra M, Neres R, Salgueiro P, Mendes C, Ndong-Mabale N, Berzosa P, de Sousa B, Arez AP",475,104,104,2017,2013,42.14911163,Equatorial Guinea,Central Africa,100,dhfr 108N
"Guerra M, Neres R, Salgueiro P, Mendes C, Ndong-Mabale N, Berzosa P, de Sousa B, Arez AP",475,42,42,2017,2013,32.61892498,Equatorial Guinea,Central Africa,100,dhfr 108N
"Lau TY, Sylvi M, William T",477,22,22,2013,2010,NA,Malaysia,SEA,100,dhfr 108N
"Ogouy<e8>mi-Hounto A, Ndam NT, Fad<e9>gnon G, Azagnandji C, Bello M, Moussiliou A, Chippaux JP, Kinde Gazard D, Massougbodji A",478,35,194,2013,2012,24.39884096,Benin,West Africa,18.04123711,dhfr 108N
"Hailemeskel E, Kassa M, Taddesse G, Mohammed H, Woyessa A, Tasew G, Sleshi M, Kebede A, Petros B",479,60,61,2013,2005,NA,Ethiopia,East Africa,98.36065574,dhfr 108N
"Hailemeskel E, Kassa M, Taddesse G, Mohammed H, Woyessa A, Tasew G, Sleshi M, Kebede A, Petros B",479,77,78,2013,2008,NA,Ethiopia,East Africa,98.71794872,dhfr 108N
"Ndiaye YD, Di<e9>dhiou CK, Bei AK, Dieye B, Mbaye A, Mze NP, Daniels RF, Ndiaye IM, D<e9>me AB, Gaye A, Sy M, Ndiaye T, Badiane AS, Ndiaye M, Premji Z, Wirth DF, Mboup S, Krogstad D, Volkman SK, Ahouidi AD, Ndiaye D",481,48,50,2017,2011,3.156097606,Senegal,West Africa,96,dhfr 108N
"Ndiaye YD, Di<e9>dhiou CK, Bei AK, Dieye B, Mbaye A, Mze NP, Daniels RF, Ndiaye IM, D<e9>me AB, Gaye A, Sy M, Ndiaye T, Badiane AS, Ndiaye M, Premji Z, Wirth DF, Mboup S, Krogstad D, Volkman SK, Ahouidi AD, Ndiaye D",481,35,50,2017,2003,NA,Tanzania,East Africa,70,dhfr 108N
"Srivastava P, Ratha J, Shah NK, Mishra N, Anvikar AR, Sharma SK, Das MK, Srivastava B, Valecha N",492,19,19,2013,2010,1.954611763,India,Asia,100,dhfr 108N
"Srivastava P, Ratha J, Shah NK, Mishra N, Anvikar AR, Sharma SK, Das MK, Srivastava B, Valecha N",492,60,60,2013,2007,NA,India,Asia,100,dhfr 108N
"Srivastava P, Ratha J, Shah NK, Mishra N, Anvikar AR, Sharma SK, Das MK, Srivastava B, Valecha N",492,50,50,2013,2007,NA,India,Asia,100,dhfr 108N
"Som<e9> AF, Sorgho H, Zongo I, Bazi<e9> T, Niki<e9>ma F, Sawadogo A, Zongo M, Compaor<e9> YD, Ou<e9>draogo JB",497,150,235,2016,2012,25.34275353,Burkina Faso,West Africa,63.82978723,dhfr 108N
"Norahmad NA, Mohd Abd Razak MR, Abdullah NR, Sastu UR, Imwong M, Muniandy PK, Saat MN, Muhammad A, Jelip J, Tikuson M, Yusof N, Rundi C, Mudin RN, Syed Mohamed AF",499,29,29,2016,2011,4.57E-04,Malaysia,SEA,100,dhfr 108N
"Maiga H, Lasry E, Diarra M, Sagara I, Bamadio A, Traore A, Coumare S, Bahonan S, Sangare B, Dicko Y, Diallo N, Tembely A, Traore D, Niangaly H, Dao F, Haidara A, Dicko A, Doumbo OK, Djimde AA",500,176,191,NA,2012,43.773669,Mali,West Africa,92.14659686,dhfr 108N
"Maiga H, Lasry E, Diarra M, Sagara I, Bamadio A, Traore A, Coumare S, Bahonan S, Sangare B, Dicko Y, Diallo N, Tembely A, Traore D, Niangaly H, Dao F, Haidara A, Dicko A, Doumbo OK, Djimde AA",500,144,177,NA,2014,37.16340959,Mali,West Africa,81.3559322,dhfr 108N
"Kateera F, Nsobya SL, Tukwasibwe S, Hakizimana E, Mutesa L, Mens PF, Grobusch MP, van Vugt M, Kumar N",502,190,190,2016,2015,6.623948365,Rwanda,East Africa,100,dhfr 108N
"Kateera F, Nsobya SL, Tukwasibwe S, Hakizimana E, Mutesa L, Mens PF, Grobusch MP, van Vugt M, Kumar N",502,189,189,2016,2015,2.504286729,Rwanda,East Africa,100,dhfr 108N
"Morton LC, Huber C, Okoth SA, Griffing S, Lucchi N, Ljolje D, Boncy J, Oscar R, Townes D, McMorrow M, Chang MA, Udhayakumar V, Barnwell JW",510,39,108,2016,2010,0.59213182,Haiti,Caribbean,36.11111111,dhfr 108N
"Moussiliou A, De Tove YS, Doritchamou J, Luty AJ, Massougbodji A, Alifrangis M, Deloron P, Ndam NT",512,205,212,2013,2008,NA,Benin,West Africa,96.69811321,dhfr 108N
"Boussaroque A, Fall B, Madamet M, Wade KA, Fall M, Nakoulima A, Fall KB, Dionne P, Benoit N, Diatta B, Diem<e9> Y, Wade B, Pradines B",515,87,99,2016,2013,2.808528021,Senegal,West Africa,87.87878788,dhfr 108N
"Alareqi LM, Mahdy MA, Lau YL, Fong MY, Abdul-Ghani R, Mahmud R",516,1,45,2016,2013,0.016431564,Yemen,Asia,2.222222222,dhfr 108N
"Abdullah NR, Norahmad NA, Jelip J, Sulaiman LH, Mohd Sidek H, Ismail Z, Noedl H",519,18,31,2013,2008,NA,Malaysia,SEA,58.06451613,dhfr 108N
"Ndiaye M, Tine R, Faye B, Ndiaye JL, Lo AC, Sylla K, Abiola A, Dieng Y, Ndiaye D, Hallett R, Gaye O, Alifrangis M",520,53,73,2013,2009,NA,Senegal,West Africa,72.60273973,dhfr 108N
"Ndiaye M, Tine R, Faye B, Ndiaye JL, Lo AC, Sylla K, Abiola A, Dieng Y, Ndiaye D, Hallett R, Gaye O, Alifrangis M",520,69,76,2013,2010,NA,Senegal,West Africa,90.78947368,dhfr 108N
"Zhang Y, Yan H, Wei G, Han S, Huang Y, Zhang Q, Pan W",523,36,37,2014,2003,NA,China,Asia,97.2972973,dhfr 108N
"Zhang Y, Yan H, Wei G, Han S, Huang Y, Zhang Q, Pan W",523,40,50,2014,2003,NA,China,Asia,80,dhfr 108N
"Zhang Y, Yan H, Wei G, Han S, Huang Y, Zhang Q, Pan W",523,92,92,2014,2003,NA,China,Asia,100,dhfr 108N
"Zhang Y, Yan H, Wei G, Han S, Huang Y, Zhang Q, Pan W",523,78,78,2014,2003,NA,China,Asia,100,dhfr 108N
"Zhang Y, Yan H, Wei G, Han S, Huang Y, Zhang Q, Pan W",523,32,32,2014,2003,NA,China,Asia,100,dhfr 108N
"Zhang Y, Yan H, Wei G, Han S, Huang Y, Zhang Q, Pan W",523,60,60,2014,2003,NA,China,Asia,100,dhfr 108N
"Das S, Chakraborty SP, Hati A, Roy S",524,26,176,2013,2008,0.076739519,India,Asia,14.77272727,dhfr 108N
"Tyagi RK, Das MK, Singh SS, Sharma YD",526,5,5,2013,2004,0.04478159,India,Asia,100,dhfr 108N
"Tyagi RK, Das MK, Singh SS, Sharma YD",526,8,8,2013,2005,2.481327206,India,Asia,100,dhfr 108N
"Tyagi RK, Das MK, Singh SS, Sharma YD",526,8,8,2013,2006,0.214196276,India,Asia,100,dhfr 108N
"Tyagi RK, Das MK, Singh SS, Sharma YD",526,6,6,2013,2007,4.259150475,India,Asia,100,dhfr 108N
"Tyagi RK, Das MK, Singh SS, Sharma YD",526,5,6,2013,2008,0.493626995,India,Asia,83.33333333,dhfr 108N
"Tyagi RK, Das MK, Singh SS, Sharma YD",526,4,4,2013,2010,0.495247962,India,Asia,100,dhfr 108N
"Tyagi RK, Das MK, Singh SS, Sharma YD",526,2,2,2013,2009,NA,India,Asia,100,dhfr 108N
"Pearce RJ, Ord R, Kaur H, Lupala C, Schellenberg J, Shirima K, Manzi F, Alonso P, Tanner M, Mshinda H, Roper C, Schellenberg D",528,342,415,2013,2004,9.699380398,Tanzania,East Africa,82.40963855,dhfr 108N
"Pearce RJ, Ord R, Kaur H, Lupala C, Schellenberg J, Shirima K, Manzi F, Alonso P, Tanner M, Mshinda H, Roper C, Schellenberg D",528,186,524,2013,2006,8.89120549,Tanzania,East Africa,35.49618321,dhfr 108N
"Pearce RJ, Ord R, Kaur H, Lupala C, Schellenberg J, Shirima K, Manzi F, Alonso P, Tanner M, Mshinda H, Roper C, Schellenberg D",528,163,202,2013,2007,9.232383221,Tanzania,East Africa,80.69306931,dhfr 108N
"Hern<e1>ndez DC, Guerra AP, Cucunub<e1> ZM, Nicholls RS, Barrera SM",529,38,58,2013,2006,3.956342489,Colombia,South America,65.51724138,dhfr 108N
"Hern<e1>ndez DC, Guerra AP, Cucunub<e1> ZM, Nicholls RS, Barrera SM",529,122,122,2013,2006,0.025584651,Colombia,South America,100,dhfr 108N
"Griffing SM, Viana GM, Mixson-Hayden T, Sridaran S, Alam MT, de Oliveira AM, Barnwell JW, Escalante AA, Povoa MM, Udhayakumar V",530,5,5,2013,1983,NA,Brazil,South America,100,dhfr 108N
"Griffing SM, Viana GM, Mixson-Hayden T, Sridaran S, Alam MT, de Oliveira AM, Barnwell JW, Escalante AA, Povoa MM, Udhayakumar V",530,2,2,2013,1984,NA,Brazil,South America,100,dhfr 108N
"Griffing SM, Viana GM, Mixson-Hayden T, Sridaran S, Alam MT, de Oliveira AM, Barnwell JW, Escalante AA, Povoa MM, Udhayakumar V",530,3,3,2013,1983,NA,Brazil,South America,100,dhfr 108N
"Griffing SM, Viana GM, Mixson-Hayden T, Sridaran S, Alam MT, de Oliveira AM, Barnwell JW, Escalante AA, Povoa MM, Udhayakumar V",530,12,12,2013,1983,NA,Brazil,South America,100,dhfr 108N
"Griffing SM, Viana GM, Mixson-Hayden T, Sridaran S, Alam MT, de Oliveira AM, Barnwell JW, Escalante AA, Povoa MM, Udhayakumar V",530,8,8,2013,1985,NA,Brazil,South America,100,dhfr 108N
"Griffing SM, Viana GM, Mixson-Hayden T, Sridaran S, Alam MT, de Oliveira AM, Barnwell JW, Escalante AA, Povoa MM, Udhayakumar V",530,2,2,2013,1984,NA,Brazil,South America,100,dhfr 108N
"Griffing SM, Viana GM, Mixson-Hayden T, Sridaran S, Alam MT, de Oliveira AM, Barnwell JW, Escalante AA, Povoa MM, Udhayakumar V",530,1,1,2013,1996,NA,Brazil,South America,100,dhfr 108N
"Griffing SM, Viana GM, Mixson-Hayden T, Sridaran S, Alam MT, de Oliveira AM, Barnwell JW, Escalante AA, Povoa MM, Udhayakumar V",530,22,22,2013,1998,NA,Brazil,South America,100,dhfr 108N
"Griffing SM, Viana GM, Mixson-Hayden T, Sridaran S, Alam MT, de Oliveira AM, Barnwell JW, Escalante AA, Povoa MM, Udhayakumar V",530,34,34,2013,1999,NA,Brazil,South America,100,dhfr 108N
"Griffing SM, Viana GM, Mixson-Hayden T, Sridaran S, Alam MT, de Oliveira AM, Barnwell JW, Escalante AA, Povoa MM, Udhayakumar V",530,11,11,2013,1999,NA,Brazil,South America,100,dhfr 108N
"Griffing SM, Viana GM, Mixson-Hayden T, Sridaran S, Alam MT, de Oliveira AM, Barnwell JW, Escalante AA, Povoa MM, Udhayakumar V",530,50,50,2013,1996,NA,Brazil,South America,100,dhfr 108N
"Lin JT, Mbewe B, Taylor SM, Luntamo M, Meshnick SR, Ashorn P",531,88,88,2013,2003,NA,Malawi,Southern Africa,100,dhfr 108N
"Ndiaye D, Dieye B, Ndiaye YD, Van Tyne D, Daniels R, Bei AK, Mbaye A, Valim C, Lukens A, Mboup S, Ndir O, Wirth DF, Volkman S",533,10,15,2013,2003,4.78169471,Senegal,West Africa,66.66666667,dhfr 108N
"Ndiaye D, Dieye B, Ndiaye YD, Van Tyne D, Daniels R, Bei AK, Mbaye A, Valim C, Lukens A, Mboup S, Ndir O, Wirth DF, Volkman S",533,86,93,2013,2008,3.289664909,Senegal,West Africa,92.47311828,dhfr 108N
"Ndiaye D, Dieye B, Ndiaye YD, Van Tyne D, Daniels R, Bei AK, Mbaye A, Valim C, Lukens A, Mboup S, Ndir O, Wirth DF, Volkman S",533,67,84,2013,2009,2.365168184,Senegal,West Africa,79.76190476,dhfr 108N
"Ndiaye D, Dieye B, Ndiaye YD, Van Tyne D, Daniels R, Bei AK, Mbaye A, Valim C, Lukens A, Mboup S, Ndir O, Wirth DF, Volkman S",533,83,94,2013,2010,3.68953608,Senegal,West Africa,88.29787234,dhfr 108N
"Ndiaye D, Dieye B, Ndiaye YD, Van Tyne D, Daniels R, Bei AK, Mbaye A, Valim C, Lukens A, Mboup S, Ndir O, Wirth DF, Volkman S",533,122,130,2013,2011,3.156097606,Senegal,West Africa,93.84615385,dhfr 108N
"Iwalokun BA, Iwalokun SO, Adebodun V, Balogun M",534,22,40,2015,2011,NA,Nigeria,West Africa,55,dhfr 108N
"Mbonye AK, Birungi J, Yanow SK, Shokoples S, Malamba S, Alifrangis M, Magnussen P",535,105,105,2015,2010,NA,Uganda,East Africa,100,dhfr 108N
"Chauvin P, Menard S, Iriart X, Nsango SE, Tchioffo MT, Abate L, Awono-Amb<e9>n<e9> PH, Morlais I, Berry A",536,50,51,2015,2010,13.16192001,Cameroon,Central Africa,98.03921569,dhfr 108N
"Gutman J, Mwandama D, Wiegand RE, Abdallah J, Iriemenam NC, Shi YP, Mathanga DP, Skarbinski J",537,211,214,2015,2010,NA,Malawi,Southern Africa,98.59813084,dhfr 108N
"Oguike MC, Falade CO, Shu E, Enato IG, Watila I, Baba ES, Bruce J, Webster J, Hamade P, Meek S, Chandramohan D, Sutherland CJ, Warhurst D, Roper C",553,38,38,2016,2003,32.83747435,Nigeria,West Africa,100,dhfr 108N
"Oguike MC, Falade CO, Shu E, Enato IG, Watila I, Baba ES, Bruce J, Webster J, Hamade P, Meek S, Chandramohan D, Sutherland CJ, Warhurst D, Roper C",553,189,190,2016,2007,34.60164964,Nigeria,West Africa,99.47368421,dhfr 108N
"Oguike MC, Falade CO, Shu E, Enato IG, Watila I, Baba ES, Bruce J, Webster J, Hamade P, Meek S, Chandramohan D, Sutherland CJ, Warhurst D, Roper C",553,79,79,2016,2014,22.89843261,Nigeria,West Africa,100,dhfr 108N
"Oguike MC, Falade CO, Shu E, Enato IG, Watila I, Baba ES, Bruce J, Webster J, Hamade P, Meek S, Chandramohan D, Sutherland CJ, Warhurst D, Roper C",553,47,49,2016,2010,NA,Nigeria,West Africa,95.91836735,dhfr 108N
"Ravenhall M, Benavente ED, Mipando M, Jensen AT, Sutherland CJ, Roper C, Sep<fa>lveda N, Kwiatkowski DP, Montgomery J, Phiri KS, Terlouw A, Craig A, Campino S, Ocholla H, Clark TG",555,220,220,2016,2010,16.92467332,Malawi,Southern Africa,100,dhfr 108N
"Zeng W, Bai Y, Wang M, Wang Z, Deng S, Ruan Y, Feng S, Yang Z, Cui L",556,22,31,2017,2008,2.346665785,Myanmar,SEA,70.96774194,dhfr 108N
"Zeng W, Bai Y, Wang M, Wang Z, Deng S, Ruan Y, Feng S, Yang Z, Cui L",556,31,31,2017,2008,0.487374235,Myanmar,SEA,100,dhfr 108N
"Berzosa P, Esteban-Cantos A, Garc<ed>a L, Gonz<e1>lez V, Navarro M, Fern<e1>ndez T, Romay-Barja M, Herrador Z, Rubio JM, Ncogo P, Santana-Morales M, Valladares B, Riloha M, Benito A",557,243,244,2017,2013,24.22609776,Equatorial Guinea,Central Africa,99.59016393,dhfr 108N
"Jovel IT, Bj<f6>rkman A, Roper C, M<e5>rtensson A, Ursing J",561,29,45,2017,1978,NA,Liberia,West Africa,64.44444444,dhfr 108N
"Ould Ahmedou Salem MS, Mint Lekweiry K, Bouchiba H, Pascual A, Pradines B, Ould Mohamed Salem Boukhary A, Briolant S, Basco LK, Bogreau H",564,10,53,2017,2010,3.889230266,Mauritania,West Africa,18.86792453,dhfr 108N
"Ould Ahmedou Salem MS, Mint Lekweiry K, Bouchiba H, Pascual A, Pradines B, Ould Mohamed Salem Boukhary A, Briolant S, Basco LK, Bogreau H",564,46,132,2017,2010,3.69855091,Mauritania,West Africa,34.84848485,dhfr 108N
"Ould Ahmedou Salem MS, Mint Lekweiry K, Bouchiba H, Pascual A, Pradines B, Ould Mohamed Salem Boukhary A, Briolant S, Basco LK, Bogreau H",564,27,83,2017,2010,3.528710455,Mauritania,West Africa,32.53012048,dhfr 108N
"Nag S, Dalgaard MD, Kofoed PE, Ursing J, Crespo M, Andersen LO, Aarestrup FM, Lund O, Alifrangis M",567,292,316,2017,2014,2.868559584,Guinea-Bissau,West Africa,92.40506329,dhfr 108N
"Lynch CA, Pearce R, Pota H, Egwang C, Egwang T, Bhasin A, Cox J, Abeku TA, Roper C",569,139,139,2017,2007,13.9617458,Uganda,East Africa,100,dhfr 108N
"Mbaye A, Gaye A, Dieye B, Ndiaye YD, Bei AK, Affara M, Deme AB, Yade MS, Diongue K, Ndiaye IM, Ndiaye T, Sy M, Sy N, Koita O, Krogstad DJ, Volkman S, Nwakanma D, Ndiaye D",570,50,51,2017,2014,3.427685425,Senegal,West Africa,98.03921569,dhfr 108N
"Lo E, Hemming-Schroeder E, Yewhalaw D, Nguyen J, Kebede E, Zemene E, Getachew S, Tushune K, Zhong D, Zhou G, Petros B, Yan G",571,26,34,2017,2014,0.847822987,Ethiopia,East Africa,76.47058824,dhfr 108N
"Lo E, Hemming-Schroeder E, Yewhalaw D, Nguyen J, Kebede E, Zemene E, Getachew S, Tushune K, Zhong D, Zhou G, Petros B, Yan G",571,10,30,2017,2014,3.54305394,Ethiopia,East Africa,33.33333333,dhfr 108N
"Diawara F, Steinhardt LC, Mahamar A, Traore T, Kone DT, Diawara H, Kamate B, Kone D, Diallo M, Sadou A, Mihigo J, Sagara I, Djimde AA, Eckert E, Dicko A",572,42,48,2017,2014,45.00828385,Mali,West Africa,87.5,dhfr 108N
"Diawara F, Steinhardt LC, Mahamar A, Traore T, Kone DT, Diawara H, Kamate B, Kone D, Diallo M, Sadou A, Mihigo J, Sagara I, Djimde AA, Eckert E, Dicko A",572,53,58,2017,2014,35.85107923,Mali,West Africa,91.37931034,dhfr 108N
"Conrad MD, Mota D, Foster M, Tukwasibwe S, Legac J, Tumwebaze P, Whalen M, Kakuru A, Nayebare P, Wallender E, Havlir DV, Jagannathan P, Huang L, Aweeka F, Kamya MR, Dorsey G, Rosenthal PJ",573,207,212,2017,2015,29.91955876,Uganda,East Africa,97.64150943,dhfr 108N
"Warsame M, Hassan AH, Hassan AM, Arale AM, Jibril AM, Mohamud SA, Barrette A, Muse AY, Yusuf FE, Nada RA, Amran JG",574,90,90,2017,2015,NA,Somalia,NA,100,dhfr 108N
"Chatterjee M, Ganguly S, Saha P, Guha SK, Maji AK",576,107,113,2017,2014,0.061280309,India,Asia,94.69026549,dhfr 108N
"Desai M, Gutman J, Taylor SM, Wiegand RE, Khairallah C, Kayentao K, Ouma P, Coulibaly SO, Kalilani L, Mace KE, Arinaitwe E, Mathanga DP, Doumbo O, Otieno K, Edgar D, Chaluluka E, Kamuliwo M, Ades V, Skarbinski J, Shi YP, Magnussen P, Meshnick S, Ter Kuile FO",585,50,130,2016,2009,NA,Mali,West Africa,38.46153846,dhfr 108N
"Chenet SM, Okoth SA, Kelley J, Lucchi N, Huber CS, Vreden S, Macedo de Oliveira A, Barnwell JW, Udhayakumar V, Adhin MR",589,38,38,2017,2013,0,Suriname,South America,100,dhfr 108N
"Tumwebaze P, Tukwasibwe S, Taylor A, Conrad M, Ruhamyankaka E, Asua V, Walakira A, Nankabirwa J, Yeka A, Staedke SG, Greenhouse B, Nsobya SL, Kamya MR, Dorsey G, Rosenthal PJ",591,72,72,2017,2012,7.849647105,Uganda,East Africa,100,dhfr 108N
"Tumwebaze P, Tukwasibwe S, Taylor A, Conrad M, Ruhamyankaka E, Asua V, Walakira A, Nankabirwa J, Yeka A, Staedke SG, Greenhouse B, Nsobya SL, Kamya MR, Dorsey G, Rosenthal PJ",591,66,66,2017,2012,50.73883533,Uganda,East Africa,100,dhfr 108N
"Tumwebaze P, Tukwasibwe S, Taylor A, Conrad M, Ruhamyankaka E, Asua V, Walakira A, Nankabirwa J, Yeka A, Staedke SG, Greenhouse B, Nsobya SL, Kamya MR, Dorsey G, Rosenthal PJ",591,255,255,2017,2012,61.95163131,Uganda,East Africa,100,dhfr 108N
"Tumwebaze P, Tukwasibwe S, Taylor A, Conrad M, Ruhamyankaka E, Asua V, Walakira A, Nankabirwa J, Yeka A, Staedke SG, Greenhouse B, Nsobya SL, Kamya MR, Dorsey G, Rosenthal PJ",591,60,60,2017,2013,7.722874731,Uganda,East Africa,100,dhfr 108N
"Tumwebaze P, Tukwasibwe S, Taylor A, Conrad M, Ruhamyankaka E, Asua V, Walakira A, Nankabirwa J, Yeka A, Staedke SG, Greenhouse B, Nsobya SL, Kamya MR, Dorsey G, Rosenthal PJ",591,49,49,2017,2013,38.49323094,Uganda,East Africa,100,dhfr 108N
"Tumwebaze P, Tukwasibwe S, Taylor A, Conrad M, Ruhamyankaka E, Asua V, Walakira A, Nankabirwa J, Yeka A, Staedke SG, Greenhouse B, Nsobya SL, Kamya MR, Dorsey G, Rosenthal PJ",591,198,198,2017,2013,51.93749666,Uganda,East Africa,100,dhfr 108N
"Tumwebaze P, Tukwasibwe S, Taylor A, Conrad M, Ruhamyankaka E, Asua V, Walakira A, Nankabirwa J, Yeka A, Staedke SG, Greenhouse B, Nsobya SL, Kamya MR, Dorsey G, Rosenthal PJ",591,110,110,2017,2015,8.142995089,Uganda,East Africa,100,dhfr 108N
"Tumwebaze P, Tukwasibwe S, Taylor A, Conrad M, Ruhamyankaka E, Asua V, Walakira A, Nankabirwa J, Yeka A, Staedke SG, Greenhouse B, Nsobya SL, Kamya MR, Dorsey G, Rosenthal PJ",591,36,36,2017,2015,29.47316468,Uganda,East Africa,100,dhfr 108N
"Tumwebaze P, Tukwasibwe S, Taylor A, Conrad M, Ruhamyankaka E, Asua V, Walakira A, Nankabirwa J, Yeka A, Staedke SG, Greenhouse B, Nsobya SL, Kamya MR, Dorsey G, Rosenthal PJ",591,282,282,2017,2015,29.91955876,Uganda,East Africa,100,dhfr 108N
"Barnadas C, Senn N, Iga J, Timinao L, Javati S, Malau E, Rarau P, Reeder JC, Siba P, Karunajeewa H, Zimmerman PA, Davis TM, Mueller I",592,69,70,2014,2006,0.015301065,Papua New Guinea,Oceania,98.57142857,dhfr 108N
"Obaldia N, Baro NK, Calzada JE, Santamaria AM, Daniels R, Wong W, Chang HH, Hamilton EJ, Arevalo-Herrera M, Herrera S, Wirth DF, Hartl DL, Marti M, Volkman SK",595,2,5,2015,2011,4.232206941,Colombia,South America,40,dhfr 108N
"Obaldia N, Baro NK, Calzada JE, Santamaria AM, Daniels R, Wong W, Chang HH, Hamilton EJ, Arevalo-Herrera M, Herrera S, Wirth DF, Hartl DL, Marti M, Volkman SK",595,2,9,2015,2011,0.016108825,Colombia,South America,22.22222222,dhfr 108N
"Obaldia N, Baro NK, Calzada JE, Santamaria AM, Daniels R, Wong W, Chang HH, Hamilton EJ, Arevalo-Herrera M, Herrera S, Wirth DF, Hartl DL, Marti M, Volkman SK",595,4,4,2015,2011,2.071360126,Colombia,South America,100,dhfr 108N
"Obaldia N, Baro NK, Calzada JE, Santamaria AM, Daniels R, Wong W, Chang HH, Hamilton EJ, Arevalo-Herrera M, Herrera S, Wirth DF, Hartl DL, Marti M, Volkman SK",595,15,15,2015,2003,0,Panama,Central America,100,dhfr 108N
"Obaldia N, Baro NK, Calzada JE, Santamaria AM, Daniels R, Wong W, Chang HH, Hamilton EJ, Arevalo-Herrera M, Herrera S, Wirth DF, Hartl DL, Marti M, Volkman SK",595,17,17,2015,2003,1.75E-05,Panama,Central America,100,dhfr 108N
"Obaldia N, Baro NK, Calzada JE, Santamaria AM, Daniels R, Wong W, Chang HH, Hamilton EJ, Arevalo-Herrera M, Herrera S, Wirth DF, Hartl DL, Marti M, Volkman SK",595,5,5,2015,2003,1.49E-05,Panama,Central America,100,dhfr 108N
"Esu E, Tacoli C, Gai P, Berens-Riha N, Pritsch M, Loescher T, Meremikwu M",598,28,28,2018,2013,NA,Nigeria,West Africa,100,dhfr 108N
"Patel P, Bharti PK, Bansal D, Ali NA, Raman RK, Mohapatra PK, Sehgal R, Mahanta J, Sultan AA, Singh N",605,126,163,2017,2013,1.631412841,India,Asia,77.3006135,dhfr 108N
"Suttipat Srisutham, Nguyen Than Thuy-Nhien, Ranitha Vongpromek, Teeradet Khomvarn, Mayfong Mayxay, Olivo Miotto, Francois Nosten, Frank Smithuis, Rob van der Pluijm, Lorenz von Seidlein, Carol H Sibley, Philippe J. Gu<e9>rin, Nicholas P. J. Day, Arjen Dondorp, Mehul Dhorda, Mallika Imwong",607,176,180,2016,2016,16.04759842,Chad,Central Africa,97.77777778,dhfr 108N
"Sarmah NP, Sarma K, Bhattacharyya DR, Sultan AA, Bansal D, Singh N, Bharti PK, Sehgal R, Mohapatra PK, Parida P, Mahanta J",609,75,75,2017,2013,NA,India,Asia,100,dhfr 108N
"Hemming-Schroeder E, Umukoro E, Lo E, Fung B, Tomás-Domingo P, Zhou G, Zhong D, Dixit A, Atieli H, Githeko A, Vardo-Zalik A, Yan G.",614,33,33,2018,2003,58.67223144,Kenya,East Africa,100,dhfr 108N
"Hemming-Schroeder E, Umukoro E, Lo E, Fung B, Tomás-Domingo P, Zhou G, Zhong D, Dixit A, Atieli H, Githeko A, Vardo-Zalik A, Yan G.",614,53,53,2018,2003,60.80369353,Kenya,East Africa,100,dhfr 108N
"Hemming-Schroeder E, Umukoro E, Lo E, Fung B, Tomás-Domingo P, Zhou G, Zhong D, Dixit A, Atieli H, Githeko A, Vardo-Zalik A, Yan G.",614,73,73,2018,2005,29.84546125,Kenya,East Africa,100,dhfr 108N
"Hemming-Schroeder E, Umukoro E, Lo E, Fung B, Tomás-Domingo P, Zhou G, Zhong D, Dixit A, Atieli H, Githeko A, Vardo-Zalik A, Yan G.",614,109,109,2018,2005,19.98243779,Kenya,East Africa,100,dhfr 108N
"Hemming-Schroeder E, Umukoro E, Lo E, Fung B, Tomás-Domingo P, Zhou G, Zhong D, Dixit A, Atieli H, Githeko A, Vardo-Zalik A, Yan G.",614,164,194,2018,2008,17.35485345,Kenya,East Africa,84.53608247,dhfr 108N
"Hemming-Schroeder E, Umukoro E, Lo E, Fung B, Tomás-Domingo P, Zhou G, Zhong D, Dixit A, Atieli H, Githeko A, Vardo-Zalik A, Yan G.",614,77,82,2018,2008,6.936017424,Kenya,East Africa,93.90243902,dhfr 108N
"Hemming-Schroeder E, Umukoro E, Lo E, Fung B, Tomás-Domingo P, Zhou G, Zhong D, Dixit A, Atieli H, Githeko A, Vardo-Zalik A, Yan G.",614,90,90,2018,2015,19.11586225,Kenya,East Africa,100,dhfr 108N
"Hemming-Schroeder E, Umukoro E, Lo E, Fung B, Tomás-Domingo P, Zhou G, Zhong D, Dixit A, Atieli H, Githeko A, Vardo-Zalik A, Yan G.",614,49,49,2018,2015,11.93156317,Kenya,East Africa,100,dhfr 108N
"Grais RF, Laminou IM, Woi-Messe L, Makarimi R, Bouriema SH, Langendorf C, Amambua-Ngwa A, D'Alessandro U, Guérin PJ, Fandeur T, Sibley CH.",615,82,118,2018,2011,16.22333229,Niger,West Africa,69.49152542,dhfr 108N
Kolapo Muyiwa Oyebola,627,65,65,2018,2016,4.398994148,Nigeria,West Africa,100,dhfr 108N
"Moyeh MN, Njimoh DL, Evehe MS, Ali IM, Nji AM, Nkafu DN, Masumbe PN, Barbara AT, Ndikum VN, Mbacham WF.",631,220,222,2018,2003,59.85939503,Cameroon,Central Africa,99.0990991,dhfr 108N
"Moyeh MN, Njimoh DL, Evehe MS, Ali IM, Nji AM, Nkafu DN, Masumbe PN, Barbara AT, Ndikum VN, Mbacham WF.",631,243,243,2018,2009,26.94547772,Cameroon,Central Africa,100,dhfr 108N
"Smith SJ, Kamara ARY, Sahr F, Samai M, Swaray AS, Menard D, Warsame M.",632,114,114,2018,2016,NA,Sierra Leone,West Africa,100,dhfr 108N
"Smith SJ, Kamara ARY, Sahr F, Samai M, Swaray AS, Menard D, Warsame M.",632,117,117,2018,2016,NA,Sierra Leone,West Africa,100,dhfr 108N
"Smith SJ, Kamara ARY, Sahr F, Samai M, Swaray AS, Menard D, Warsame M.",632,64,64,2018,2016,NA,Sierra Leone,West Africa,100,dhfr 108N
"Osarfo J, Tagbor H, Magnussen P, Alifrangis M.",656,122,139,2018,2011,31.93092942,Ghana,West Africa,87.76978417,dhfr 108N
"Voumbo-Matoumona DF, Akiana J, Madamet M, Kouna LC, Lekana-Douki JB, Pradines B.",712,21,21,2018,2010,4.74637337,Congo,Central Africa,100,dhfr 108N
"Voumbo-Matoumona DF, Akiana J, Madamet M, Kouna LC, Lekana-Douki JB, Pradines B.",712,8,8,2018,2013,14.35489357,Congo,Central Africa,100,dhfr 108N
"Voumbo-Matoumona DF, Akiana J, Madamet M, Kouna LC, Lekana-Douki JB, Pradines B.",712,13,13,2018,2015,10.97750068,Congo,Central Africa,100,dhfr 108N
"Nkoli Mandoko P, Rouvier F, Matendo Kakina L, Moke Mbongi D, Latour C, Losimba Likwela J, Ngoyi Mumba D, Bi Shamamba SK, Tamfum Muyembe JJ, Muepu Tshilolo L, Parzy D, Sinou V.",713,449,450,2018,2014,NA,Democratic Republic of the Congo,Central Africa,99.77777778,dhfr 108N
"Nkoli Mandoko P, Rouvier F, Matendo Kakina L, Moke Mbongi D, Latour C, Losimba Likwela J, Ngoyi Mumba D, Bi Shamamba SK, Tamfum Muyembe JJ, Muepu Tshilolo L, Parzy D, Sinou V.",713,390,393,2018,2014,NA,Democratic Republic of the Congo,Central Africa,99.23664122,dhfr 108N
"Nkoli Mandoko P, Rouvier F, Matendo Kakina L, Moke Mbongi D, Latour C, Losimba Likwela J, Ngoyi Mumba D, Bi Shamamba SK, Tamfum Muyembe JJ, Muepu Tshilolo L, Parzy D, Sinou V.",713,404,407,2018,2014,NA,Democratic Republic of the Congo,Central Africa,99.26289926,dhfr 108N
"Nkoli Mandoko P, Rouvier F, Matendo Kakina L, Moke Mbongi D, Latour C, Losimba Likwela J, Ngoyi Mumba D, Bi Shamamba SK, Tamfum Muyembe JJ, Muepu Tshilolo L, Parzy D, Sinou V.",713,460,464,2018,2014,NA,Democratic Republic of the Congo,Central Africa,99.13793103,dhfr 108N
"Das S, Manna S, Saha B, Hati AK, Roy S.",716,213,226,2018,2014,0.049592723,India,Asia,94.24778761,dhfr 108N
"Yaqoob A, Khattak AA, Nadeem MF, Fatima H, Mbambo G, Ouattara A, Adams M, Zeeshan N, Takala-Harrison S.",717,90,90,2018,2016,0.162209128,Pakistan,Asia,100,dhfr 108N
"Yaqoob A, Khattak AA, Nadeem MF, Fatima H, Mbambo G, Ouattara A, Adams M, Zeeshan N, Takala-Harrison S.",717,10,10,2018,2016,0.243044179,Pakistan,Asia,100,dhfr 108N
"Yaqoob A, Khattak AA, Nadeem MF, Fatima H, Mbambo G, Ouattara A, Adams M, Zeeshan N, Takala-Harrison S.",717,52,52,2018,2016,NA,Pakistan,Asia,100,dhfr 108N
"Yaqoob A, Khattak AA, Nadeem MF, Fatima H, Mbambo G, Ouattara A, Adams M, Zeeshan N, Takala-Harrison S.",717,88,88,2018,2016,NA,Pakistan,Asia,100,dhfr 108N
"Yaqoob A, Khattak AA, Nadeem MF, Fatima H, Mbambo G, Ouattara A, Adams M, Zeeshan N, Takala-Harrison S.",717,57,57,2018,2016,NA,Pakistan,Asia,100,dhfr 108N
Jean Bernard Lekana-Douki,722,15,15,2018,2011,7.172894478,Gabon,Central Africa,100,dhfr 108N
Jean Bernard Lekana-Douki,722,22,23,2018,2012,8.91276449,Gabon,Central Africa,95.65217391,dhfr 108N
Jean Bernard Lekana-Douki,722,22,22,2018,2013,11.52056009,Gabon,Central Africa,100,dhfr 108N
Jean Bernard Lekana-Douki,722,23,23,2018,2013,10.85176542,Gabon,Central Africa,100,dhfr 108N
Jean Bernard Lekana-Douki,722,28,29,2018,2013,11.8711412,Gabon,Central Africa,96.55172414,dhfr 108N
Jean Bernard Lekana-Douki,722,17,19,2018,2014,15.19322544,Gabon,Central Africa,89.47368421,dhfr 108N
Jean Bernard Lekana-Douki,722,26,26,2018,2014,13.41536939,Gabon,Central Africa,100,dhfr 108N
Jean Bernard Lekana-Douki,722,16,17,2018,2014,14.92462605,Gabon,Central Africa,94.11764706,dhfr 108N
"Tingting Jiang, Jiangtao Chen, Hongxia Fu, Kai Wu, Yi Yao, Juan Urbano Monsuy Eyi, Rocio Apicante Matesa, Maximo Miko Ondo Obono, Weixing Du, Huabing Tan, Min Lin,Jian Li",725,162,167,2019,2013,15.89104086,Equatorial Guinea,Central Africa,97.00598802,dhfr 108N
"Koumba Lengongo JV, Ndiaye YD, Tshibola Mbuyi ML, Ndong Ngomo JM, Ndiaye D, Bouyou Akotet MK, Mawili-Mboumba DP",731,26,26,2019,2015,21.5746671,Gabon,Central Africa,100,dhfr 108N
"Ndiaye JLA, Ndiaye Y, Ba MS, Faye B, Ndiaye M, Seck A, Tine R, Thior PM, Atwal S, Beshir K, Sutherland C, Gaye O, Milligan P.",732,94,240,2019,2011,10.49475893,Senegal,West Africa,39.16666667,dhfr 108N
"Juma DW, Muiruri P, Yuhas K, John-Stewart G, Ottichilo R, Waitumbi J, Singa B, Polyak C, Kamau E.",734,23,36,2019,2012,NA,Kenya,East Africa,63.88888889,dhfr 108N
"Xu C, Sun H, Wei Q, Li J, Xiao T, Kong X, Wang Y, Zhao G, Wang L, Liu G, Yan G, Huang B, Yin K.",736,68,69,2019,2013,5.771196634,Angola,Southern Africa,98.55072464,dhfr 108N
"Xu C, Sun H, Wei Q, Li J, Xiao T, Kong X, Wang Y, Zhao G, Wang L, Liu G, Yan G, Huang B, Yin K.",736,6,6,2019,2013,10.74301153,Cameroon,Central Africa,100,dhfr 108N
"Xu C, Sun H, Wei Q, Li J, Xiao T, Kong X, Wang Y, Zhao G, Wang L, Liu G, Yan G, Huang B, Yin K.",736,12,12,2019,2013,19.13495511,Democratic Republic of the Congo,Central Africa,100,dhfr 108N
"Xu C, Sun H, Wei Q, Li J, Xiao T, Kong X, Wang Y, Zhao G, Wang L, Liu G, Yan G, Huang B, Yin K.",736,79,80,2019,2013,26.07810497,Equatorial Guinea,Central Africa,98.75,dhfr 108N
"Xu C, Sun H, Wei Q, Li J, Xiao T, Kong X, Wang Y, Zhao G, Wang L, Liu G, Yan G, Huang B, Yin K.",736,20,21,2019,2013,8.756301552,Ghana,West Africa,95.23809524,dhfr 108N
"Xu C, Sun H, Wei Q, Li J, Xiao T, Kong X, Wang Y, Zhao G, Wang L, Liu G, Yan G, Huang B, Yin K.",736,13,13,2019,2013,NA,Guinea,West Africa,100,dhfr 108N
"Xu C, Sun H, Wei Q, Li J, Xiao T, Kong X, Wang Y, Zhao G, Wang L, Liu G, Yan G, Huang B, Yin K.",736,17,17,2019,2013,6.333504617,Mozambique,Southern Africa,100,dhfr 108N
"Xu C, Sun H, Wei Q, Li J, Xiao T, Kong X, Wang Y, Zhao G, Wang L, Liu G, Yan G, Huang B, Yin K.",736,32,36,2019,2013,20.08593827,Nigeria,West Africa,88.88888889,dhfr 108N
"Tsumori Y, Ndounga M, Sunahara T, Hayashida N, Inoue M, Nakazawa S, Casimiro P, Isozumi R, Uemura H, Tanabe K, Kaneko O, Culleton R.",737,97,100,2011,2005,19.17204261,Congo,Central Africa,97,dhfr 108N
"Patricia Mula, Amalia Fern<e1>ndez-Mart<ed>nez, Aida de Lucio, Jose Manuel Ramos, Francisco Reyes, Vicenta Gonz<e1>lez, Agust<ed>n Benito,Pedro Berzosa",738,76,76,2011,2007,0,Ethiopia,East Africa,100,dhfr 108N
"Amor A, Toro C, Fernández-Martínez A, Baquero M, Benito A, Berzosa P.",740,137,139,2012,2002,85.23999453,Central African Republic,Central Africa,98.56115108,dhfr 108N
"Amor A, Toro C, Fernández-Martínez A, Baquero M, Benito A, Berzosa P.",740,60,61,2012,2008,60.8404696,Central African Republic,Central Africa,98.36065574,dhfr 108N
"Duah NO, Quashie NB, Abuaku BK, Sebeny PJ, Kronmann KC, Koram KA.",741,68,78,2012,2003,16.46893471,Ghana,West Africa,87.17948718,dhfr 108N
"Duah NO, Quashie NB, Abuaku BK, Sebeny PJ, Kronmann KC, Koram KA.",741,24,34,2012,2003,45.20286322,Ghana,West Africa,70.58823529,dhfr 108N
"Duah NO, Quashie NB, Abuaku BK, Sebeny PJ, Kronmann KC, Koram KA.",741,23,50,2012,2003,40.79174995,Ghana,West Africa,46,dhfr 108N
"Duah NO, Quashie NB, Abuaku BK, Sebeny PJ, Kronmann KC, Koram KA.",741,23,50,2012,2003,40.79174995,Ghana,West Africa,46,dhfr 108N
"Duah NO, Quashie NB, Abuaku BK, Sebeny PJ, Kronmann KC, Koram KA.",741,33,50,2012,2003,46.72391713,Ghana,West Africa,66,dhfr 108N
"Duah NO, Quashie NB, Abuaku BK, Sebeny PJ, Kronmann KC, Koram KA.",741,33,40,2012,2005,22.02610373,Ghana,West Africa,82.5,dhfr 108N
"Duah NO, Quashie NB, Abuaku BK, Sebeny PJ, Kronmann KC, Koram KA.",741,22,40,2012,2005,40.27384818,Ghana,West Africa,55,dhfr 108N
"Duah NO, Quashie NB, Abuaku BK, Sebeny PJ, Kronmann KC, Koram KA.",741,15,20,2012,2005,56.46920204,Ghana,West Africa,75,dhfr 108N
"Duah NO, Quashie NB, Abuaku BK, Sebeny PJ, Kronmann KC, Koram KA.",741,33,40,2012,2005,15.54579288,Ghana,West Africa,82.5,dhfr 108N
"Duah NO, Quashie NB, Abuaku BK, Sebeny PJ, Kronmann KC, Koram KA.",741,18,35,2012,2005,35.5358839,Ghana,West Africa,51.42857143,dhfr 108N
"Duah NO, Quashie NB, Abuaku BK, Sebeny PJ, Kronmann KC, Koram KA.",741,18,35,2012,2005,35.5358839,Ghana,West Africa,51.42857143,dhfr 108N
"Duah NO, Quashie NB, Abuaku BK, Sebeny PJ, Kronmann KC, Koram KA.",741,16,20,2012,2005,25.47551095,Ghana,West Africa,80,dhfr 108N
"Duah NO, Quashie NB, Abuaku BK, Sebeny PJ, Kronmann KC, Koram KA.",741,44,50,2012,2007,26.34103298,Ghana,West Africa,88,dhfr 108N
"Duah NO, Quashie NB, Abuaku BK, Sebeny PJ, Kronmann KC, Koram KA.",741,40,50,2012,2007,12.76755184,Ghana,West Africa,80,dhfr 108N
"Duah NO, Quashie NB, Abuaku BK, Sebeny PJ, Kronmann KC, Koram KA.",741,37,50,2012,2007,53.42710614,Ghana,West Africa,74,dhfr 108N
"Duah NO, Quashie NB, Abuaku BK, Sebeny PJ, Kronmann KC, Koram KA.",741,27,50,2012,2007,56.88583851,Ghana,West Africa,54,dhfr 108N
"Duah NO, Quashie NB, Abuaku BK, Sebeny PJ, Kronmann KC, Koram KA.",741,44,50,2012,2007,18.25570464,Ghana,West Africa,88,dhfr 108N
"Duah NO, Quashie NB, Abuaku BK, Sebeny PJ, Kronmann KC, Koram KA.",741,9,18,2012,2007,35.46856344,Ghana,West Africa,50,dhfr 108N
"Duah NO, Quashie NB, Abuaku BK, Sebeny PJ, Kronmann KC, Koram KA.",741,47,50,2012,2007,33.95087719,Ghana,West Africa,94,dhfr 108N
"Duah NO, Quashie NB, Abuaku BK, Sebeny PJ, Kronmann KC, Koram KA.",741,14,15,2012,2010,36.5219444,Ghana,West Africa,93.33333333,dhfr 108N
"Duah NO, Quashie NB, Abuaku BK, Sebeny PJ, Kronmann KC, Koram KA.",741,17,20,2012,2010,62.97404766,Ghana,West Africa,85,dhfr 108N
"Duah NO, Quashie NB, Abuaku BK, Sebeny PJ, Kronmann KC, Koram KA.",741,16,20,2012,2010,27.07900703,Ghana,West Africa,80,dhfr 108N
"Duah NO, Quashie NB, Abuaku BK, Sebeny PJ, Kronmann KC, Koram KA.",741,12,14,2012,2010,40.41906595,Ghana,West Africa,85.71428571,dhfr 108N
"Duah NO, Quashie NB, Abuaku BK, Sebeny PJ, Kronmann KC, Koram KA.",741,24,39,2012,2005,NA,Ghana,West Africa,61.53846154,dhfr 108N
"Duah NO, Quashie NB, Abuaku BK, Sebeny PJ, Kronmann KC, Koram KA.",741,31,42,2012,2007,NA,Ghana,West Africa,73.80952381,dhfr 108N
"Duah NO, Quashie NB, Abuaku BK, Sebeny PJ, Kronmann KC, Koram KA.",741,13,20,2012,2010,NA,Ghana,West Africa,65,dhfr 108N
"Fortes F, Dimbu R, Figueiredo P, Neto Z, do Rosário VE, Lopes D.",742,32,32,2011,2007,17.72818416,Angola,Southern Africa,100,dhfr 108N
"Fortes F, Dimbu R, Figueiredo P, Neto Z, do Rosário VE, Lopes D.",742,6,6,2011,2007,NA,Angola,Southern Africa,100,dhfr 108N
"Fortes F, Dimbu R, Figueiredo P, Neto Z, do Rosário VE, Lopes D.",742,44,44,2011,2007,NA,Angola,Southern Africa,100,dhfr 108N
"Fortes F, Dimbu R, Figueiredo P, Neto Z, do Rosário VE, Lopes D.",742,127,128,2011,2007,NA,Angola,Southern Africa,99.21875,dhfr 108N
"Fortes F, Dimbu R, Figueiredo P, Neto Z, do Rosário VE, Lopes D.",742,68,68,2011,2007,NA,Angola,Southern Africa,100,dhfr 108N
"Iriemenam NC, Shah M, Gatei W, van Eijk AM, Ayisi J, Kariuki S, Vanden Eng J, Owino SO, Lal AA, Omosun YO, Otieno K, Desai M, ter Kuile FO, Nahlen B, Moore J, Hamel MJ, Ouma P, Slutsker L, Shi YP.",743,176,180,2012,1996,NA,Kenya,East Africa,97.77777778,dhfr 108N
"Iriemenam NC, Shah M, Gatei W, van Eijk AM, Ayisi J, Kariuki S, Vanden Eng J, Owino SO, Lal AA, Omosun YO, Otieno K, Desai M, ter Kuile FO, Nahlen B, Moore J, Hamel MJ, Ouma P, Slutsker L, Shi YP.",743,176,176,2012,2002,NA,Kenya,East Africa,100,dhfr 108N
"Iriemenam NC, Shah M, Gatei W, van Eijk AM, Ayisi J, Kariuki S, Vanden Eng J, Owino SO, Lal AA, Omosun YO, Otieno K, Desai M, ter Kuile FO, Nahlen B, Moore J, Hamel MJ, Ouma P, Slutsker L, Shi YP.",743,133,133,2012,2008,NA,Kenya,East Africa,100,dhfr 108N
"McCollum AM, Schneider KA, Griffing SM, Zhou Z, Kariuki S, Ter-Kuile F, Shi YP, Slutsker L, Lal AA, Udhayakumar V, Escalante AA.",744,0,145,2012,1992,NA,Kenya,East Africa,0,dhfr 108N
"McCollum AM, Schneider KA, Griffing SM, Zhou Z, Kariuki S, Ter-Kuile F, Shi YP, Slutsker L, Lal AA, Udhayakumar V, Escalante AA.",744,3,205,2012,1992,NA,Kenya,East Africa,1.463414634,dhfr 108N
"Mombo-Ngoma G, Oyakhirome S, Ord R, Gabor JJ, Greutélaers KC, Profanter K, Greutélaers B, Kurth F, Lell B, Kun JF, Issifou S, Roper C, Kremsner PG, Grobusch MP.",745,26,29,2011,2005,4.942434281,Gabon,Central Africa,89.65517241,dhfr 108N
"Gama BE, Pereira-Carvalho GA, Lutucuta Kosi FJ, Almeida de Oliveira NK, Fortes F, Rosenthal PJ, do Rosário VE, Daniel-Ribeiro CT, de Fátima Ferreira-da-Cruz M.",747,61,61,2011,2007,6.536883861,Angola,Southern Africa,100,dhfr 108N
Bansal D,754,102,108,2019,2013,NA,Qatar,Asia,94.44444444,dhfr 108N
"Dieng CC, Gonzalez L, Pestana K, Dhikrullahi SB, Amoah LE, Afrane YA, Lo E.",759,45,47,2019,2017,6.66295886,Ghana,West Africa,95.74468085,dhfr 108N
"Dieng CC, Gonzalez L, Pestana K, Dhikrullahi SB, Amoah LE, Afrane YA, Lo E.",759,52,52,2019,2017,6.66295886,Ghana,West Africa,100,dhfr 108N
"Dieng CC, Gonzalez L, Pestana K, Dhikrullahi SB, Amoah LE, Afrane YA, Lo E.",759,45,47,2019,2017,6.66295886,Ghana,West Africa,95.74468085,dhfr 108N
"Dieng CC, Gonzalez L, Pestana K, Dhikrullahi SB, Amoah LE, Afrane YA, Lo E.",759,52,52,2019,2017,6.66295886,Ghana,West Africa,100,dhfr 108N
"Dieng CC, Gonzalez L, Pestana K, Dhikrullahi SB, Amoah LE, Afrane YA, Lo E.",759,35,35,2019,2017,15.23041129,Ghana,West Africa,100,dhfr 108N
"Dieng CC, Gonzalez L, Pestana K, Dhikrullahi SB, Amoah LE, Afrane YA, Lo E.",759,23,23,2019,2017,12.0314382,Ghana,West Africa,100,dhfr 108N
"Dieng CC, Gonzalez L, Pestana K, Dhikrullahi SB, Amoah LE, Afrane YA, Lo E.",759,49,52,2019,2017,8.930120617,Ghana,West Africa,94.23076923,dhfr 108N
"Bakhiet AMA, Abdelraheem MH, Kheir A, Omer S, Gismelseed L, Abdel-Muhsin AA, Naiem A, Al Hosni A, Al Dhuhli A, Al Rubkhi M, Al-Hamidhi S, Gadalla A, Mukhtar M, Sultan AA, Babiker HA.",761,69,73,2019,2009,8.850586414,South Sudan,East Africa,94.52054795,dhfr 108N
"Bakhiet AMA, Abdelraheem MH, Kheir A, Omer S, Gismelseed L, Abdel-Muhsin AA, Naiem A, Al Hosni A, Al Dhuhli A, Al Rubkhi M, Al-Hamidhi S, Gadalla A, Mukhtar M, Sultan AA, Babiker HA.",761,68,74,2019,2009,2.577727474,Sudan,East Africa,91.89189189,dhfr 108N
"Bakhiet AMA, Abdelraheem MH, Kheir A, Omer S, Gismelseed L, Abdel-Muhsin AA, Naiem A, Al Hosni A, Al Dhuhli A, Al Rubkhi M, Al-Hamidhi S, Gadalla A, Mukhtar M, Sultan AA, Babiker HA.",761,72,75,2019,2009,1.074588951,Sudan,East Africa,96,dhfr 108N
"Bakhiet AMA, Abdelraheem MH, Kheir A, Omer S, Gismelseed L, Abdel-Muhsin AA, Naiem A, Al Hosni A, Al Dhuhli A, Al Rubkhi M, Al-Hamidhi S, Gadalla A, Mukhtar M, Sultan AA, Babiker HA.",761,73,74,2019,2009,6.11859411,Sudan,East Africa,98.64864865,dhfr 108N
"Bakhiet AMA, Abdelraheem MH, Kheir A, Omer S, Gismelseed L, Abdel-Muhsin AA, Naiem A, Al Hosni A, Al Dhuhli A, Al Rubkhi M, Al-Hamidhi S, Gadalla A, Mukhtar M, Sultan AA, Babiker HA.",761,53,57,2019,2016,0.957139395,Sudan,East Africa,92.98245614,dhfr 108N
"Zhao Y, Liu Z, Soe MT, Wang L, Soe TN, Wei H, Than A, Aung PL, Li Y, Zhang X, Hu Y, Wei H, Zhang Y, Burgess J, Siddiqui FA, Menezes L, Wang Q, Kyaw MP, Cao Y, Cui L.",762,12,12,2019,2015,1.891183294,Myanmar,SEA,100,dhfr 108N
"Zhao Y, Liu Z, Soe MT, Wang L, Soe TN, Wei H, Than A, Aung PL, Li Y, Zhang X, Hu Y, Wei H, Zhang Y, Burgess J, Siddiqui FA, Menezes L, Wang Q, Kyaw MP, Cao Y, Cui L.",762,25,26,2019,2017,0.016804249,Myanmar,SEA,96.15384615,dhfr 108N
"Zhao Y, Liu Z, Soe MT, Wang L, Soe TN, Wei H, Than A, Aung PL, Li Y, Zhang X, Hu Y, Wei H, Zhang Y, Burgess J, Siddiqui FA, Menezes L, Wang Q, Kyaw MP, Cao Y, Cui L.",762,37,42,2019,2017,0.095459202,Myanmar,SEA,88.0952381,dhfr 108N
"Smith-Aguasca R, Gupta H, Uberegui E, Maquina M, Saute F, Paaijmans KP, Mayor A, Huijben S.",765,95,95,2019,2016,4.247186705,Mozambique,Southern Africa,100,dhfr 108N
"Ruimin Zhou, Chengyun Yang, Suhua Li, Yuling Zhao, Ying Liu,a Dan Qian, Hao Wang, Deling Lu, Hongwei Zhang, Fang Huangb",772,12,12,2019,2012,0,China,Asia,100,dhfr 108N
"Ruimin Zhou, Chengyun Yang, Suhua Li, Yuling Zhao, Ying Liu,a Dan Qian, Hao Wang, Deling Lu, Hongwei Zhang, Fang Huangb",772,38,38,2019,2013,0,China,Asia,100,dhfr 108N
"Ruimin Zhou, Chengyun Yang, Suhua Li, Yuling Zhao, Ying Liu,a Dan Qian, Hao Wang, Deling Lu, Hongwei Zhang, Fang Huangb",772,23,23,2019,2014,0,China,Asia,100,dhfr 108N
"Ruimin Zhou, Chengyun Yang, Suhua Li, Yuling Zhao, Ying Liu,a Dan Qian, Hao Wang, Deling Lu, Hongwei Zhang, Fang Huangb",772,18,28,2019,2015,0,China,Asia,64.28571429,dhfr 108N
"Ruimin Zhou, Chengyun Yang, Suhua Li, Yuling Zhao, Ying Liu,a Dan Qian, Hao Wang, Deling Lu, Hongwei Zhang, Fang Huangb",772,38,39,2019,2016,0,China,Asia,97.43589744,dhfr 108N
"Ruimin Zhou, Chengyun Yang, Suhua Li, Yuling Zhao, Ying Liu,a Dan Qian, Hao Wang, Deling Lu, Hongwei Zhang, Fang Huangb",772,17,18,2019,2017,0,China,Asia,94.44444444,dhfr 108N
"Mensah BA, Aydemir O, Myers-Hansen JL, Opoku M, Hathaway NJ, Marsh PW, Anto F, Bailey J, Abuaku B, Ghansah A.",780,88,88,2020,2014,28.79479825,Ghana,West Africa,100,dhfr 108N
"Mensah BA, Aydemir O, Myers-Hansen JL, Opoku M, Hathaway NJ, Marsh PW, Anto F, Bailey J, Abuaku B, Ghansah A.",780,90,90,2020,2014,27.05202103,Ghana,West Africa,100,dhfr 108N
"Mensah BA, Aydemir O, Myers-Hansen JL, Opoku M, Hathaway NJ, Marsh PW, Anto F, Bailey J, Abuaku B, Ghansah A.",780,82,87,2020,2015,24.11481589,Ghana,West Africa,94.25287356,dhfr 108N
"Mensah BA, Aydemir O, Myers-Hansen JL, Opoku M, Hathaway NJ, Marsh PW, Anto F, Bailey J, Abuaku B, Ghansah A.",780,107,109,2020,2015,22.42917567,Ghana,West Africa,98.16513761,dhfr 108N
"Mensah BA, Aydemir O, Myers-Hansen JL, Opoku M, Hathaway NJ, Marsh PW, Anto F, Bailey J, Abuaku B, Ghansah A.",780,76,79,2020,2016,19.38316971,Ghana,West Africa,96.20253165,dhfr 108N
"Mensah BA, Aydemir O, Myers-Hansen JL, Opoku M, Hathaway NJ, Marsh PW, Anto F, Bailey J, Abuaku B, Ghansah A.",780,84,84,2020,2016,17.07802415,Ghana,West Africa,100,dhfr 108N
"Mensah BA, Aydemir O, Myers-Hansen JL, Opoku M, Hathaway NJ, Marsh PW, Anto F, Bailey J, Abuaku B, Ghansah A.",780,61,61,2020,2017,15.79733342,Ghana,West Africa,100,dhfr 108N
"Mensah BA, Aydemir O, Myers-Hansen JL, Opoku M, Hathaway NJ, Marsh PW, Anto F, Bailey J, Abuaku B, Ghansah A.",780,65,68,2020,2017,13.09164464,Ghana,West Africa,95.58823529,dhfr 108N
"Zhao L, Pi L, Qin Y, Lu Y, Zeng W, Xiang Z, Qin P, Chen X, Li C, Zhang Y, Wang S, Si Y, Yang G, Rosenthal BM, Huang Y, Yang Z.",781,22,24,2020,2016,15.30762166,Cameroon,Central Africa,91.66666667,dhfr 108N
"Zhao L, Pi L, Qin Y, Lu Y, Zeng W, Xiang Z, Qin P, Chen X, Li C, Zhang Y, Wang S, Si Y, Yang G, Rosenthal BM, Huang Y, Yang Z.",781,4,4,2020,2016,33.54780078,Central African Republic,Central Africa,100,dhfr 108N
"Zhao L, Pi L, Qin Y, Lu Y, Zeng W, Xiang Z, Qin P, Chen X, Li C, Zhang Y, Wang S, Si Y, Yang G, Rosenthal BM, Huang Y, Yang Z.",781,9,10,2020,2016,11.71760112,Congo,Central Africa,90,dhfr 108N
"Zhao L, Pi L, Qin Y, Lu Y, Zeng W, Xiang Z, Qin P, Chen X, Li C, Zhang Y, Wang S, Si Y, Yang G, Rosenthal BM, Huang Y, Yang Z.",781,5,5,2020,2016,16.22187197,Democratic Republic of the Congo,Central Africa,100,dhfr 108N
"Zhao L, Pi L, Qin Y, Lu Y, Zeng W, Xiang Z, Qin P, Chen X, Li C, Zhang Y, Wang S, Si Y, Yang G, Rosenthal BM, Huang Y, Yang Z.",781,121,154,2020,2016,6.242749467,Ghana,West Africa,78.57142857,dhfr 108N
"Zhao L, Pi L, Qin Y, Lu Y, Zeng W, Xiang Z, Qin P, Chen X, Li C, Zhang Y, Wang S, Si Y, Yang G, Rosenthal BM, Huang Y, Yang Z.",781,7,7,2020,2016,22.06098735,Liberia,West Africa,100,dhfr 108N
"Zhao L, Pi L, Qin Y, Lu Y, Zeng W, Xiang Z, Qin P, Chen X, Li C, Zhang Y, Wang S, Si Y, Yang G, Rosenthal BM, Huang Y, Yang Z.",781,0,1,2020,2016,3.969840333,Mali,West Africa,0,dhfr 108N
"Zhao L, Pi L, Qin Y, Lu Y, Zeng W, Xiang Z, Qin P, Chen X, Li C, Zhang Y, Wang S, Si Y, Yang G, Rosenthal BM, Huang Y, Yang Z.",781,3,3,2020,2016,10.20139828,Sierra Leone,West Africa,100,dhfr 108N
"Mohamed AO, Hussien M, Mohamed A, Suliman A, Elkando NS, Abdelbagi H, Malik EM, Abdelraheem MH, Hamid MMA.",782,116,119,2020,2015,1.844608039,Sudan,East Africa,97.4789916,dhfr 108N
"Rogier E, Herman C, Huber CS, Hamre KES, Pierre B, Mace KE, Pr?<a9>sum?<a9> J, Mond?<a9>lus G, Romilus I, Elism?<a9> T, Eisele TP, Druetz T, Existe A, Boncy J, Lemoine JF, Udhayakumar V, Chang MA.",783,14,19,2020,2017,0.030015953,Haiti,Caribbean,73.68421053,dhfr 108N
"Rogier E, Herman C, Huber CS, Hamre KES, Pierre B, Mace KE, Pr?<a9>sum?<a9> J, Mond?<a9>lus G, Romilus I, Elism?<a9> T, Eisele TP, Druetz T, Existe A, Boncy J, Lemoine JF, Udhayakumar V, Chang MA.",783,1,9,2020,2016,0.054836256,Haiti,Caribbean,11.11111111,dhfr 108N
"Rogier E, Herman C, Huber CS, Hamre KES, Pierre B, Mace KE, Pr?<a9>sum?<a9> J, Mond?<a9>lus G, Romilus I, Elism?<a9> T, Eisele TP, Druetz T, Existe A, Boncy J, Lemoine JF, Udhayakumar V, Chang MA.",783,0,2,2020,2016,0.041804172,Haiti,Caribbean,0,dhfr 108N
"Rogier E, Herman C, Huber CS, Hamre KES, Pierre B, Mace KE, Pr?<a9>sum?<a9> J, Mond?<a9>lus G, Romilus I, Elism?<a9> T, Eisele TP, Druetz T, Existe A, Boncy J, Lemoine JF, Udhayakumar V, Chang MA.",783,1,16,2020,2016,0.057401822,Haiti,Caribbean,6.25,dhfr 108N
"Rogier E, Herman C, Huber CS, Hamre KES, Pierre B, Mace KE, Pr?<a9>sum?<a9> J, Mond?<a9>lus G, Romilus I, Elism?<a9> T, Eisele TP, Druetz T, Existe A, Boncy J, Lemoine JF, Udhayakumar V, Chang MA.",783,132,135,2020,2016,0.049029489,Haiti,Caribbean,97.77777778,dhfr 108N
"Rogier E, Herman C, Huber CS, Hamre KES, Pierre B, Mace KE, Pr?<a9>sum?<a9> J, Mond?<a9>lus G, Romilus I, Elism?<a9> T, Eisele TP, Druetz T, Existe A, Boncy J, Lemoine JF, Udhayakumar V, Chang MA.",783,13,16,2020,2016,0.017407119,Haiti,Caribbean,81.25,dhfr 108N
"Rogier E, Herman C, Huber CS, Hamre KES, Pierre B, Mace KE, Pr?<a9>sum?<a9> J, Mond?<a9>lus G, Romilus I, Elism?<a9> T, Eisele TP, Druetz T, Existe A, Boncy J, Lemoine JF, Udhayakumar V, Chang MA.",783,1,6,2020,2016,0.320365815,Haiti,Caribbean,16.66666667,dhfr 108N
"Rogier E, Herman C, Huber CS, Hamre KES, Pierre B, Mace KE, Pr?<a9>sum?<a9> J, Mond?<a9>lus G, Romilus I, Elism?<a9> T, Eisele TP, Druetz T, Existe A, Boncy J, Lemoine JF, Udhayakumar V, Chang MA.",783,53,150,2020,2016,0.051944092,Haiti,Caribbean,35.33333333,dhfr 108N
"Rogier E, Herman C, Huber CS, Hamre KES, Pierre B, Mace KE, Pr?<a9>sum?<a9> J, Mond?<a9>lus G, Romilus I, Elism?<a9> T, Eisele TP, Druetz T, Existe A, Boncy J, Lemoine JF, Udhayakumar V, Chang MA.",783,15,47,2020,2016,1.41491387,Haiti,Caribbean,31.91489362,dhfr 108N
"Rogier E, Herman C, Huber CS, Hamre KES, Pierre B, Mace KE, Pr?<a9>sum?<a9> J, Mond?<a9>lus G, Romilus I, Elism?<a9> T, Eisele TP, Druetz T, Existe A, Boncy J, Lemoine JF, Udhayakumar V, Chang MA.",783,27,152,2020,2016,0.760647794,Haiti,Caribbean,17.76315789,dhfr 108N
32380999,784,43,43,2020,2018,3.212216124,Venezuela,South America,100,dhfr 108N
"Kunasol C, Dondorp AM, Batty EM, Nakhonsri V, Sinjanakhom P, Day NPJ, Imwong M.",800,8,8,2022,2017,0,Thailand,SEA,100,dhfr 108N
"Berzosa P, Molina de la Fuente I, Ta-Tang TH, Gonz<e1>lez V, Garc<ed>a L, Rodr<ed>guez-Galet A, D<ed>az-Rega<f1><f3>n R, Gal<e1>n R, Cerrada-G<e1>lvez L, Ncogo P, Riloha M, Benito A.",806,83,102,2021,2001,26.5288353,Equatorial Guinea,Central Africa,81.37254902,dhfr 108N
"Berzosa P, Molina de la Fuente I, Ta-Tang TH, Gonz<e1>lez V, Garc<ed>a L, Rodr<ed>guez-Galet A, D<ed>az-Rega<f1><f3>n R, Gal<e1>n R, Cerrada-G<e1>lvez L, Ncogo P, Riloha M, Benito A.",806,257,262,2021,2004,16.36670828,Equatorial Guinea,Central Africa,98.09160305,dhfr 108N
"Berzosa P, Molina de la Fuente I, Ta-Tang TH, Gonz<e1>lez V, Garc<ed>a L, Rodr<ed>guez-Galet A, D<ed>az-Rega<f1><f3>n R, Gal<e1>n R, Cerrada-G<e1>lvez L, Ncogo P, Riloha M, Benito A.",806,158,158,2021,2006,14.52785283,Equatorial Guinea,Central Africa,100,dhfr 108N
"Berzosa P, Molina de la Fuente I, Ta-Tang TH, Gonz<e1>lez V, Garc<ed>a L, Rodr<ed>guez-Galet A, D<ed>az-Rega<f1><f3>n R, Gal<e1>n R, Cerrada-G<e1>lvez L, Ncogo P, Riloha M, Benito A.",806,163,163,2021,2011,12.53275424,Equatorial Guinea,Central Africa,100,dhfr 108N
"Berzosa P, Molina de la Fuente I, Ta-Tang TH, Gonz<e1>lez V, Garc<ed>a L, Rodr<ed>guez-Galet A, D<ed>az-Rega<f1><f3>n R, Gal<e1>n R, Cerrada-G<e1>lvez L, Ncogo P, Riloha M, Benito A.",806,168,170,2021,2013,16.67919159,Equatorial Guinea,Central Africa,98.82352941,dhfr 108N
"Berzosa P, Molina de la Fuente I, Ta-Tang TH, Gonz<e1>lez V, Garc<ed>a L, Rodr<ed>guez-Galet A, D<ed>az-Rega<f1><f3>n R, Gal<e1>n R, Cerrada-G<e1>lvez L, Ncogo P, Riloha M, Benito A.",806,168,169,2021,2016,23.04629683,Equatorial Guinea,Central Africa,99.40828402,dhfr 108N
"Berzosa P, Molina de la Fuente I, Ta-Tang TH, Gonz<e1>lez V, Garc<ed>a L, Rodr<ed>guez-Galet A, D<ed>az-Rega<f1><f3>n R, Gal<e1>n R, Cerrada-G<e1>lvez L, Ncogo P, Riloha M, Benito A.",806,139,139,2021,2019,20.46331912,Equatorial Guinea,Central Africa,100,dhfr 108N
"Berzosa P, Molina de la Fuente I, Ta-Tang TH, Gonz<e1>lez V, Garc<ed>a L, Rodr<ed>guez-Galet A, D<ed>az-Rega<f1><f3>n R, Gal<e1>n R, Cerrada-G<e1>lvez L, Ncogo P, Riloha M, Benito A.",806,56,60,2021,1999,NA,Equatorial Guinea,Central Africa,93.33333333,dhfr 108N
"Bareng APN, Grignard L, Reyes R, Fornace K, Spencer F, Macalinao ML, Luchavez J, Espino FE, Drakeley C, Hafalla JCR.",808,66,123,2022,2016,1.492378209,Philippines,SEA,53.65853659,dhfr 108N
"Yan H, Feng J, Yin JH, Huang F, Kong XL, Lin KM, Zhang T, Feng XY, Zhou SS, Cao JP, Xia ZG.",811,3,3,2021,2017,0,Ethiopia,East Africa,100,dhfr 108N
"Yan H, Feng J, Yin JH, Huang F, Kong XL, Lin KM, Zhang T, Feng XY, Zhou SS, Cao JP, Xia ZG.",811,1,1,2021,2017,0,Kenya,East Africa,100,dhfr 108N
"Yan H, Feng J, Yin JH, Huang F, Kong XL, Lin KM, Zhang T, Feng XY, Zhou SS, Cao JP, Xia ZG.",811,1,1,2021,2017,NA,Libya,North Africa,100,dhfr 108N
"Yan H, Feng J, Yin JH, Huang F, Kong XL, Lin KM, Zhang T, Feng XY, Zhou SS, Cao JP, Xia ZG.",811,2,2,2021,2017,3.773084283,Madagascar,East Africa,100,dhfr 108N
"Yan H, Feng J, Yin JH, Huang F, Kong XL, Lin KM, Zhang T, Feng XY, Zhou SS, Cao JP, Xia ZG.",811,1,1,2021,2017,19.48182583,South Sudan,East Africa,100,dhfr 108N
"Yan H, Feng J, Yin JH, Huang F, Kong XL, Lin KM, Zhang T, Feng XY, Zhou SS, Cao JP, Xia ZG.",811,4,4,2021,2017,2.438837662,Zambia,Southern Africa,100,dhfr 108N
"Jakob Wedam, Costanza Tacoli, Prabhanjan P. Gai, Konrad Siegert, Suyamindra Kulkarni, Rashmi Rasalkar, Animesh Jain, Chakrapani Mahabala, Shantaram Baliga, Damodara Shenoy, Pramod Gai, Rajeshwari Devi, Frank P. Mockenhaupt",812,76,107,2017,2014,0.04316837,India,Asia,71.02803738,dhfr 108N
"Sabyasachi Das, Amrita Kar, Subhankar Manna, Samaresh Mandal, Sayantani Mandal, Subhasis Das, Bhaskar Saha & Amiya Kumar Hati",813,159,180,2021,2015,0.396562181,India,Asia,88.33333333,dhfr 108N
"Aarti Ozarkar, Abhishek Kanyal, Swati Dass, Prakash Deshpande, Deepti Deobagkar, Krishanpal Karmodiya",814,42,63,2021,2012,NA,India,Asia,66.66666667,dhfr 108N
"Sharma J, Dutta P, Khan SA, Soni M, Dey D, Mahanta J.",820,23,25,2018,2012,0.055196619,India,Asia,92,dhfr 108N
"Sharma J, Dutta P, Khan SA, Soni M, Dey D, Mahanta J.",820,8,8,2018,2012,0.010060592,India,Asia,100,dhfr 108N
"Sharma J, Dutta P, Khan SA, Soni M, Dey D, Mahanta J.",820,10,11,2018,2012,NA,India,Asia,90.90909091,dhfr 108N
"Sharma J, Dutta P, Khan SA, Soni M, Dey D, Mahanta J.",820,6,7,2018,2012,NA,India,Asia,85.71428571,dhfr 108N
"Sharma J, Dutta P, Khan SA, Soni M, Dey D, Mahanta J.",820,9,9,2018,2012,NA,India,Asia,100,dhfr 108N
"Sharma J, Dutta P, Khan SA, Soni M, Dey D, Mahanta J.",820,10,11,2018,2012,NA,India,Asia,90.90909091,dhfr 108N
"Sharma J, Dutta P, Khan SA, Soni M, Dey D, Mahanta J.",820,8,9,2018,2012,NA,India,Asia,88.88888889,dhfr 108N
"Sharma J, Dutta P, Khan SA, Soni M, Dey D, Mahanta J.",820,12,13,2018,2012,NA,India,Asia,92.30769231,dhfr 108N
"Sharma J, Dutta P, Khan SA, Soni M, Dey D, Mahanta J.",820,6,7,2018,2012,NA,India,Asia,85.71428571,dhfr 108N
"Divya Sharma , Manila Lather , Cherry L Dykes , Amita S Dang , Tridibes Adak , Om P Singh",821,35,55,2016,2012,NA,India,Asia,63.63636364,dhfr 108N
"Jitendra Sharma , Prafulla Dutta, Siraj Ahmed Khan",822,19,22,2016,2012,0.044078549,India,Asia,86.36363636,dhfr 108N
"Jitendra Sharma , Prafulla Dutta, Siraj Ahmed Khan",822,8,8,2016,2012,0.506333588,India,Asia,100,dhfr 108N
"Jitendra Sharma , Prafulla Dutta, Siraj Ahmed Khan",822,12,12,2016,2012,0.279806368,India,Asia,100,dhfr 108N
"Jitendra Sharma , Prafulla Dutta, Siraj Ahmed Khan",822,2,5,2016,2014,0.246563926,India,Asia,40,dhfr 108N
"Jitendra Sharma , Prafulla Dutta, Siraj Ahmed Khan",822,9,11,2016,2012,NA,India,Asia,81.81818182,dhfr 108N
"Ashish Pathak , Andreas M<e5>rtensson , Sudhir Gawariker , Ashish Sharma , Vishal Diwan , Manju Purohit , Johan Ursing",823,100,104,2020,2015,0.001171498,India,Asia,96.15384615,dhfr 108N
"Sweta Mishra, Praveen K. Bharti, Man M. Shukla, Nazia A. Ali, Sher S. Kashyotia, Avdhesh Kumar, Akshay C. Dhariwal and Neeru Singh",824,85,85,2017,2012,NA,India,Asia,100,dhfr 108N
"Sweta Mishra, Praveen K. Bharti, Man M. Shukla, Nazia A. Ali, Sher S. Kashyotia, Avdhesh Kumar, Akshay C. Dhariwal and Neeru Singh",824,50,67,2017,2013,NA,India,Asia,74.62686567,dhfr 108N
"Sweta Mishra, Praveen K. Bharti, Man M. Shukla, Nazia A. Ali, Sher S. Kashyotia, Avdhesh Kumar, Akshay C. Dhariwal and Neeru Singh",824,5,80,2017,2014,NA,India,Asia,6.25,dhfr 108N
"Mary Dias, George D<92>Souza, Aquinas Edassery, Mehul Dhorda",825,11,100,2022,2018,NA,India,Asia,11,dhfr 108N
"Mary Dias, George D<92>Souza, Aquinas Edassery, Mehul Dhorda",825,9,77,2022,2018,NA,India,Asia,11.68831169,dhfr 108N
"Mary Dias, George D<92>Souza, Aquinas Edassery, Mehul Dhorda",825,27,174,2022,2019,NA,India,Asia,15.51724138,dhfr 108N
"Mary Dias, George D<92>Souza, Aquinas Edassery, Mehul Dhorda",825,5,37,2022,2019,NA,India,Asia,13.51351351,dhfr 108N
Kyosiimire-Lugemwa J,11926004,12,12,2002,1999,NA,Uganda,East Africa,100,dhfr 108N
"Md Tauqeer Alam, Dziedzom K. de Souza, Sumiti Vinayak, Sean M. Griffing, Amanda C. Poe, Nancy O. Duah, Anita Ghansah, Kwame Asamoa, Laurence Slutsker, Michael D. Wilson, John W. Barnwell, Venkatachalam Udhayakumar, and Kwadwo A. Koram",21288822,19,37,2011,2007,53.42710614,Ghana,West Africa,51.35135135,dhfr 108N
"Md Tauqeer Alam, Dziedzom K. de Souza, Sumiti Vinayak, Sean M. Griffing, Amanda C. Poe, Nancy O. Duah, Anita Ghansah, Kwame Asamoa, Laurence Slutsker, Michael D. Wilson, John W. Barnwell, Venkatachalam Udhayakumar, and Kwadwo A. Koram",21288822,40,45,2011,2007,18.25570464,Ghana,West Africa,88.88888889,dhfr 108N
"Md Tauqeer Alam, Dziedzom K. de Souza, Sumiti Vinayak, Sean M. Griffing, Amanda C. Poe, Nancy O. Duah, Anita Ghansah, Kwame Asamoa, Laurence Slutsker, Michael D. Wilson, John W. Barnwell, Venkatachalam Udhayakumar, and Kwadwo A. Koram",21288822,29,42,2011,2007,34.52163041,Ghana,West Africa,69.04761905,dhfr 108N
"Md Tauqeer Alam, Dziedzom K. de Souza, Sumiti Vinayak, Sean M. Griffing, Amanda C. Poe, Nancy O. Duah, Anita Ghansah, Kwame Asamoa, Laurence Slutsker, Michael D. Wilson, John W. Barnwell, Venkatachalam Udhayakumar, and Kwadwo A. Koram",21288822,29,42,2011,2007,34.52163041,Ghana,West Africa,69.04761905,dhfr 108N
"Md Tauqeer Alam, Dziedzom K. de Souza, Sumiti Vinayak, Sean M. Griffing, Amanda C. Poe, Nancy O. Duah, Anita Ghansah, Kwame Asamoa, Laurence Slutsker, Michael D. Wilson, John W. Barnwell, Venkatachalam Udhayakumar, and Kwadwo A. Koram",21288822,41,43,2011,2007,33.95087719,Ghana,West Africa,95.34883721,dhfr 108N
"Gwladys Bertin,Val<e9>rie Briand, Diana Bonaventure, Ambre Carrieu, Achille Massougbodji, Michel Cot, and Philippe Deloron",21767415,54,59,2011,2005,NA,Benin,West Africa,91.52542373,dhfr 108N
"Monica Shah, Simon Kariuki, Jodi Vanden Eng, Anna J. Blackstock, Kimberly Garner, Wangeci Gatei, John E. Gimnig, Kim Lindblade, Dianne Terlouw, Feiko ter Kuile, William A. Hawley, Penelope Phillips-Howard, Bernard Nahlen, Edward Walker, Mary J. Hamel, Laurence Slutsker, Ya Ping Shi",22096496,242,242,2011,2001,65.26237726,Kenya,East Africa,100,dhfr 108N
Jovel IT,22183028,0,30,2011,2004,0,Honduras,Central America,0,dhfr 108N
"Yumiko Saito-Nakano, Kazuyuki Tanabe, Toshihiro Mita",22208458,1,1,2011,1997,NA,Burkina Faso,West Africa,100,dhfr 108N
"Yumiko Saito-Nakano, Kazuyuki Tanabe, Toshihiro Mita",22208458,3,3,2011,1994,NA,Congo,Central Africa,100,dhfr 108N
"Yumiko Saito-Nakano, Kazuyuki Tanabe, Toshihiro Mita",22208458,1,4,2011,1988,NA,Ghana,West Africa,25,dhfr 108N
"Yumiko Saito-Nakano, Kazuyuki Tanabe, Toshihiro Mita",22208458,3,7,2011,1996,NA,Ghana,West Africa,42.85714286,dhfr 108N
"Yumiko Saito-Nakano, Kazuyuki Tanabe, Toshihiro Mita",22208458,1,2,2011,1984,NA,Guinea-Bissau,West Africa,50,dhfr 108N
"Yumiko Saito-Nakano, Kazuyuki Tanabe, Toshihiro Mita",22208458,1,1,2011,1997,NA,Madagascar,East Africa,100,dhfr 108N
"Yumiko Saito-Nakano, Kazuyuki Tanabe, Toshihiro Mita",22208458,1,1,2011,1997,NA,Mauritania,West Africa,100,dhfr 108N
"Yumiko Saito-Nakano, Kazuyuki Tanabe, Toshihiro Mita",22208458,2,4,2011,1995,NA,Nigeria,West Africa,50,dhfr 108N
"Yumiko Saito-Nakano, Kazuyuki Tanabe, Toshihiro Mita",22208458,1,2,2011,1995,NA,Tanzania,East Africa,50,dhfr 108N
"Yumiko Saito-Nakano, Kazuyuki Tanabe, Toshihiro Mita",22208458,1,2,2011,1993,NA,Zambia,Southern Africa,50,dhfr 108N
"Erasmus Kamugisha, Sun Jing, Mercy Minde, Johaness Kataraihya, Gilbert Kongola, Fred Kironde,G<f6>te Swedberg",22369089,92,97,2012,2010,11.75213009,Tanzania,East Africa,94.84536082,dhfr 108N
"Nathalie Wurtz, B<e9>caye Fall, Aur<e9>lie Pascual, Silmane Diawara, Kowry Sow, Eric Baret, Bakary Diatta, Khadidiatou B Fall, Pape S Mbaye, Fatou Fall, Yaya Di<e9>m<e9>, Christophe Rogier, Raymond Bercion, S<e9>bastien Briolant, Boubacar Wade, Bruno Pradines",22694921,139,170,2012,2009,4.408326,Senegal,West Africa,81.76470588,dhfr 108N
Huang F,22839209,58,93,2012,2009,0,China,Asia,62.3655914,dhfr 108N
"Fang Huang, Linhua Tang, Henglin Yang, Shuisen Zhou, Xiaodong Sun, Hui Liu",22898135,36,58,2012,2009,3.373168781,Myanmar,SEA,62.06896552,dhfr 108N
Das Sutar SK,23357175,107,201,2013,2008,0.015528615,India,Asia,53.23383085,dhfr 108N
Ganguly S,23426929,24,24,2013,2012,0.092291867,India,Asia,100,dhfr 108N
Fall B,23510258,127,155,2013,2010,4.069893435,Senegal,West Africa,81.93548387,dhfr 108N
Gadalla NB,23870667,59,59,2013,2012,2.577727474,Sudan,East Africa,100,dhfr 108N
Khattak AA,23988011,171,171,2013,2011,0.252182991,Pakistan,Asia,100,dhfr 108N
van Schalkwyk DA,24028570,0,1,2013,2012,19.19344068,Burkina Faso,West Africa,0,dhfr 108N
van Schalkwyk DA,24028570,1,1,2013,2012,13.47832382,Ghana,West Africa,100,dhfr 108N
van Schalkwyk DA,24028570,0,1,2013,2012,0,Kenya,East Africa,0,dhfr 108N
van Schalkwyk DA,24028570,1,1,2013,2012,8.959149569,Nigeria,West Africa,100,dhfr 108N
van Schalkwyk DA,24028570,1,1,2013,2012,21.84628993,South Sudan,East Africa,100,dhfr 108N
Som<e9> F,24733476,144,261,2014,2009,60.30772924,Burkina Faso,West Africa,55.17241379,dhfr 108N
Mbogo GW,24799371,80,80,2014,2003,99.98051524,Uganda,East Africa,100,dhfr 108N
Mbogo GW,24799371,20,34,2014,2007,49.11201894,Uganda,East Africa,58.82352941,dhfr 108N
Mbogo GW,24799371,14,34,2014,2007,49.11201894,Uganda,East Africa,41.17647059,dhfr 108N
Mbogo GW,24799371,99,128,2014,2008,50.55534244,Uganda,East Africa,77.34375,dhfr 108N
Mbogo GW,24799371,83,93,2014,2009,56.04692698,Uganda,East Africa,89.24731183,dhfr 108N
Mbogo GW,24799371,92,111,2014,2010,58.27106833,Uganda,East Africa,82.88288288,dhfr 108N
Mbogo GW,24799371,101,111,2014,2011,60.74368954,Uganda,East Africa,90.99099099,dhfr 108N
Mbogo GW,24799371,77,79,2014,2012,61.95163131,Uganda,East Africa,97.46835443,dhfr 108N
"Shah M, Omosun Y, Lal A, Odero C, Gatei W, Otieno K, Gimnig JE, ter Kuile F, Hawley WA, Nahlen B, Kariuki S, Walker E, Slutsker L, Hamel M, Shi YP",25889220,25,25,2015,2007,33.97777677,Kenya,East Africa,100,dhfr 108N
"Shah M, Omosun Y, Lal A, Odero C, Gatei W, Otieno K, Gimnig JE, ter Kuile F, Hawley WA, Nahlen B, Kariuki S, Walker E, Slutsker L, Hamel M, Shi YP",25889220,32,32,2015,2007,27.86350548,Kenya,East Africa,100,dhfr 108N
"Shah M, Omosun Y, Lal A, Odero C, Gatei W, Otieno K, Gimnig JE, ter Kuile F, Hawley WA, Nahlen B, Kariuki S, Walker E, Slutsker L, Hamel M, Shi YP",25889220,17,17,2015,2007,23.67905676,Kenya,East Africa,100,dhfr 108N
Foumane Ngane V,25889865,56,58,2015,2010,5.603127554,Angola,Southern Africa,96.55172414,dhfr 108N
"S<e1>enz FE, Morton LC, Okoth SA, Valenzuela G, Vera-Arias CA, V<e9>lez-<c1>lvarez E, Lucchi NW, Castro LE, Udhayakumar V",26651993,1,32,2014,2012,0.002847084,Ecuador,South America,3.125,dhfr 108N
"Agomo CO, Oyibo WA, Sutherland C, Hallet R, Oguike M",26808627,11,15,2016,2011,4.239053279,Nigeria,West Africa,73.33333333,dhfr 108N
"Kar NP, Chauhan K, Nanda N, Kumar A, Carlton JM, Das A",26988711,9,13,2016,2011,0.426660711,India,Asia,69.23076923,dhfr 108N
"Kar NP, Chauhan K, Nanda N, Kumar A, Carlton JM, Das A",26988711,9,16,2016,2011,0.246437429,India,Asia,56.25,dhfr 108N
