author,study.Id,k,n,pyear,year,PR,country,Region,Prev_DR,marker type
"Obaldia et al., 2015",595,0,15,2015,2003,0,Panama,Central America,0,pfmdr1 86Y
"Obaldia et al., 2015",595,0,17,2015,2003,1.75E-05,Panama,Central America,0,pfmdr1 86Y
"Obaldia et al., 2015",595,0,5,2015,2003,1.49E-05,Panama,Central America,0,pfmdr1 86Y
"Hemming-Schroeder et al., 2018",614,7,18,2018,2003,58.67223144,Kenya,East Africa,38.88888889,pfmdr1 86Y
"Hemming-Schroeder et al., 2018",614,13,28,2018,2003,60.80369353,Kenya,East Africa,46.42857143,pfmdr1 86Y
"Hemming-Schroeder et al., 2018",614,15,73,2018,2005,29.84546125,Kenya,East Africa,20.54794521,pfmdr1 86Y
"Hemming-Schroeder et al., 2018",614,45,108,2018,2005,19.98243779,Kenya,East Africa,41.66666667,pfmdr1 86Y
"Moyeh et al., 2018",631,189,226,2018,2003,59.85939503,Cameroon,Central Africa,83.62831858,pfmdr1 86Y
"Amor et al., 2012",740,72,139,2012,2002,85.23999453,Central African Republic,Central Africa,51.79856115,pfmdr1 86Y
"Raman et al., 2019",779,8,14,2019,2001,0,South Africa,Southern Africa,57.14285714,pfmdr1 86Y
"Berzosa et al., 2021",806,98,102,2021,2001,26.5288353,Equatorial Guinea,Central Africa,96.07843137,pfmdr1 86Y
"Berzosa et al., 2021",806,220,262,2021,2004,16.36670828,Equatorial Guinea,Central Africa,83.96946565,pfmdr1 86Y
"Thomas et al., 2002",12201579,11,35,2002,2000,15.76590985,Senegal,West Africa,31.42857143,pfmdr1 86Y
"Lim et al., 2003",12499174,0,10,2003,2001,2.112537436,Cambodia,SEA,0,pfmdr1 86Y
"Lim et al., 2003",12499174,0,9,2003,2001,10.56927666,Cambodia,SEA,0,pfmdr1 86Y
"Lim et al., 2003",12499174,0,16,2003,2001,3.134845197,Cambodia,SEA,0,pfmdr1 86Y
"Ngo et al., 2003",12685644,4,19,2003,2000,0.146097236,Viet nam,SEA,21.05263158,pfmdr1 86Y
"Berens et al., 2003",12950663,9,65,2003,2001,3.64683792,Lao People's Democratic Republic,SEA,13.84615385,pfmdr1 86Y
"Ochong et al., 2003",13677373,16,84,2003,2001,36.87547147,South Sudan,East Africa,19.04761905,pfmdr1 86Y
"Chen et al., 2003",14576108,1,6,2003,2000,8.368252218,Papua New Guinea,Oceania,16.66666667,pfmdr1 86Y
"Chen et al., 2003",14576108,4,4,2003,2000,0.912648067,Solomon Islands,Oceania,100,pfmdr1 86Y
"Anderson et al., 2003",14641841,28,95,2003,2002,18.10365766,Sudan,East Africa,29.47368421,pfmdr1 86Y
"Syafruddin et al., 2003",14740877,103,111,2003,2000,2.73E-05,Indonesia,SEA,92.79279279,pfmdr1 86Y
"Vathsala et al., 2004",15031513,3,12,2004,2000,6.28E-04,India,Asia,25,pfmdr1 86Y
"Vathsala et al., 2004",15031513,8,24,2004,2000,0.02307273,India,Asia,33.33333333,pfmdr1 86Y
"Abdel-Muhsin et al., 2004",15031793,32,38,2004,2000,3.66076529,Sudan,East Africa,84.21052632,pfmdr1 86Y
"Abdel-Muhsin et al., 2004",15031793,36,48,2004,2001,3.829562664,Sudan,East Africa,75,pfmdr1 86Y
"van den Broek et al., 2004",15189458,121,173,2004,2002,4.203068092,Bangladesh,Asia,69.94219653,pfmdr1 86Y
"Huaman et al., 2004",15238686,17,48,2004,2002,0.133251713,Indonesia,SEA,35.41666667,pfmdr1 86Y
"Hallett et al., 2004",15388456,45,91,2004,2000,NA,Gambia,West Africa,49.45054945,pfmdr1 86Y
"Randrianarivelojosia et al., 2004",15638145,30,30,2004,2001,14.64851201,Comoros,East Africa,100,pfmdr1 86Y
"Sisowath et al., 2005",15717281,140,189,2005,2002,20.06322891,Tanzania,East Africa,74.07407407,pfmdr1 86Y
"Syafruddin et al., 2005",15741554,28,28,2005,2002,3.21E-07,Indonesia,SEA,100,pfmdr1 86Y
"Syafruddin et al., 2005",15741554,44,44,2005,2002,0,Indonesia,SEA,100,pfmdr1 86Y
"Syafruddin et al., 2005",15741554,28,28,2005,2002,1.76E-04,Indonesia,SEA,100,pfmdr1 86Y
"Syafruddin et al., 2005",15741554,19,19,2005,2002,0.025908952,Indonesia,SEA,100,pfmdr1 86Y
"Wang et al., 2005",15827277,0,54,2005,2001,0,China,Asia,0,pfmdr1 86Y
"Nelson et al., 2005",15891133,4,49,2005,2001,0.156504998,Thailand,SEA,8.163265306,pfmdr1 86Y
"Sarr et al., 2005",15986248,11,36,2005,2001,2.682760358,Senegal,West Africa,30.55555556,pfmdr1 86Y
"Congpuong et al., 2005",16045457,2,100,2005,2001,0.009915283,Thailand,SEA,2,pfmdr1 86Y
"Congpuong et al., 2005",16045457,3,118,2005,2001,0.110583345,Thailand,SEA,2.542372881,pfmdr1 86Y
"Khim et al., 2005",16048916,0,28,2005,2001,2.729522623,Cambodia,SEA,0,pfmdr1 86Y
"Ehrhardt et al., 2003",16117966,132,276,2003,2000,48.66935909,Ghana,West Africa,47.82608696,pfmdr1 86Y
"Martensson et al., 2005",16163624,335,443,2005,2002,20.06322891,Tanzania,East Africa,75.62076749,pfmdr1 86Y
"Tagelsir et al., 2006",16171768,67,78,2006,2001,0.961902365,Sudan,East Africa,85.8974359,pfmdr1 86Y
"Tagelsir et al., 2006",16171768,58,81,2006,2001,8.362725377,Sudan,East Africa,71.60493827,pfmdr1 86Y
"Meerman et al., 2005",16206082,84,185,2005,2002,NA,Gambia,West Africa,45.40540541,pfmdr1 86Y
"Uhlemann et al., 2005",16235185,30,34,2005,2002,23.83683324,Gabon,Central Africa,88.23529412,pfmdr1 86Y
"Holmgren et al., 2006",16271310,58,91,2006,2003,67.11243987,Kenya,East Africa,63.73626374,pfmdr1 86Y
"Giha et al., 2006",16336938,71,99,2006,2000,8.362725377,Sudan,East Africa,71.71717172,pfmdr1 86Y
"Menard et al., 2006",16474071,24,224,2006,2004,79.07419205,Central African Republic,Central Africa,10.71428571,pfmdr1 86Y
"Ursing et al., 2006",16490179,63,88,2006,2001,0,Iran,Asia,71.59090909,pfmdr1 86Y
"Mittra et al., 2006",16586369,21,36,2006,2000,0.77053234,India,Asia,58.33333333,pfmdr1 86Y
"Mittra et al., 2006",16586369,17,45,2006,2000,0.011917534,India,Asia,37.77777778,pfmdr1 86Y
"Mittra et al., 2006",16586369,0,32,2006,2000,0.358698983,India,Asia,0,pfmdr1 86Y
"Mittra et al., 2006",16586369,1,20,2006,2000,0.054232363,India,Asia,5,pfmdr1 86Y
"Mittra et al., 2006",16586369,7,61,2006,2000,0.032671218,India,Asia,11.47540984,pfmdr1 86Y
"Mittra et al., 2006",16586369,21,40,2006,2000,NA,India,Asia,52.5,pfmdr1 86Y
"Mita et al., 2006",16620743,96,113,2006,2002,0.002960802,Papua New Guinea,Oceania,84.95575221,pfmdr1 86Y
"Dokomajilar et al., 2006",16641472,125,201,2006,2003,99.98051524,Uganda,East Africa,62.18905473,pfmdr1 86Y
"Osman et al., 2007",16690361,42,50,2007,2002,3.236500546,Sudan,East Africa,84,pfmdr1 86Y
"Schunk et al., 2006",16817953,45,69,2006,2004,15.08584619,Ethiopia,East Africa,65.2173913,pfmdr1 86Y
"Happi et al., 2006a",16837724,28,101,2006,2005,31.02718592,Nigeria,West Africa,27.72277228,pfmdr1 86Y
"Dokomajilar et al., 2006",16837725,48,110,2006,2003,68.61259937,Burkina Faso,West Africa,43.63636364,pfmdr1 86Y
"Happi et al., 2006b",16874478,39,111,2006,2002,31.67595267,Nigeria,West Africa,35.13513514,pfmdr1 86Y
"Mayengue et al., 2007",17096149,2,60,2007,2002,23.83683324,Gabon,Central Africa,3.333333333,pfmdr1 86Y
"Nair et al., 2007",17124182,13,326,2007,2000,0.001238412,Thailand,SEA,3.987730061,pfmdr1 86Y
"Duah et al., 2007",17158810,78,130,2007,2004,16.46893471,Ghana,West Africa,60,pfmdr1 86Y
"Duah et al., 2007",17158810,56,105,2007,2004,45.20286322,Ghana,West Africa,53.33333333,pfmdr1 86Y
"Duah et al., 2007",17158810,20,67,2007,2004,57.86017179,Ghana,West Africa,29.85074627,pfmdr1 86Y
"Duah et al., 2007",17158810,24,62,2007,2004,40.79174995,Ghana,West Africa,38.70967742,pfmdr1 86Y
"Duah et al., 2007",17158810,24,62,2007,2004,40.79174995,Ghana,West Africa,38.70967742,pfmdr1 86Y
"Duah et al., 2007",17158810,26,42,2007,2004,46.72391713,Ghana,West Africa,61.9047619,pfmdr1 86Y
"Humphreys et al., 2007",17194834,158,190,2007,2002,53.23069096,Tanzania,East Africa,83.15789474,pfmdr1 86Y
"Schonfeld et al., 2007",17224049,38,85,2007,2004,3.248759359,Tanzania,East Africa,44.70588235,pfmdr1 86Y
"Zongo et al., 2007",17292769,7,50,2007,2005,49.97650683,Burkina Faso,West Africa,14,pfmdr1 86Y
"Ferreira et al., 2007",17313506,15,70,2007,2004,60.00000238,Sao Tome and Principe,Central Africa,21.42857143,pfmdr1 86Y
"Ratcliff et al., 2007",17336652,7,50,2007,2005,49.97650683,Burkina Faso,West Africa,14,pfmdr1 86Y
"Alker et al., 2007",17426163,0,75,2007,2004,12.28166223,Cambodia,SEA,0,pfmdr1 86Y
"Ojurongbe et al., 2007",17428334,34,116,2007,2004,32.71143138,Nigeria,West Africa,29.31034483,pfmdr1 86Y
"Ursing  et al., 2007",17467343,15,74,2007,2004,8.010789007,Guinea-Bissau,West Africa,20.27027027,pfmdr1 86Y
"Ursing et al., 2007b",17467343,4,21,2007,2005,5.418371409,Guinea-Bissau,West Africa,19.04761905,pfmdr1 86Y
"Holmgren et al., 2007",17467344,168,224,2007,2002,20.06322891,Tanzania,East Africa,75,pfmdr1 86Y
"Holmgren et al., 2007",17467344,149,193,2007,2005,4.941981286,Tanzania,East Africa,77.20207254,pfmdr1 86Y
"Ursing et al., 2007",17488902,227,477,2007,2001,3.750468418,Guinea-Bissau,West Africa,47.58909853,pfmdr1 86Y
"Diallo et al., 2007",17538894,445,999,2007,2002,78.29916477,Burkina Faso,West Africa,44.54454454,pfmdr1 86Y
"Rason et al., 2007",17556614,14,26,2007,2004,22.24367708,Madagascar,East Africa,53.84615385,pfmdr1 86Y
"Rason et al., 2007",17556614,48,64,2007,2004,6.291463226,Madagascar,East Africa,75,pfmdr1 86Y
"Rason et al., 2007",17556614,17,27,2007,2004,16.89422429,Madagascar,East Africa,62.96296296,pfmdr1 86Y
"Nkhoma et al., 2007",17556619,1,56,2007,2003,18.25326681,Malawi,Southern Africa,1.785714286,pfmdr1 86Y
"Nsobya et al., 2007",17562798,182,201,2007,2004,88.42926621,Uganda,East Africa,90.54726368,pfmdr1 86Y
"A-Elbasit et al., 2007",17693716,34,47,2007,2000,8.362725377,Sudan,East Africa,72.34042553,pfmdr1 86Y
"Montoya et al., 2007",17713631,0,68,2007,2002,0.032797406,Colombia,South America,0,pfmdr1 86Y
"Montoya et al., 2007",17713631,0,89,2007,2002,7.41135478,Colombia,South America,0,pfmdr1 86Y
"Montoya et al., 2007",17713631,4,73,2007,2002,0.736581255,Colombia,South America,5.479452055,pfmdr1 86Y
"Syafruddin et al., 2007",17760967,22,77,2007,2005,9.67E-09,Indonesia,SEA,28.57142857,pfmdr1 86Y
"Zakeri et al., 2007",17999755,63,152,2007,2003,0,Iran,Asia,41.44736842,pfmdr1 86Y
"Zakeri et al., 2007",17999755,15,54,2007,2003,0,Iran,Asia,27.77777778,pfmdr1 86Y
"Ord et al., 2007",18008244,45,90,2007,2000,NA,Gambia,West Africa,50,pfmdr1 86Y
"Ord et al., 2007",18008244,55,89,2007,2001,NA,Gambia,West Africa,61.79775281,pfmdr1 86Y
"Ord et al., 2007",18008244,42,83,2007,2002,NA,Gambia,West Africa,50.60240964,pfmdr1 86Y
"Bell et al., 2008",18270569,25,244,2008,2003,12.96924502,Malawi,Southern Africa,10.24590164,pfmdr1 86Y
"Ferreira et al., 2008",18304266,0,56,2008,2005,0.029545519,Brazil,South America,0,pfmdr1 86Y
"Tinto et al., 2008",18304270,58,195,2008,2005,19.57249343,Burkina Faso,West Africa,29.74358974,pfmdr1 86Y
"Djimde et al., 2008",18337343,98,170,2008,2002,41.66281521,Mali,West Africa,57.64705882,pfmdr1 86Y
"Zakeri et al., 2008",18385361,64,175,2008,2002,0,Iran,Asia,36.57142857,pfmdr1 86Y
"Mehlotra et al., 2008",18411325,23,32,2008,2001,0.872694422,India,Asia,71.875,pfmdr1 86Y
"Marfurt et al., 2008",18423045,150,174,2008,2003,5.794831365,Papua New Guinea,Oceania,86.20689655,pfmdr1 86Y
"Restrepo-Pineda et al., 2008",18426617,0,77,2008,2004,0.481407112,Colombia,South America,0,pfmdr1 86Y
"Zhong et al., 2008",18671871,69,200,2008,2005,29.84546125,Kenya,East Africa,34.5,pfmdr1 86Y
"Zhong et al., 2008",18671871,67,200,2008,2005,19.98243779,Kenya,East Africa,33.5,pfmdr1 86Y
"Zhong et al., 2008",18671871,33,200,2008,2005,7.87660405,Kenya,East Africa,16.5,pfmdr1 86Y
"Jalousian et al., 2008",18926753,6,26,2008,2004,0,Iran,Asia,23.07692308,pfmdr1 86Y
"Rungsihirunrat et al., 2009",18950599,22,110,2009,2002,0,Thailand,SEA,20,pfmdr1 86Y
"Figueiredo et al., 2008",19014684,122,199,2008,2005,6.970688701,Angola,Southern Africa,61.30653266,pfmdr1 86Y
"Lim et al., 2009",19138391,0,138,2009,2002,4.888862371,Cambodia,SEA,0,pfmdr1 86Y
"Sisowath et al., 2009",19210165,45,102,2009,2004,48.22321534,Tanzania,East Africa,44.11764706,pfmdr1 86Y
"Tekete et al., 2009",19245687,67,136,2009,2002,44.52325702,Mali,West Africa,49.26470588,pfmdr1 86Y
"Tekete et al., 2009",19245687,60,169,2009,2003,42.1618253,Mali,West Africa,35.50295858,pfmdr1 86Y
"de Almeida et al., 2009",19358729,13,34,2009,2003,6.818513572,Timor-Leste,SEA,38.23529412,pfmdr1 86Y
"de Almeida et al., 2009",19358729,37,66,2009,2004,3.758504987,Timor-Leste,SEA,56.06060606,pfmdr1 86Y
"Valecha et al., 2009",19426658,12,35,2009,2003,0.025886492,India,Asia,34.28571429,pfmdr1 86Y
"Valecha et al., 2009",19426658,15,32,2009,2003,0.027322542,India,Asia,46.875,pfmdr1 86Y
"Valecha et al., 2009",19426658,4,31,2009,2003,0.1994672,India,Asia,12.90322581,pfmdr1 86Y
"Valecha et al., 2009",19426658,0,30,2009,2003,0.102046726,India,Asia,0,pfmdr1 86Y
"Mwai et al., 2009",19450282,13,20,2009,2000,36.86255515,Kenya,East Africa,65,pfmdr1 86Y
"Mwai et al., 2009",19450282,21,23,2009,2001,37.20653653,Kenya,East Africa,91.30434783,pfmdr1 86Y
"Mwai et al., 2009",19450282,15,28,2009,2002,26.7991215,Kenya,East Africa,53.57142857,pfmdr1 86Y
"Mwai et al., 2009",19450282,1,1,2009,2003,19.79499459,Kenya,East Africa,100,pfmdr1 86Y
"Hatabu et al., 2009",19567229,5,15,2009,2001,0.085143477,Philippines,SEA,33.33333333,pfmdr1 86Y
"Hatabu et al., 2009",19567229,3,8,2009,2003,0.252741389,Philippines,SEA,37.5,pfmdr1 86Y
"Menegon et al., 2009",19708897,24,66,2009,2004,26.23843849,Angola,Southern Africa,36.36363636,pfmdr1 86Y
"Ursing et al., 2009",19718439,150,319,2009,2003,7.111933082,Guinea-Bissau,West Africa,47.02194357,pfmdr1 86Y
"Ursing et al., 2009",19718439,66,157,2009,2004,3.750468418,Guinea-Bissau,West Africa,42.03821656,pfmdr1 86Y
"Ursing et al., 2009",19718439,62,168,2009,2005,2.451827936,Guinea-Bissau,West Africa,36.9047619,pfmdr1 86Y
"Mwai et al., 2009",19770282,47,72,2009,2005,3.407026455,Kenya,East Africa,65.27777778,pfmdr1 86Y
"Isozumi et al., 2010",19889891,0,67,2010,2001,0.067012053,Viet nam,SEA,0,pfmdr1 86Y
"Isozumi et al., 2010",19889891,0,67,2010,2001,0.12224688,Viet nam,SEA,0,pfmdr1 86Y
"Isozumi et al., 2010",19889891,0,91,2010,2002,0.038830633,Viet nam,SEA,0,pfmdr1 86Y
"Isozumi et al., 2010",19889891,0,91,2010,2002,0.074199791,Viet nam,SEA,0,pfmdr1 86Y
"Isozumi et al., 2010",19889891,0,33,2010,2005,0.011483422,Viet nam,SEA,0,pfmdr1 86Y
"Isozumi et al., 2010",19889891,0,33,2010,2005,0.02289735,Viet nam,SEA,0,pfmdr1 86Y
"Folarin et al., 2008",19953193,27,81,2008,2005,31.02718592,Nigeria,West Africa,33.33333333,pfmdr1 86Y
"Mixson-Hayden et al., 2010",20038626,14,88,2010,2004,0.066045474,India,Asia,15.90909091,pfmdr1 86Y
"Marfurt et al., 2010",20053293,105,106,2010,2003,1.488783304,Papua New Guinea,Oceania,99.05660377,pfmdr1 86Y
"Marfurt et al., 2010",20053293,93,93,2010,2003,5.781498551,Papua New Guinea,Oceania,100,pfmdr1 86Y
"Marfurt et al., 2010",20053293,76,119,2010,2004,0.016770171,Papua New Guinea,Oceania,63.86554622,pfmdr1 86Y
"Marfurt et al., 2010",20053293,86,95,2010,2004,1.453348808,Papua New Guinea,Oceania,90.52631579,pfmdr1 86Y
"Marfurt et al., 2010",20053293,70,70,2010,2004,5.794831365,Papua New Guinea,Oceania,100,pfmdr1 86Y
"Marfurt et al., 2010",20053293,128,128,2010,2005,5.07276915,Papua New Guinea,Oceania,100,pfmdr1 86Y
"Danquah et al., 2010",20060374,18,111,2010,2005,45.81505656,Burkina Faso,West Africa,16.21621622,pfmdr1 86Y
"Mbacham et al., 2010",20105282,53,240,2010,2004,25.75212121,Cameroon,Central Africa,22.08333333,pfmdr1 86Y
"Mbacham et al., 2010",20105282,198,260,2010,2004,17.614232,Cameroon,Central Africa,76.15384615,pfmdr1 86Y
"Mbacham et al., 2010",20105282,192,260,2010,2004,53.9470613,Cameroon,Central Africa,73.84615385,pfmdr1 86Y
"Oster et al., 2010",20148338,15,47,2010,2001,71.3435173,Burkina Faso,West Africa,31.91489362,pfmdr1 86Y
"Yusuf et al., 2010",20212335,143,160,2010,2003,5.553714186,Sudan,East Africa,89.375,pfmdr1 86Y
"Mungthin et al., 2010",20449753,1,21,2010,2003,0.692310324,Thailand,SEA,4.761904762,pfmdr1 86Y
"Mungthin et al., 2010",20449753,1,21,2010,2003,0.692310324,Thailand,SEA,4.761904762,pfmdr1 86Y
"Beshir et al., 2010",20547800,8,50,2010,2002,0.380104221,Afghanistan,Asia,16,pfmdr1 86Y
"Ballif et al., 2010",20925934,62,62,2010,2004,38.04214001,Solomon Islands,Oceania,100,pfmdr1 86Y
"Mungthin et al., 2010",21036827,1,27,2010,2003,0.002417796,Thailand,SEA,3.703703704,pfmdr1 86Y
"Mungthin et al., 2010",21036827,5,27,2010,2003,0.408039242,Thailand,SEA,18.51851852,pfmdr1 86Y
"Mungthin et al., 2010",21036827,5,27,2010,2003,0.408039242,Thailand,SEA,18.51851852,pfmdr1 86Y
"Mungthin et al., 2010",21036827,5,26,2010,2003,0,Thailand,SEA,19.23076923,pfmdr1 86Y
"Mungthin et al., 2010",21036827,1,16,2010,2003,0.046663647,Thailand,SEA,6.25,pfmdr1 86Y
"Wong et al., 2011",21078925,219,241,2011,2005,0.091278914,Papua New Guinea,Oceania,90.87136929,pfmdr1 86Y
"Baliraine et al., 2011",21078941,143,167,2011,2004,11.49723753,Uganda,East Africa,85.62874251,pfmdr1 86Y
"Spalding et al., 2010",21106088,184,243,2010,2003,24.52103794,Kenya,East Africa,75.72016461,pfmdr1 86Y
"Spalding et al., 2010",21106088,184,243,2010,2003,24.52103794,Kenya,East Africa,75.72016461,pfmdr1 86Y
"Gama et al., 2010",21143867,0,33,2010,2002,2.401729487,Brazil,South America,0,pfmdr1 86Y
"Gama et al., 2010",21143867,0,19,2010,2004,1.12E-04,Brazil,South America,0,pfmdr1 86Y
"Lekana-Douki et al., 2011",21251998,72,96,2011,2004,11.76455766,Gabon,Central Africa,75,pfmdr1 86Y
"Ghanchi et al., 2011",21272384,4,10,2011,2005,0,Pakistan,Asia,40,pfmdr1 86Y
"Ghanchi et al., 2011",21272384,84,178,2011,2005,0.010714144,Pakistan,Asia,47.19101124,pfmdr1 86Y
"Ghanchi et al., 2011",21272384,20,52,2011,2005,0.319442991,Pakistan,Asia,38.46153846,pfmdr1 86Y
"Howard et al., 2011",21699697,33,151,2011,2002,0.242339121,Afghanistan,Asia,21.85430464,pfmdr1 86Y
"Baliraine et al., 2011",21881128,146,194,2011,2004,11.49723753,Uganda,East Africa,75.25773196,pfmdr1 86Y
"Thomsen et al., 2011",22144430,104,148,2011,2003,33.9848876,Tanzania,East Africa,70.27027027,pfmdr1 86Y
"Thomsen et al., 2011",22144430,205,293,2011,2004,29.02153134,Tanzania,East Africa,69.96587031,pfmdr1 86Y
"Jovel et al., 2011",22183028,0,30,2011,2004,0,Honduras,Central America,0,pfmdr1 86Y
"Legrand et al., 2012",22232280,0,700,2012,2000,0,French Guiana,South America,0,pfmdr1 86Y
"Mallick et al., 2012",22236376,19,25,2012,2002,10.82318127,India,Asia,76,pfmdr1 86Y
"Mallick et al., 2012",22236376,0,14,2012,2002,0.011259517,India,Asia,0,pfmdr1 86Y
"Mallick et al., 2012",22236376,0,17,2012,2002,0.031736563,India,Asia,0,pfmdr1 86Y
"Mallick et al., 2012",22236376,26,54,2012,2003,0.016045464,India,Asia,48.14814815,pfmdr1 86Y
"Mallick et al., 2012",22236376,21,26,2012,2003,0.093083328,India,Asia,80.76923077,pfmdr1 86Y
"Mallick et al., 2012",22236376,4,16,2012,2003,NA,India,Asia,25,pfmdr1 86Y
"Mallick et al., 2012",22236376,1,25,2012,2004,1.21E-04,India,Asia,4,pfmdr1 86Y
"Mallick et al., 2012",22236376,0,26,2012,2004,0.358698983,India,Asia,0,pfmdr1 86Y
"Mallick et al., 2012",22236376,1,33,2012,2005,0.645562867,India,Asia,3.03030303,pfmdr1 86Y
"Gbotosho et al., 2012",22302850,0,18,2012,2004,0,Brazil,South America,0,pfmdr1 86Y
"Gbotosho et al., 2012",22302850,32,70,2012,2004,31.67595267,Nigeria,West Africa,45.71428571,pfmdr1 86Y
"Menard et al., 2012",22498364,153,201,2012,2005,11.62314937,Cameroon,Central Africa,76.11940299,pfmdr1 86Y
"Menard et al., 2012",22498364,175,209,2012,2005,33.36416483,Cameroon,Central Africa,83.73205742,pfmdr1 86Y
"Ly et al., 2012",22706959,11,34,2012,2000,15.76590985,Senegal,West Africa,32.35294118,pfmdr1 86Y
"Ly et al., 2012",22706959,13,53,2012,2001,2.682760358,Senegal,West Africa,24.52830189,pfmdr1 86Y
"Ly et al., 2012",22706959,30,79,2012,2002,2.683936246,Senegal,West Africa,37.97468354,pfmdr1 86Y
"Ly et al., 2012",22706959,29,70,2012,2003,4.162557796,Senegal,West Africa,41.42857143,pfmdr1 86Y
"Ly et al., 2012",22706959,21,79,2012,2004,3.065378591,Senegal,West Africa,26.58227848,pfmdr1 86Y
"Ly et al., 2012",22706959,19,98,2012,2005,2.786985412,Senegal,West Africa,19.3877551,pfmdr1 86Y
"Mendes et al., 2013",23537170,118,181,2013,2005,46.15858793,Equatorial Guinea,Central Africa,65.19337017,pfmdr1 86Y
"Mendes et al., 2013",23537170,63,113,2013,2005,48.547858,Equatorial Guinea,Central Africa,55.75221239,pfmdr1 86Y
"Adhin et al., 2013",23836573,0,40,2013,2005,13.60301822,Suriname,South America,0,pfmdr1 86Y
"Duah et al., 2013",24172030,194,324,2013,2003,20.62405944,Ghana,West Africa,59.87654321,pfmdr1 86Y
"Duah et al., 2013",24172030,114,272,2013,2005,25.47551095,Ghana,West Africa,41.91176471,pfmdr1 86Y
"Jovel et al., 2014",24657918,24,50,2014,2001,3.750468418,Guinea-Bissau,West Africa,48,pfmdr1 86Y
"Jovel et al., 2014",24657918,0,30,2014,2004,0,Honduras,Central America,0,pfmdr1 86Y
"Jovel et al., 2014",24657918,37,50,2014,2001,0.001162453,Iran,Asia,74,pfmdr1 86Y
"Jovel et al., 2014",24657918,0,49,2014,2002,0,Thailand,SEA,0,pfmdr1 86Y
"Jovel et al., 2014",24657918,32,32,2014,2002,0.646145456,Vanuatu,Oceania,100,pfmdr1 86Y
"Mbogo et al., 2014",24799371,36,192,2014,2003,99.98051524,Uganda,East Africa,18.75,pfmdr1 86Y
"Lobo et al., 2014",25098280,26,133,2014,2003,12.00512126,Mozambique,Southern Africa,19.54887218,pfmdr1 86Y
"Inoue et al., 2014",25239550,8,32,2014,2000,0,Brazil,South America,25,pfmdr1 86Y
"Baraka et al., 2015",25403659,49,272,2015,2005,19.57249343,Burkina Faso,West Africa,18.01470588,pfmdr1 86Y
"Jovel et al., 2015",25421474,149,317,2015,2003,10.64883247,Guinea-Bissau,West Africa,47.00315457,pfmdr1 86Y
"Jovel et al., 2015",25421474,66,155,2015,2004,5.677677691,Guinea-Bissau,West Africa,42.58064516,pfmdr1 86Y
"Jovel et al., 2015",25421474,61,170,2015,2005,3.757215291,Guinea-Bissau,West Africa,35.88235294,pfmdr1 86Y
"Morris et al., 2015",25917493,77,119,2015,2005,4.941981286,Tanzania,East Africa,64.70588235,pfmdr1 86Y
